<?xml version="1.0" encoding="UTF-8"?><alto xmlns:xsi="http://www.w3.org/2001/XMLSchema-instance" xmlns="http://www.loc.gov/standards/alto/ns-v2#" xmlns:page="http://schema.primaresearch.org/PAGE/gts/pagecontent/2013-07-15" xsi:schemaLocation="http://schema.primaresearch.org/PAGE/gts/pagecontent/2013-07-15 http://schema.primaresearch.org/PAGE/gts/pagecontent/2013-07-15/pagecontent.xsd http://www.loc.gov/standards/alto/ns-v2# http://www.loc.gov/standards/alto/alto-v2.0.xsd"><Description><MeasurementUnit>pixel</MeasurementUnit></Description><Layout><Page ID="Page1" PHYSICAL_IMG_NR="1" HEIGHT="2606" WIDTH="1679"><TopMargin HEIGHT="0" WIDTH="1679" VPOS="0" HPOS="0"/><LeftMargin HEIGHT="2606" WIDTH="0" VPOS="0" HPOS="0"/><RightMargin HEIGHT="2606" WIDTH="0" VPOS="0" HPOS="1679"/><BottomMargin HEIGHT="0" WIDTH="1679" VPOS="2606" HPOS="0"/><PrintSpace HEIGHT="2606" WIDTH="1679" VPOS="0" HPOS="0"><TextBlock ID="r1" HEIGHT="2323" WIDTH="1370" VPOS="146" HPOS="102"><Shape><Polygon POINTS="102,146 102,2469 1472,2469 1472,146"/></Shape><TextLine ID="r1l1" BASELINE="184" HEIGHT="55" WIDTH="477" VPOS="129" HPOS="581"><String ID="string_r1l1" HEIGHT="55" WIDTH="477" VPOS="129" HPOS="581" CONTENT="היהודים תחת ממשלת מחמד ב׳"/></TextLine><TextLine ID="r1l2" BASELINE="186" HEIGHT="49" WIDTH="77" VPOS="137" HPOS="126"><String ID="string_r1l2" HEIGHT="49" WIDTH="77" VPOS="137" HPOS="126" CONTENT="37"/></TextLine><TextLine ID="r1l4" BASELINE="299" HEIGHT="55" WIDTH="1341" VPOS="244" HPOS="136"><String ID="string_r1l4" HEIGHT="55" WIDTH="1341" VPOS="244" HPOS="136" CONTENT="יעקב הרופא מרוסיה ושלמה מכפא, אך דעות הבאים האלה לא התאימו עם בני כתתם"/></TextLine><TextLine ID="r1l5" BASELINE="354" HEIGHT="61" WIDTH="1329" VPOS="293" HPOS="140"><String ID="string_r1l5" HEIGHT="61" WIDTH="1329" VPOS="293" HPOS="140" CONTENT="מקדם על ענינים רבים, ובפרט על הדלקת הנר מערב שבת להאיר הבית בליל השבת"/></TextLine><TextLine ID="r1l6" BASELINE="408" HEIGHT="60" WIDTH="1331" VPOS="348" HPOS="136"><String ID="string_r1l6" HEIGHT="60" WIDTH="1331" VPOS="348" HPOS="136" CONTENT="עד אשר חשבו את המתקנים האלה ככופרים ומינים 35). גם פירוד הדעות על קביעות"/></TextLine><TextLine ID="r1l7" BASELINE="465" HEIGHT="54" WIDTH="1343" VPOS="411" HPOS="129"><String ID="string_r1l7" HEIGHT="54" WIDTH="1343" VPOS="411" HPOS="129" CONTENT="המועדים לא חדל בין בני מקרא. אחד הרבנים מהדור ההוא ידבר כזה: „... והם"/></TextLine><TextLine ID="r1l8" BASELINE="520" HEIGHT="54" WIDTH="1342" VPOS="466" HPOS="128"><String ID="string_r1l8" HEIGHT="54" WIDTH="1342" VPOS="466" HPOS="128" CONTENT="מקדשים על פי הראייה, ופעמים שהקראים אשר במצרים יעשו ראש השנה ויום הכפורים"/></TextLine><TextLine ID="r1l9" BASELINE="571" HEIGHT="59" WIDTH="1347" VPOS="512" HPOS="124"><String ID="string_r1l9" HEIGHT="59" WIDTH="1347" VPOS="512" HPOS="124" CONTENT="זולתי מאותו היום אשר יעשוהו הקראים בירושלים... הם שולחים בירושלים בכל"/></TextLine><TextLine ID="r1l10" BASELINE="627" HEIGHT="53" WIDTH="1347" VPOS="574" HPOS="129"><String ID="string_r1l10" HEIGHT="53" WIDTH="1347" VPOS="574" HPOS="129" CONTENT="שנה לראות האביב... ואם יעברוה (השנה) הקראים במצרים והקראים אשר"/></TextLine><TextLine ID="r1l11" BASELINE="686" HEIGHT="60" WIDTH="1357" VPOS="626" HPOS="121"><String ID="string_r1l11" HEIGHT="60" WIDTH="1357" VPOS="626" HPOS="121" CONTENT="בקושטנטינה לא יעברוה, אין בזה אשם, הואיל וכל אחד עושה מה שבעיניו טוב״ 36)."/></TextLine><TextLine ID="r1l12" BASELINE="740" HEIGHT="58" WIDTH="1278" VPOS="682" HPOS="187"><String ID="string_r1l12" HEIGHT="58" WIDTH="1278" VPOS="682" HPOS="187" CONTENT="והקהלות הרחוקות בתוגרמה... היו מחזיקים בקביעות השנה אשר לרבנים 37)."/></TextLine><TextLine ID="r1l13" BASELINE="794" HEIGHT="57" WIDTH="1246" VPOS="737" HPOS="126"><String ID="string_r1l13" HEIGHT="57" WIDTH="1246" VPOS="737" HPOS="126" CONTENT="שלטן מחמד, אשר חשב בכל עת להגדיל ולהרחיב גבולות ממשלתו, עלה"/></TextLine><TextLine ID="r1l14" BASELINE="848" HEIGHT="56" WIDTH="1360" VPOS="792" HPOS="116"><String ID="string_r1l14" HEIGHT="56" WIDTH="1360" VPOS="792" HPOS="116" CONTENT="בלבו ללכוד אי רודוס מידי הנוצרים, פרשי יוחנן הקדוש מירושלים. בסוף חדש"/></TextLine><TextLine ID="r1l15" BASELINE="897" HEIGHT="52" WIDTH="1355" VPOS="845" HPOS="120"><String ID="string_r1l15" HEIGHT="52" WIDTH="1355" VPOS="845" HPOS="120" CONTENT="אייר משנת ר&#34;ט (1480) יצא הצי-האדיר העשמאני, אשר הכיל מאה ושלשים אניות"/></TextLine><TextLine ID="r1l16" BASELINE="957" HEIGHT="57" WIDTH="1355" VPOS="900" HPOS="121"><String ID="string_r1l16" HEIGHT="57" WIDTH="1355" VPOS="900" HPOS="121" CONTENT="מלחמה, מחוף דרדניל, „ויהי בכ&#34;ד לסיון הר&#34;ם, הרים קרן עליה וקרן חזות בין עיניו,"/></TextLine><TextLine ID="r1l17" BASELINE="1014" HEIGHT="57" WIDTH="1387" VPOS="957" HPOS="93"><String ID="string_r1l17" HEIGHT="57" WIDTH="1387" VPOS="957" HPOS="93" CONTENT="וירץ אל רודוס בחמת כחו ויתמרמר עליה וישפוך סוללה&#34;. השר המצביא משיח-פחה."/></TextLine><TextLine ID="r1l18" BASELINE="1070" HEIGHT="56" WIDTH="1359" VPOS="1014" HPOS="121"><String ID="string_r1l18" HEIGHT="56" WIDTH="1359" VPOS="1014" HPOS="121" CONTENT="אסף כל חיליו במקום אחד, וימטר שלשת אלפים וחמש מאות כדורי תותח ברחוב"/></TextLine><TextLine ID="r1l19" BASELINE="1129" HEIGHT="60" WIDTH="1344" VPOS="1069" HPOS="126"><String ID="string_r1l19" HEIGHT="60" WIDTH="1344" VPOS="1069" HPOS="126" CONTENT="היהודים 38) ומגדל האיטליאנים היותר קרובים לשפת הים; אך כל עמלו עלה בתהו, כי"/></TextLine><TextLine ID="r1l20" BASELINE="1175" HEIGHT="50" WIDTH="1354" VPOS="1125" HPOS="121"><String ID="string_r1l20" HEIGHT="50" WIDTH="1354" VPOS="1125" HPOS="121" CONTENT="הרודיים אשר חזו ראש את המלחמה הזאת היו מוכנים ומזומנים במזונות ובכלי מלחמה"/></TextLine><TextLine ID="r1l21" BASELINE="1239" HEIGHT="63" WIDTH="1348" VPOS="1176" HPOS="121"><String ID="string_r1l21" HEIGHT="63" WIDTH="1348" VPOS="1176" HPOS="121" CONTENT="לזמן רב. לתרכים אבדו יותר מתשעה אלפים מתים וחמשה עשר אלף נפצעים ולא"/></TextLine><TextLine ID="r1l22" BASELINE="1285" HEIGHT="55" WIDTH="1337" VPOS="1230" HPOS="134"><String ID="string_r1l22" HEIGHT="55" WIDTH="1337" VPOS="1230" HPOS="134" CONTENT="יכלו להלחם עוד. „ויהי בכ&#34;ד באלול נסעו יצאו מרודוס בדרכם אשר שבו בה שבו אחור"/></TextLine><TextLine ID="r1l23" BASELINE="1333" HEIGHT="49" WIDTH="467" VPOS="1284" HPOS="1009"><String ID="string_r1l23" HEIGHT="49" WIDTH="467" VPOS="1284" HPOS="1009" CONTENT="וכל התוגרמים נזורו אחור.&#34;"/></TextLine><TextLine ID="r1l24" BASELINE="1391" HEIGHT="56" WIDTH="1241" VPOS="1335" HPOS="121"><String ID="string_r1l24" HEIGHT="56" WIDTH="1241" VPOS="1335" HPOS="121" CONTENT="קרוב לימים ההם היה יהודי איטליאני אחד משולם בכמוהר&#34;ר מנחם מוולטרה"/></TextLine><TextLine ID="r1l25" BASELINE="1449" HEIGHT="60" WIDTH="1344" VPOS="1389" HPOS="125"><String ID="string_r1l25" HEIGHT="60" WIDTH="1344" VPOS="1389" HPOS="125" CONTENT="נמצא במסעו לארץ ישראל דרך האי הזה אחרי ששבתה המלחמה, וכה יספר ברוב"/></TextLine><TextLine ID="r1l26" BASELINE="1509" HEIGHT="65" WIDTH="1356" VPOS="1444" HPOS="124"><String ID="string_r1l26" HEIGHT="65" WIDTH="1356" VPOS="1444" HPOS="124" CONTENT="ענין: „יום ד' לחדש מאי (שהוא י&#34;ד סיון) רמ״א הגענו פה רודי והיא מצד ימין והיא"/></TextLine><TextLine ID="r1l27" BASELINE="1562" HEIGHT="60" WIDTH="1348" VPOS="1502" HPOS="126"><String ID="string_r1l27" HEIGHT="60" WIDTH="1348" VPOS="1502" HPOS="126" CONTENT="על הים וישלה חוף כמין זה... והיא בשפלה ובהר, ובראש ההר מצד ימין „פשאתה״(?)"/></TextLine><TextLine ID="r1l28" BASELINE="1614" HEIGHT="48" WIDTH="1355" VPOS="1566" HPOS="123"><String ID="string_r1l28" HEIGHT="48" WIDTH="1355" VPOS="1566" HPOS="123" CONTENT="בפנים מהגראן מאישטרו דרודי, והעיר היא יפה ומהודרה עד מאוד והרוכבים"/></TextLine><TextLine ID="r1l29" BASELINE="1676" HEIGHT="60" WIDTH="1352" VPOS="1616" HPOS="125"><String ID="string_r1l29" HEIGHT="60" WIDTH="1352" VPOS="1616" HPOS="125" CONTENT="פיריר (Freres-אחים) ולבושי מכלול. וראיתי הגראן מאישטרו פנים בפנים, אדם ישר"/></TextLine><TextLine ID="r1l30" BASELINE="1735" HEIGHT="52" WIDTH="1350" VPOS="1683" HPOS="128"><String ID="string_r1l30" HEIGHT="52" WIDTH="1350" VPOS="1683" HPOS="128" CONTENT="ויפה מאד, והוא מג(זע) צרפת עם זקן ארוך, והוא בן חמשים וחמשה שנים. וראיתי"/></TextLine><TextLine ID="r1l31" BASELINE="1784" HEIGHT="54" WIDTH="1359" VPOS="1730" HPOS="121"><String ID="string_r1l31" HEIGHT="54" WIDTH="1359" VPOS="1730" HPOS="121" CONTENT="כל החצר עם חדריו בחברת הרב אברהם דאפני אשכנזי העומד עם יהודי אחר נכבד"/></TextLine><TextLine ID="r1l32" BASELINE="1846" HEIGHT="55" WIDTH="1364" VPOS="1791" HPOS="114"><String ID="string_r1l32" HEIGHT="55" WIDTH="1364" VPOS="1791" HPOS="114" CONTENT="וטוב, וראיתי איך התוגרמים חרבו אותה כלה, ובפרט ביודיקה (Judaica רחוב"/></TextLine><TextLine ID="r1l33" BASELINE="1896" HEIGHT="52" WIDTH="1360" VPOS="1844" HPOS="115"><String ID="string_r1l33" HEIGHT="52" WIDTH="1360" VPOS="1844" HPOS="115" CONTENT="היהודים) מצד שמאל, כי לשם היתה המלחמה, והשליכו ארצה כל הבתים מס׳ (סיוניורי-"/></TextLine><TextLine ID="r1l34" BASELINE="1957" HEIGHT="57" WIDTH="1355" VPOS="1900" HPOS="113"><String ID="string_r1l34" HEIGHT="57" WIDTH="1355" VPOS="1900" HPOS="113" CONTENT="אדון) גליאון מרודי ומהר' עזריה הרופא, ובתים אחרים, נפל[ה] החומה סמוך לבית"/></TextLine><TextLine ID="r1l35" BASELINE="2010" HEIGHT="54" WIDTH="1357" VPOS="1956" HPOS="110"><String ID="string_r1l35" HEIGHT="54" WIDTH="1357" VPOS="1956" HPOS="110" CONTENT="הכנסת, ויום אחד לפי דבריהם עלו התוגרמים על החומה יותר מעשרת אלפי איש,"/></TextLine><TextLine ID="r1l36" BASELINE="2071" HEIGHT="58" WIDTH="1364" VPOS="2013" HPOS="110"><String ID="string_r1l36" HEIGHT="58" WIDTH="1364" VPOS="2013" HPOS="110" CONTENT="והשליכו הגראן מאישטרו מעל החומה, וה' בלל אותם והכו איש באחיו ואיש את"/></TextLine><TextLine ID="r1l37" BASELINE="2127" HEIGHT="57" WIDTH="1351" VPOS="2070" HPOS="118"><String ID="string_r1l37" HEIGHT="57" WIDTH="1351" VPOS="2070" HPOS="118" CONTENT="קרובו ויפג לבם, ה' עזרתה להם, ועתה בנו החומות מחדש, וחדשו כל העיר אשר"/></TextLine><TextLine ID="r1l38" BASELINE="2184" HEIGHT="57" WIDTH="1355" VPOS="2127" HPOS="115"><String ID="string_r1l38" HEIGHT="57" WIDTH="1355" VPOS="2127" HPOS="115" CONTENT="כמותם לא ראיתי ליופי, וגם עשו שני קיים (Guai-נמלים) בשביל החומה, האחד מפה"/></TextLine><TextLine ID="r1l39" BASELINE="2244" HEIGHT="59" WIDTH="1360" VPOS="2185" HPOS="113"><String ID="string_r1l39" HEIGHT="59" WIDTH="1360" VPOS="2185" HPOS="113" CONTENT="והאחד מפה, והכנסת בינתים במקום שנעשה להם יד. ובקשו היונים מהגראן מאישטרו"/></TextLine><TextLine ID="r1l40" BASELINE="2328" HEIGHT="75" WIDTH="411" VPOS="2253" HPOS="961"><String ID="string_r1l40" HEIGHT="75" WIDTH="411" VPOS="2253" HPOS="961" CONTENT="35) שם דף ל&#34;ב עמוד ד'."/></TextLine><TextLine ID="r1l41" BASELINE="2377" HEIGHT="50" WIDTH="958" VPOS="2327" HPOS="411"><String ID="string_r1l41" HEIGHT="50" WIDTH="958" VPOS="2327" HPOS="411" CONTENT="36) רבינו עובדיה מברטנורא במכתבו ע&#34;ד מסעו לארץ הקדושה."/></TextLine><TextLine ID="r1l42" BASELINE="2421" HEIGHT="50" WIDTH="929" VPOS="2371" HPOS="446"><String ID="string_r1l42" HEIGHT="50" WIDTH="929" VPOS="2371" HPOS="446" CONTENT="37) אליהו בשייצי — בספרו אדרת אליהו הנ&#34;ל דףכ׳ עמוד א׳."/></TextLine><TextLine ID="r1l43" BASELINE="2472" HEIGHT="60" WIDTH="521" VPOS="2412" HPOS="854"><String ID="string_r1l43" HEIGHT="60" WIDTH="521" VPOS="2412" HPOS="854" CONTENT="38) Turquie הנ&#34;ל עמוד 89-83."/></TextLine></TextBlock></PrintSpace></Page></Layout></alto>