<?xml version="1.0" encoding="UTF-8"?><alto xmlns:xsi="http://www.w3.org/2001/XMLSchema-instance" xmlns="http://www.loc.gov/standards/alto/ns-v2#" xmlns:page="http://schema.primaresearch.org/PAGE/gts/pagecontent/2013-07-15" xsi:schemaLocation="http://schema.primaresearch.org/PAGE/gts/pagecontent/2013-07-15 http://schema.primaresearch.org/PAGE/gts/pagecontent/2013-07-15/pagecontent.xsd http://www.loc.gov/standards/alto/ns-v2# http://www.loc.gov/standards/alto/alto-v2.0.xsd"><Description><MeasurementUnit>pixel</MeasurementUnit></Description><Layout><Page ID="Page1" PHYSICAL_IMG_NR="1" HEIGHT="2601" WIDTH="1698"><TopMargin HEIGHT="0" WIDTH="1698" VPOS="0" HPOS="0"/><LeftMargin HEIGHT="2601" WIDTH="0" VPOS="0" HPOS="0"/><RightMargin HEIGHT="2601" WIDTH="0" VPOS="0" HPOS="1698"/><BottomMargin HEIGHT="0" WIDTH="1698" VPOS="2601" HPOS="0"/><PrintSpace HEIGHT="2601" WIDTH="1698" VPOS="0" HPOS="0"><TextBlock ID="r1" HEIGHT="2304" WIDTH="1356" VPOS="121" HPOS="151"><Shape><Polygon POINTS="151,121 151,2425 1507,2425 1507,121"/></Shape><TextLine ID="r1l2" BASELINE="167" HEIGHT="51" WIDTH="85" VPOS="116" HPOS="1429"><String ID="string_r1l2" HEIGHT="51" WIDTH="85" VPOS="116" HPOS="1429" CONTENT="38"/></TextLine><TextLine ID="r1l1" BASELINE="162" HEIGHT="47" WIDTH="411" VPOS="115" HPOS="629"><String ID="string_r1l1" HEIGHT="47" WIDTH="411" VPOS="115" HPOS="629" CONTENT="דברי ימי ישראל בתוגרמה"/></TextLine><TextLine ID="r1l4" BASELINE="277" HEIGHT="56" WIDTH="1334" VPOS="221" HPOS="176"><String ID="string_r1l4" HEIGHT="56" WIDTH="1334" VPOS="221" HPOS="176" CONTENT="להסיר הבית הכנסת הנזכר, ולא אבה שמוע להם, כי הנה לא ינום ולא יישן שומר"/></TextLine><TextLine ID="r1l5" BASELINE="333" HEIGHT="57" WIDTH="1342" VPOS="276" HPOS="168"><String ID="string_r1l5" HEIGHT="57" WIDTH="1342" VPOS="276" HPOS="168" CONTENT="ישראל. האיסולה (Isola-אי) של רודי מוקפת ש' מילין, והיהודים עומדים בשלום רב,"/></TextLine><TextLine ID="r1l6" BASELINE="386" HEIGHT="56" WIDTH="1349" VPOS="330" HPOS="164"><String ID="string_r1l6" HEIGHT="56" WIDTH="1349" VPOS="330" HPOS="164" CONTENT="ויש על האיסולה כמו (צ&#34;ל כמה) כרכים, משייא (Chio) ועד רודי שלש מאות מילין 39)&#34;."/></TextLine><TextLine ID="r1l7" BASELINE="447" HEIGHT="62" WIDTH="1347" VPOS="385" HPOS="167"><String ID="string_r1l7" HEIGHT="62" WIDTH="1347" VPOS="385" HPOS="167" CONTENT="השקפתו של הנוסע האיטליאני הזה על האי רודוס והגראן מאיסטרו לא היתה נכונה."/></TextLine><TextLine ID="r1l8" BASELINE="505" HEIGHT="67" WIDTH="1351" VPOS="438" HPOS="163"><String ID="string_r1l8" HEIGHT="67" WIDTH="1351" VPOS="438" HPOS="163" CONTENT="לב המושל הזה האדוק באמונתו לא היה שלם עם ישראל כאשר יתאר לנו ר' משולם"/></TextLine><TextLine ID="r1l9" BASELINE="546" HEIGHT="52" WIDTH="1357" VPOS="494" HPOS="158"><String ID="string_r1l9" HEIGHT="52" WIDTH="1357" VPOS="494" HPOS="158" CONTENT="מוולטרה. לא עברו ימים רבים מן העת שרשם זכרונותיו בעברו על פני האי הזה,"/></TextLine><TextLine ID="r1l10" BASELINE="604" HEIGHT="57" WIDTH="1357" VPOS="547" HPOS="155"><String ID="string_r1l10" HEIGHT="57" WIDTH="1357" VPOS="547" HPOS="155" CONTENT="ואולי עוד לא הגיע למחוז חפצו לארץ ישראל, עד שהגראן מאיסטרו הזה גזר גזרת"/></TextLine><TextLine ID="r1l11" BASELINE="662" HEIGHT="60" WIDTH="1356" VPOS="602" HPOS="158"><String ID="string_r1l11" HEIGHT="60" WIDTH="1356" VPOS="602" HPOS="158" CONTENT="שמר על היהודים האומללים, ובן הדור ההוא יתאר לפנינו בצבעים חיים המשך הענין"/></TextLine><TextLine ID="r1l12" BASELINE="708" HEIGHT="41" WIDTH="293" VPOS="667" HPOS="1223"><String ID="string_r1l12" HEIGHT="41" WIDTH="293" VPOS="667" HPOS="1223" CONTENT="וצרות היהודים:"/></TextLine><TextLine ID="r1l13" BASELINE="764" HEIGHT="51" WIDTH="1241" VPOS="713" HPOS="164"><String ID="string_r1l13" HEIGHT="51" WIDTH="1241" VPOS="713" HPOS="164" CONTENT="„בימים ההם, כשמוע מלכי הגוים כי נלחם התוגר ברודוס ולא יכול להלחם"/></TextLine><TextLine ID="r1l14" BASELINE="822" HEIGHT="51" WIDTH="1345" VPOS="771" HPOS="159"><String ID="string_r1l14" HEIGHT="51" WIDTH="1345" VPOS="771" HPOS="159" CONTENT="עליה, וייטב הדבר בעיניהם וישמחו שמחה גדולה ויהללו את אלהיהם. ויהי בהשמע"/></TextLine><TextLine ID="r1l15" BASELINE="881" HEIGHT="54" WIDTH="1349" VPOS="827" HPOS="157"><String ID="string_r1l15" HEIGHT="54" WIDTH="1349" VPOS="827" HPOS="157" CONTENT="דבר גראן מאיסטרו ודתו אשר נלחם בתוגרמים בכח ובגבורה, וישלח אליו פפא"/></TextLine><TextLine ID="r1l16" BASELINE="937" HEIGHT="56" WIDTH="1359" VPOS="881" HPOS="150"><String ID="string_r1l16" HEIGHT="56" WIDTH="1359" VPOS="881" HPOS="150" CONTENT="(האפפיור) מלך גוים בעצת רברבנוהי והדברוהי שגלתיה ולחנתיה את הקפילו (מגבעת)"/></TextLine><TextLine ID="r1l17" BASELINE="985" HEIGHT="53" WIDTH="1350" VPOS="932" HPOS="158"><String ID="string_r1l17" HEIGHT="53" WIDTH="1350" VPOS="932" HPOS="158" CONTENT="ועשהו גרדינאלי (Cardinall) מגדולי הגרדינאל אשר ברומא, ועטרו בעטרת הקפילו,"/></TextLine><TextLine ID="r1l18" BASELINE="1047" HEIGHT="61" WIDTH="1357" VPOS="986" HPOS="157"><String ID="string_r1l18" HEIGHT="61" WIDTH="1357" VPOS="986" HPOS="157" CONTENT="לא נעשה כן לכל הגראן מאיסטרו מעודם עד היום הזה&#34;. „ויהי הדבר הזה לצור נגף"/></TextLine><TextLine ID="r1l19" BASELINE="1102" HEIGHT="60" WIDTH="1356" VPOS="1042" HPOS="158"><String ID="string_r1l19" HEIGHT="60" WIDTH="1356" VPOS="1042" HPOS="158" CONTENT="ולאבן מכשול לבית ישראל, כי מאז נתנשא בעיניו וישת על לבו להשמיד את הקהלה"/></TextLine><TextLine ID="r1l20" BASELINE="1155" HEIGHT="58" WIDTH="1357" VPOS="1097" HPOS="155"><String ID="string_r1l20" HEIGHT="58" WIDTH="1357" VPOS="1097" HPOS="155" CONTENT="הכלולה שברודוס. ויהי מקץ ימים, ויאמר בלבו: במה יתרצה אל אלהיו המאזרני חיל"/></TextLine><TextLine ID="r1l21" BASELINE="1208" HEIGHT="54" WIDTH="1351" VPOS="1154" HPOS="159"><String ID="string_r1l21" HEIGHT="54" WIDTH="1351" VPOS="1154" HPOS="159" CONTENT="למלחמה, הכריע קמי תחתי, ואויבי נתן לי ערף, אם לא בהכניס תחת כנפי דתו את"/></TextLine><TextLine ID="r1l22" BASELINE="1264" HEIGHT="56" WIDTH="1347" VPOS="1208" HPOS="164"><String ID="string_r1l22" HEIGHT="56" WIDTH="1347" VPOS="1208" HPOS="164" CONTENT="היהודים, ובמה יתרצה זה אל אדוניו אם לא בראשי האנשים ההם, וכרוזא קרי בחיל,"/></TextLine><TextLine ID="r1l23" BASELINE="1320" HEIGHT="56" WIDTH="1355" VPOS="1264" HPOS="156"><String ID="string_r1l23" HEIGHT="56" WIDTH="1355" VPOS="1264" HPOS="156" CONTENT="חיל אחז יושבי קהלת רודוס: לכון היהודים אמרן בעידנא די תשמעון קל קרנא"/></TextLine><TextLine ID="r1l24" BASELINE="1376" HEIGHT="57" WIDTH="1339" VPOS="1319" HPOS="161"><String ID="string_r1l24" HEIGHT="57" WIDTH="1339" VPOS="1319" HPOS="161" CONTENT="משרוקיתא תפילון ותסגדון לאלהי העמים אשר סביבותיכם, וכל אשר לא יביא נפשו"/></TextLine><TextLine ID="r1l25" BASELINE="1428" HEIGHT="49" WIDTH="1339" VPOS="1379" HPOS="162"><String ID="string_r1l25" HEIGHT="49" WIDTH="1339" VPOS="1379" HPOS="162" CONTENT="במסורת הברית, מות יומת דמיו בו, חיה לא יחיה. ויגע הדבר אל היהודים ויעבירו"/></TextLine><TextLine ID="r1l26" BASELINE="1484" HEIGHT="53" WIDTH="1339" VPOS="1431" HPOS="162"><String ID="string_r1l26" HEIGHT="53" WIDTH="1339" VPOS="1431" HPOS="162" CONTENT="אדרתם והדרתם מעליהם. ויחליפו את בגדיהם באפר, התפלשו בסביבותיהם ויצעקו"/></TextLine><TextLine ID="r1l27" BASELINE="1537" HEIGHT="50" WIDTH="1352" VPOS="1487" HPOS="157"><String ID="string_r1l27" HEIGHT="50" WIDTH="1352" VPOS="1487" HPOS="157" CONTENT="מרה ובכל חצות יאמרו: הו! הו! למשפחותם לגויהם, אוי מה היה להם, ויבאו עד"/></TextLine><TextLine ID="r1l28" BASELINE="1600" HEIGHT="61" WIDTH="1347" VPOS="1539" HPOS="159"><String ID="string_r1l28" HEIGHT="61" WIDTH="1347" VPOS="1539" HPOS="159" CONTENT="שער הגראן מאיסטרו, ויצעקו: הושיעה אדונינו המלך, למה תעשה כה לעבדיך? כמו"/></TextLine><TextLine ID="r1l29" BASELINE="1655" HEIGHT="55" WIDTH="1352" VPOS="1600" HPOS="154"><String ID="string_r1l29" HEIGHT="55" WIDTH="1352" VPOS="1600" HPOS="154" CONTENT="פתן חרש אטם אזנו, ויהפוך ערף ולא פנים, ופני כולם קבצו פארור, וישמר היהודים"/></TextLine><TextLine ID="r1l30" BASELINE="1707" HEIGHT="55" WIDTH="1354" VPOS="1652" HPOS="154"><String ID="string_r1l30" HEIGHT="55" WIDTH="1354" VPOS="1652" HPOS="154" CONTENT="בכח ובגבורה, כי ייסר אותם במשפטים רעים וקשים, ולא עמדו בנסיונם ולא יכלו לסבול,"/></TextLine><TextLine ID="r1l31" BASELINE="1764" HEIGHT="56" WIDTH="1352" VPOS="1708" HPOS="151"><String ID="string_r1l31" HEIGHT="56" WIDTH="1352" VPOS="1708" HPOS="151" CONTENT="ויש אשר היתה רוח אחרת עמם אנשים ונשים וכל עצי ברושים, וסבלו יסורין רעים"/></TextLine><TextLine ID="r1l32" BASELINE="1824" HEIGHT="61" WIDTH="1364" VPOS="1763" HPOS="144"><String ID="string_r1l32" HEIGHT="61" WIDTH="1364" VPOS="1763" HPOS="144" CONTENT="וקשים, כי שמו אותם בבור ובעונשים, ויהיו שם חולים וכחושים, מכים ומעונים וכמושים,"/></TextLine><TextLine ID="r1l33" BASELINE="1877" HEIGHT="58" WIDTH="1357" VPOS="1819" HPOS="145"><String ID="string_r1l33" HEIGHT="58" WIDTH="1357" VPOS="1819" HPOS="145" CONTENT="רגליהם לנחושתים ננשים, ויאמרו איש אל אחיו: חזק ונתחזק בעד עמנו ובעד תורת"/></TextLine><TextLine ID="r1l34" BASELINE="1926" HEIGHT="51" WIDTH="1359" VPOS="1875" HPOS="143"><String ID="string_r1l34" HEIGHT="51" WIDTH="1359" VPOS="1875" HPOS="143" CONTENT="אלהינו, מות גמות ולא נמיר את בגדינו, חלילה לנו מעשות כזאת ברחובותינו, כי לא"/></TextLine><TextLine ID="r1l35" BASELINE="1985" HEIGHT="55" WIDTH="1359" VPOS="1930" HPOS="143"><String ID="string_r1l35" HEIGHT="55" WIDTH="1359" VPOS="1930" HPOS="143" CONTENT="היתה מתמול שלשום בזאת בחוצותינו, והרוח תשוב אל אלהינו ונפלה שם כלנו יחד,"/></TextLine><TextLine ID="r1l36" BASELINE="2038" HEIGHT="50" WIDTH="601" VPOS="1988" HPOS="899"><String ID="string_r1l36" HEIGHT="50" WIDTH="601" VPOS="1988" HPOS="899" CONTENT="שמע ישראל ה' אלהינו ה׳ אחד״ 40)."/></TextLine><TextLine ID="r1l37" BASELINE="2101" HEIGHT="57" WIDTH="1254" VPOS="2044" HPOS="148"><String ID="string_r1l37" HEIGHT="57" WIDTH="1254" VPOS="2044" HPOS="148" CONTENT="וכן היה, כי התרכים בלי ידיעתם ונגד רצונם הביאו אסון גדול ליהודי רודוס."/></TextLine><TextLine ID="r1l38" BASELINE="2158" HEIGHT="59" WIDTH="1342" VPOS="2099" HPOS="151"><String ID="string_r1l38" HEIGHT="59" WIDTH="1342" VPOS="2099" HPOS="151" CONTENT="השולטן מחמד היה מטבעו אוהב היהודים ובוטח בהם ותמיד היה להם מנן וצנה ונותן"/></TextLine><TextLine ID="r1l39" BASELINE="2208" HEIGHT="53" WIDTH="1350" VPOS="2155" HPOS="151"><String ID="string_r1l39" HEIGHT="53" WIDTH="1350" VPOS="2155" HPOS="151" CONTENT="על שכמם משרות נכבדות. עוד טרם עלה בלבו ללכוד אי רודוס, צרו שרי הצבא"/></TextLine><TextLine ID="r1l40" BASELINE="2334" HEIGHT="61" WIDTH="1285" VPOS="2273" HPOS="142"><String ID="string_r1l40" HEIGHT="61" WIDTH="1285" VPOS="2273" HPOS="142" CONTENT="39) ר. אליקים כרמולי Itineraires (מסעות לארץ ישראל) עפ&#34;י כתב יד בהבליותיקא בפריז."/></TextLine><TextLine ID="r1l41" BASELINE="2383" HEIGHT="58" WIDTH="1278" VPOS="2325" HPOS="148"><String ID="string_r1l41" HEIGHT="58" WIDTH="1278" VPOS="2325" HPOS="148" CONTENT="40) כל הדברים המובאים בין שני חצאי לבנה הם לקוחים מעצם ספר רבי אליהו"/></TextLine><TextLine ID="r1l42" BASELINE="2434" HEIGHT="62" WIDTH="380" VPOS="2372" HPOS="1123"><String ID="string_r1l42" HEIGHT="62" WIDTH="380" VPOS="2372" HPOS="1123" CONTENT="פרק ל׳ ובנדפס דף מ&#34;ו."/></TextLine></TextBlock></PrintSpace></Page></Layout></alto>