<?xml version="1.0" encoding="UTF-8"?><alto xmlns:xsi="http://www.w3.org/2001/XMLSchema-instance" xmlns="http://www.loc.gov/standards/alto/ns-v2#" xmlns:page="http://schema.primaresearch.org/PAGE/gts/pagecontent/2013-07-15" xsi:schemaLocation="http://schema.primaresearch.org/PAGE/gts/pagecontent/2013-07-15 http://schema.primaresearch.org/PAGE/gts/pagecontent/2013-07-15/pagecontent.xsd http://www.loc.gov/standards/alto/ns-v2# http://www.loc.gov/standards/alto/alto-v2.0.xsd"><Description><MeasurementUnit>pixel</MeasurementUnit></Description><Layout><Page ID="Page1" PHYSICAL_IMG_NR="1" HEIGHT="2607" WIDTH="1679"><TopMargin HEIGHT="0" WIDTH="1679" VPOS="0" HPOS="0"/><LeftMargin HEIGHT="2607" WIDTH="0" VPOS="0" HPOS="0"/><RightMargin HEIGHT="2607" WIDTH="0" VPOS="0" HPOS="1679"/><BottomMargin HEIGHT="0" WIDTH="1679" VPOS="2607" HPOS="0"/><PrintSpace HEIGHT="2607" WIDTH="1679" VPOS="0" HPOS="0"><TextBlock ID="r1" HEIGHT="2300" WIDTH="1358" VPOS="152" HPOS="135"><Shape><Polygon POINTS="135,152 135,2452 1493,2452 1493,152"/></Shape><TextLine ID="r1l1" BASELINE="189" HEIGHT="47" WIDTH="279" VPOS="142" HPOS="706"><String ID="string_r1l1" HEIGHT="47" WIDTH="279" VPOS="142" HPOS="706" CONTENT="מלחמת השלטנים"/></TextLine><TextLine ID="line_1553464175067_904" BASELINE="200" HEIGHT="41" WIDTH="67" VPOS="159" HPOS="158"><String ID="string_line_1553464175067_904" HEIGHT="41" WIDTH="67" VPOS="159" HPOS="158" CONTENT="17"/></TextLine><TextLine ID="r1l3" BASELINE="314" HEIGHT="58" WIDTH="1357" VPOS="256" HPOS="144"><String ID="string_r1l3" HEIGHT="58" WIDTH="1357" VPOS="256" HPOS="144" CONTENT="ויבוא לגור בארץ ישמעאל (תוגרמה) כי שמע כי אנשי חסד המה, ובא בזמן המלך"/></TextLine><TextLine ID="r1l4" BASELINE="371" HEIGHT="62" WIDTH="1344" VPOS="309" HPOS="147"><String ID="string_r1l4" HEIGHT="62" WIDTH="1344" VPOS="309" HPOS="147" CONTENT="סולטאן מוראד (ב') אל המקום אשר המלך שוכן שם בעיר מלכותו, היא אינדריני"/></TextLine><TextLine ID="r1l5" BASELINE="421" HEIGHT="57" WIDTH="1348" VPOS="364" HPOS="146"><String ID="string_r1l5" HEIGHT="57" WIDTH="1348" VPOS="364" HPOS="146" CONTENT="(ר&#34;ל רידירני, היא אנדרינופלא), ויראוהו שרי המלך כי טוב האיש להשכיל וכל מתרפא"/></TextLine><TextLine ID="r1l6" BASELINE="478" HEIGHT="59" WIDTH="1341" VPOS="419" HPOS="150"><String ID="string_r1l6" HEIGHT="59" WIDTH="1341" VPOS="419" HPOS="150" CONTENT="במלאכתו ה' מצליח בידו, ויהללו אותו אל המלך ויוקח האיש בית המלך ויגדל שם"/></TextLine><TextLine ID="r1l7" BASELINE="537" HEIGHT="58" WIDTH="1350" VPOS="479" HPOS="140"><String ID="string_r1l7" HEIGHT="58" WIDTH="1350" VPOS="479" HPOS="140" CONTENT="האיש בבית המלך, גם בעיני בן המלך הנקרא סולטאן מהימיט (מחמד) מצא חן,"/></TextLine><TextLine ID="r1l8" BASELINE="590" HEIGHT="58" WIDTH="1352" VPOS="532" HPOS="146"><String ID="string_r1l8" HEIGHT="58" WIDTH="1352" VPOS="532" HPOS="146" CONTENT="ותקשר נפשו בו ויאהבהו, ובאהבתו אותו בקש מאביו לתת לו הרופא הנזכר להיות אצלו"/></TextLine><TextLine ID="r1l9" BASELINE="645" HEIGHT="58" WIDTH="1312" VPOS="587" HPOS="184"><String ID="string_r1l9" HEIGHT="58" WIDTH="1312" VPOS="587" HPOS="184" CONTENT="ולשרתו, וישמע המלך לקול בנו ויתנהו לו, וילך האיש עם בן המלך וישרתהו 81)."/></TextLine><TextLine ID="r1l10" BASELINE="700" HEIGHT="57" WIDTH="1240" VPOS="643" HPOS="142"><String ID="string_r1l10" HEIGHT="57" WIDTH="1240" VPOS="643" HPOS="142" CONTENT="שלטן מוראד, אחרי הכותו את כל אויביו מסביב, עשה כמה סדרים חדשים"/></TextLine><TextLine ID="r1l11" BASELINE="755" HEIGHT="57" WIDTH="1345" VPOS="698" HPOS="148"><String ID="string_r1l11" HEIGHT="57" WIDTH="1345" VPOS="698" HPOS="148" CONTENT="בממשלה. הוא תקן בראשונה סדר המלבושים והמצנפות לאנשי החיל, השרים, הפקידים"/></TextLine><TextLine ID="r1l12" BASELINE="809" HEIGHT="57" WIDTH="1341" VPOS="752" HPOS="150"><String ID="string_r1l12" HEIGHT="57" WIDTH="1341" VPOS="752" HPOS="150" CONTENT="והלאומים השונים. נראה, כי מן הימים ההם הוכרחו היהודים ללבוש מלבושים ארוכים"/></TextLine><TextLine ID="r1l13" BASELINE="863" HEIGHT="55" WIDTH="1333" VPOS="808" HPOS="156"><String ID="string_r1l13" HEIGHT="55" WIDTH="1333" VPOS="808" HPOS="156" CONTENT="כיונים והארמנים, אך המצנפות היו מצבע ירוק כרתי (לימוני 32), להבדילם מיתר"/></TextLine><TextLine ID="r1l14" BASELINE="916" HEIGHT="57" WIDTH="1341" VPOS="859" HPOS="148"><String ID="string_r1l14" HEIGHT="57" WIDTH="1341" VPOS="859" HPOS="148" CONTENT="העמים, כמו שהתרכים שמו על ראשיהם מצנפות ירוקות, אשר על כן כנו אותם"/></TextLine><TextLine ID="r1l15" BASELINE="970" HEIGHT="58" WIDTH="1123" VPOS="912" HPOS="372"><String ID="string_r1l15" HEIGHT="58" WIDTH="1123" VPOS="912" HPOS="372" CONTENT="היהודים בשם ירוקים (Vedres, Verdes), על שם הצבע המיוחד להם."/></TextLine><TextLine ID="r1l16" BASELINE="1026" HEIGHT="56" WIDTH="1251" VPOS="970" HPOS="140"><String ID="string_r1l16" HEIGHT="56" WIDTH="1251" VPOS="970" HPOS="140" CONTENT="אחרי הדברים האלה, עזב שלטן מוראד עוד הפעם את רסן הממשלה ביד יורש"/></TextLine><TextLine ID="r1l17" BASELINE="1083" HEIGHT="58" WIDTH="1346" VPOS="1025" HPOS="145"><String ID="string_r1l17" HEIGHT="58" WIDTH="1346" VPOS="1025" HPOS="145" CONTENT="העצר מחמד, וילך לו אל עיר מגניסיא לנוח מעבודתו הרבה: אך היניטשרים מרדו"/></TextLine><TextLine ID="r1l18" BASELINE="1137" HEIGHT="55" WIDTH="1347" VPOS="1082" HPOS="140"><String ID="string_r1l18" HEIGHT="55" WIDTH="1347" VPOS="1082" HPOS="140" CONTENT="באדונם והוא הוכרח לשוב עוד הפעם עירה אנדרינופלא, ואחרי אשר השקיט את המרידה"/></TextLine><TextLine ID="r1l19" BASELINE="1195" HEIGHT="57" WIDTH="1341" VPOS="1138" HPOS="146"><String ID="string_r1l19" HEIGHT="57" WIDTH="1341" VPOS="1138" HPOS="146" CONTENT="נסע בראש צבאותיו להלחם עם הביזאנטים, ויקח מידם חלק גדול מחצי האי מוריאה"/></TextLine><TextLine ID="r1l20" BASELINE="1251" HEIGHT="58" WIDTH="1357" VPOS="1193" HPOS="141"><String ID="string_r1l20" HEIGHT="58" WIDTH="1357" VPOS="1193" HPOS="141" CONTENT="וכן ערי קורינט ופטרץ (פאטראם). בכל המקומות האלה ישבו היהודים מימי קדם, ואחוי"/></TextLine><TextLine ID="r1l21" BASELINE="1414" HEIGHT="50" WIDTH="1250" VPOS="1364" HPOS="135"><String ID="string_r1l21" HEIGHT="50" WIDTH="1250" VPOS="1364" HPOS="135" CONTENT="31) שו״תר׳ שמואל די מדינה (מהרשד״ם) חלק חשן המשפט שאלה שס״ר. הדברים"/></TextLine><TextLine ID="r1l22" BASELINE="1458" HEIGHT="43" WIDTH="440" VPOS="1415" HPOS="1048"><String ID="string_r1l22" HEIGHT="43" WIDTH="440" VPOS="1415" HPOS="1048" CONTENT="המובאים הם מעצם השאלה."/></TextLine><TextLine ID="r1l23" BASELINE="1506" HEIGHT="51" WIDTH="1254" VPOS="1455" HPOS="238"><String ID="string_r1l23" HEIGHT="51" WIDTH="1254" VPOS="1455" HPOS="238" CONTENT="32)...Les Juifs qui habitent a Constantinople, Adrianople, Bursie"/></TextLine><TextLine ID="r1l24" BASELINE="1549" HEIGHT="48" WIDTH="1365" VPOS="1501" HPOS="130"><String ID="string_r1l24" HEIGHT="48" WIDTH="1365" VPOS="1501" HPOS="130" CONTENT="Brusse), Salonique, Galipoli &amp; autres Iieus de la domination du Grand Ture)"/></TextLine><TextLine ID="r1l25" BASELINE="1595" HEIGHT="49" WIDTH="1368" VPOS="1546" HPOS="133"><String ID="string_r1l25" HEIGHT="49" WIDTH="1368" VPOS="1546" HPOS="133" CONTENT="sont tous vestus d'habits longs Comme les Grecs &amp; autres nations du"/></TextLine><TextLine ID="r1l26" BASELINE="1646" HEIGHT="55" WIDTH="1370" VPOS="1591" HPOS="126"><String ID="string_r1l26" HEIGHT="55" WIDTH="1370" VPOS="1591" HPOS="126" CONTENT=",Levant, mais pour marque et enseigne de connaissance entre les autres"/></TextLine><TextLine ID="r1l27" BASELINE="1693" HEIGHT="55" WIDTH="1348" VPOS="1638" HPOS="136"><String ID="string_r1l27" HEIGHT="55" WIDTH="1348" VPOS="1638" HPOS="136" CONTENT="iIs portent le turban de Couleur jaune (היהודים היושבים בקושטנדינא, אנדרינופלה,"/></TextLine><TextLine ID="r1l28" BASELINE="1738" HEIGHT="57" WIDTH="1354" VPOS="1681" HPOS="137"><String ID="string_r1l28" HEIGHT="57" WIDTH="1354" VPOS="1681" HPOS="137" CONTENT="ברוסה, סאלוניק, גאליפולי ומקומות אחרים של ממשלת התרכי הגדול כלם לבזשים מלבושים"/></TextLine><TextLine ID="r1l29" BASELINE="1788" HEIGHT="56" WIDTH="1353" VPOS="1732" HPOS="135"><String ID="string_r1l29" HEIGHT="56" WIDTH="1353" VPOS="1732" HPOS="135" CONTENT="ארוכים כמו היונים והעמים האחרים במזרח, אך לסימן ולאות הכרה בין (העמים) האחרים הם"/></TextLine><TextLine ID="r1l30" BASELINE="1836" HEIGHT="58" WIDTH="1356" VPOS="1778" HPOS="134"><String ID="string_r1l30" HEIGHT="58" WIDTH="1356" VPOS="1778" HPOS="134" CONTENT="ישאו המצנפת מצבע ירק כרתי (לימוני) N. de Nicolay, Les Orientales on les"/></TextLine><TextLine ID="r1l31" BASELINE="1880" HEIGHT="55" WIDTH="1361" VPOS="1825" HPOS="132"><String ID="string_r1l31" HEIGHT="55" WIDTH="1361" VPOS="1825" HPOS="132" CONTENT="Navigations en Turcquie, Anveres 1576 p. 168. וכן נראה בספרי השאלות ותשובות"/></TextLine><TextLine ID="r1l32" BASELINE="1928" HEIGHT="54" WIDTH="1361" VPOS="1874" HPOS="137"><String ID="string_r1l32" HEIGHT="54" WIDTH="1361" VPOS="1874" HPOS="137" CONTENT="כי צבע המצנפת הירוק (כרתי) היה פרטי ליהודים, עד אשר יוכר לאות ולראיה כי בעל"/></TextLine><TextLine ID="r1l33" BASELINE="1978" HEIGHT="51" WIDTH="810" VPOS="1927" HPOS="682"><String ID="string_r1l33" HEIGHT="51" WIDTH="810" VPOS="1927" HPOS="682" CONTENT="המצנפת היה יהודי, אם רק היתה מצבע ירוק (כרתי)."/></TextLine><TextLine ID="r1l34" BASELINE="2029" HEIGHT="50" WIDTH="1263" VPOS="1979" HPOS="129"><String ID="string_r1l34" HEIGHT="50" WIDTH="1263" VPOS="1979" HPOS="129" CONTENT="... „הר׳ צורי תושב גאליפולי נסע מאנדרינפולא יום א' י&#34;ז מרחשון שנת השי״ג"/></TextLine><TextLine ID="r1l35" BASELINE="2077" HEIGHT="54" WIDTH="1357" VPOS="2023" HPOS="128"><String ID="string_r1l35" HEIGHT="54" WIDTH="1357" VPOS="2023" HPOS="128" CONTENT="לבוא לביתו ולא בא, ואחרי ימים עברו חמרים מתושבי גאליפולי, ואמרו שראו על אם הדרך"/></TextLine><TextLine ID="r1l36" BASELINE="2131" HEIGHT="59" WIDTH="1351" VPOS="2072" HPOS="132"><String ID="string_r1l36" HEIGHT="59" WIDTH="1351" VPOS="2072" HPOS="132" CONTENT="ביער „קירקר קאבאק&#34; קצת מצנפת ירוקה׳... (שו&#34;ת מהריב״ל ר' יוסף ן' לב-חלק ב׳"/></TextLine><TextLine ID="r1l37" BASELINE="2169" HEIGHT="49" WIDTH="215" VPOS="2120" HPOS="1268"><String ID="string_r1l37" HEIGHT="49" WIDTH="215" VPOS="2120" HPOS="1268" CONTENT="שאלה ט&#34;ו)."/></TextLine><TextLine ID="r1l38" BASELINE="2219" HEIGHT="51" WIDTH="1258" VPOS="2168" HPOS="131"><String ID="string_r1l38" HEIGHT="51" WIDTH="1258" VPOS="2168" HPOS="131" CONTENT="....יוסף שאלתיאל היה דר בגאליפולי... ויהי היום וילך למסעיו ולא שב אל ביתו. ויצא"/></TextLine><TextLine ID="r1l39" BASELINE="2269" HEIGHT="54" WIDTH="1353" VPOS="2215" HPOS="129"><String ID="string_r1l39" HEIGHT="54" WIDTH="1353" VPOS="2215" HPOS="129" CONTENT="הקול בעיר שנהרג... ואחר כמה ימים בא ישמעאל אחד אל חנותו של ד' אברהם אלבילדא"/></TextLine><TextLine ID="r1l40" BASELINE="2314" HEIGHT="52" WIDTH="1360" VPOS="2262" HPOS="126"><String ID="string_r1l40" HEIGHT="52" WIDTH="1360" VPOS="2262" HPOS="126" CONTENT="שהוא מתושבי גאליפולי, ומשיח לפי תומו בלי שאלה ובלי שום דבור, אמר בהנעת הראש:"/></TextLine><TextLine ID="r1l41" BASELINE="2365" HEIGHT="56" WIDTH="1351" VPOS="2309" HPOS="132"><String ID="string_r1l41" HEIGHT="56" WIDTH="1351" VPOS="2309" HPOS="132" CONTENT="אוי ליוסף! שראיתיו הרוג ומושלך תחת הגשר וקצת מצנפת ירוקה אצל רגליו&#34;... (שו&#34;ת"/></TextLine><TextLine ID="r1l42" BASELINE="2413" HEIGHT="59" WIDTH="1351" VPOS="2354" HPOS="132"><String ID="string_r1l42" HEIGHT="59" WIDTH="1351" VPOS="2354" HPOS="132" CONTENT="מהריב״ל חלק א׳ שאלה ו). הצבע ירוק יובן בשאלות האלח ירוק כרתי, כי חירוק והירקרק"/></TextLine><TextLine ID="r1l43" BASELINE="2460" HEIGHT="58" WIDTH="890" VPOS="2402" HPOS="598"><String ID="string_r1l43" HEIGHT="58" WIDTH="890" VPOS="2402" HPOS="598" CONTENT="היה מיוחד דוקא לתרכים, כידוע לכל מכירי ארצות המזרח."/></TextLine></TextBlock></PrintSpace></Page></Layout></alto>