<?xml version="1.0" encoding="UTF-8"?><alto xmlns:xsi="http://www.w3.org/2001/XMLSchema-instance" xmlns="http://www.loc.gov/standards/alto/ns-v2#" xmlns:page="http://schema.primaresearch.org/PAGE/gts/pagecontent/2013-07-15" xsi:schemaLocation="http://schema.primaresearch.org/PAGE/gts/pagecontent/2013-07-15 http://schema.primaresearch.org/PAGE/gts/pagecontent/2013-07-15/pagecontent.xsd http://www.loc.gov/standards/alto/ns-v2# http://www.loc.gov/standards/alto/alto-v2.0.xsd"><Description><MeasurementUnit>pixel</MeasurementUnit></Description><Layout><Page ID="Page1" PHYSICAL_IMG_NR="1" HEIGHT="2601" WIDTH="1698"><TopMargin HEIGHT="0" WIDTH="1698" VPOS="0" HPOS="0"/><LeftMargin HEIGHT="2601" WIDTH="0" VPOS="0" HPOS="0"/><RightMargin HEIGHT="2601" WIDTH="0" VPOS="0" HPOS="1698"/><BottomMargin HEIGHT="0" WIDTH="1698" VPOS="2601" HPOS="0"/><PrintSpace HEIGHT="2601" WIDTH="1698" VPOS="0" HPOS="0"><TextBlock ID="r1" HEIGHT="2329" WIDTH="1348" VPOS="148" HPOS="214"><Shape><Polygon POINTS="214,148 214,2477 1562,2477 1562,148"/></Shape><TextLine ID="r1l2" BASELINE="190" HEIGHT="41" WIDTH="57" VPOS="149" HPOS="1500"><String ID="string_r1l2" HEIGHT="41" WIDTH="57" VPOS="149" HPOS="1500" CONTENT="8"/></TextLine><TextLine ID="r1l1" BASELINE="189" HEIGHT="46" WIDTH="401" VPOS="143" HPOS="688"><String ID="string_r1l1" HEIGHT="46" WIDTH="401" VPOS="143" HPOS="688" CONTENT="דברי ימי ישראל בתוגרמה"/></TextLine><TextLine ID="r1l4" BASELINE="309" HEIGHT="59" WIDTH="1338" VPOS="250" HPOS="218"><String ID="string_r1l4" HEIGHT="59" WIDTH="1338" VPOS="250" HPOS="218" CONTENT="יוהן סטראסימור אחי יוהן שישמאן. אחרי כבישת ניקופול לא אחרו התוגרמים "/></TextLine><TextLine ID="r1l5" BASELINE="361" HEIGHT="56" WIDTH="1345" VPOS="305" HPOS="219"><String ID="string_r1l5" HEIGHT="56" WIDTH="1345" VPOS="305" HPOS="219" CONTENT="לצור על העיר הזאת, אשר פתחה לפניהם שעריה אחרי אשר נמלט המלך לעיר"/></TextLine><TextLine ID="r1l6" BASELINE="411" HEIGHT="49" WIDTH="705" VPOS="362" HPOS="859"><String ID="string_r1l6" HEIGHT="49" WIDTH="705" VPOS="362" HPOS="859" CONTENT="בילונראדו בסרביה ומשם לאוסטריה. "/></TextLine><TextLine ID="r1l7" BASELINE="474" HEIGHT="59" WIDTH="1248" VPOS="415" HPOS="213"><String ID="string_r1l7" HEIGHT="59" WIDTH="1248" VPOS="415" HPOS="213" CONTENT="בניקופול ובוידין מצאו המנצחים מלבד יהודים בולגארים ויונים (בני רומאניא)"/></TextLine><TextLine ID="r1l8" BASELINE="527" HEIGHT="49" WIDTH="1340" VPOS="478" HPOS="227"><String ID="string_r1l8" HEIGHT="49" WIDTH="1340" VPOS="478" HPOS="227" CONTENT="תושבי הערים מקדם, גם יהודים הונגרים מקרוב באו, אשר היו כמו מורי הדרך"/></TextLine><TextLine ID="r1l9" BASELINE="581" HEIGHT="55" WIDTH="1338" VPOS="526" HPOS="224"><String ID="string_r1l9" HEIGHT="55" WIDTH="1338" VPOS="526" HPOS="224" CONTENT="לתרכים להונגאריה. האמללים האלה גורשו מארץ מולדתם אשר ישבו בה לפני מאות"/></TextLine><TextLine ID="r1l10" BASELINE="640" HEIGHT="60" WIDTH="1339" VPOS="580" HPOS="224"><String ID="string_r1l10" HEIGHT="60" WIDTH="1339" VPOS="580" HPOS="224" CONTENT="בשנים בפקודת המלך ההונגארי לודויגא' בשנת קל&#34;ו (1376), ונתקבלו בארץ ולאכיה"/></TextLine><TextLine ID="r1l11" BASELINE="694" HEIGHT="58" WIDTH="1337" VPOS="636" HPOS="221"><String ID="string_r1l11" HEIGHT="58" WIDTH="1337" VPOS="636" HPOS="221" CONTENT="ע&#34;י הנסיך דן אשר נתן להם מקום לשבת המבצר טור ן 14) (כהיום טורנו-"/></TextLine><TextLine ID="r1l12" BASELINE="749" HEIGHT="57" WIDTH="1095" VPOS="692" HPOS="470"><String ID="string_r1l12" HEIGHT="57" WIDTH="1095" VPOS="692" HPOS="470" CONTENT="מאגורילי), מנגד לניקיפול, ומשם עברו והתישבו בה וכן בעיר וידין."/></TextLine><TextLine ID="r1l13" BASELINE="804" HEIGHT="55" WIDTH="1251" VPOS="749" HPOS="213"><String ID="string_r1l13" HEIGHT="55" WIDTH="1251" VPOS="749" HPOS="213" CONTENT="בראש הקהל בוידין עמדו, בעת אשר נלכדה העיר בידי התוגרמים, רבנים"/></TextLine><TextLine ID="r1l14" BASELINE="862" HEIGHT="58" WIDTH="1255" VPOS="804" HPOS="303"><String ID="string_r1l14" HEIGHT="58" WIDTH="1255" VPOS="804" HPOS="303" CONTENT="רבים ובתוכם נודעו לנו: ר' משה היוני ור׳ שלום אשכנזי מנוושטט (neustadt)."/></TextLine><TextLine ID="r1l15" BASELINE="920" HEIGHT="55" WIDTH="1257" VPOS="865" HPOS="214"><String ID="string_r1l15" HEIGHT="55" WIDTH="1257" VPOS="865" HPOS="214" CONTENT="ציור מחיי המשפחה ומנהגי היהודים בוידין בעת ההיא נמצא בתקנה זו שנעשתה"/></TextLine><TextLine ID="r1l16" BASELINE="971" HEIGHT="55" WIDTH="315" VPOS="916" HPOS="1241"><String ID="string_r1l16" HEIGHT="55" WIDTH="315" VPOS="916" HPOS="1241" CONTENT="קרוב לימים ההם:"/></TextLine><TextLine ID="r1l17" BASELINE="1028" HEIGHT="56" WIDTH="1236" VPOS="972" HPOS="222"><String ID="string_r1l17" HEIGHT="56" WIDTH="1236" VPOS="972" HPOS="222" CONTENT="„ברביעי בשבת חמשה ימים למרחשון שנת חמשת אלפים ומאה ושלשים ושבעה"/></TextLine><TextLine ID="r1l18" BASELINE="1082" HEIGHT="55" WIDTH="1353" VPOS="1027" HPOS="215"><String ID="string_r1l18" HEIGHT="55" WIDTH="1353" VPOS="1027" HPOS="215" CONTENT="ליצירה למנין שאנו מונין כאן פה קהל בדין (כן נקראה בימי הבולגארים עיר וידין),"/></TextLine><TextLine ID="r1l19" BASELINE="1136" HEIGHT="57" WIDTH="1353" VPOS="1079" HPOS="216"><String ID="string_r1l19" HEIGHT="57" WIDTH="1353" VPOS="1079" HPOS="216" CONTENT="הסכמנו אנחנו תושבי הקהל החתומים בסוף הכתב הזה, לבקש תקנה לבנות ישראל"/></TextLine><TextLine ID="r1l20" BASELINE="1192" HEIGHT="60" WIDTH="1334" VPOS="1132" HPOS="226"><String ID="string_r1l20" HEIGHT="60" WIDTH="1334" VPOS="1132" HPOS="226" CONTENT="שלא תהיינה קלות בעיני בעליהן לגרשן, כי ראינו סדר שומת העברת נדוניא אשר בקהלנו"/></TextLine><TextLine ID="r1l21" BASELINE="1245" HEIGHT="57" WIDTH="1339" VPOS="1188" HPOS="227"><String ID="string_r1l21" HEIGHT="57" WIDTH="1339" VPOS="1188" HPOS="227" CONTENT="משונה מסדר שומת העברת נדוניא אשר בשאר קהלות בני עמנו אשר סביבותינו, ולכן הואלנו"/></TextLine><TextLine ID="r1l22" BASELINE="1303" HEIGHT="57" WIDTH="1341" VPOS="1246" HPOS="223"><String ID="string_r1l22" HEIGHT="57" WIDTH="1341" VPOS="1246" HPOS="223" CONTENT="והסכמנו מן היום הזה ולהבא, שכל איש ואשה אשר ישיאו את בתם לאיש, הן תושב"/></TextLine><TextLine ID="r1l23" BASELINE="1355" HEIGHT="51" WIDTH="1340" VPOS="1304" HPOS="217"><String ID="string_r1l23" HEIGHT="51" WIDTH="1340" VPOS="1304" HPOS="217" CONTENT="העיר הן ממקום אחר, וידרו לו נדוניא כפי מה שיתפשרו ביניהם, ובעת העברת"/></TextLine><TextLine ID="r1l24" BASELINE="1413" HEIGHT="57" WIDTH="1345" VPOS="1356" HPOS="220"><String ID="string_r1l24" HEIGHT="57" WIDTH="1345" VPOS="1356" HPOS="220" CONTENT="הנדוניא יעריכו המעריכים כל מה שיכתב בנדונית החתן, מטבע וזהב וכסף ומרגליות"/></TextLine><TextLine ID="r1l25" BASELINE="1470" HEIGHT="56" WIDTH="1345" VPOS="1414" HPOS="217"><String ID="string_r1l25" HEIGHT="56" WIDTH="1345" VPOS="1414" HPOS="217" CONTENT="ובנדי מלבושי החתן והכלה, וברים וכסתות וקרקעות מכלי אגנות ועד כל כלי הנבלים,"/></TextLine><TextLine ID="r1l26" BASELINE="1525" HEIGHT="57" WIDTH="1342" VPOS="1468" HPOS="221"><String ID="string_r1l26" HEIGHT="57" WIDTH="1342" VPOS="1468" HPOS="221" CONTENT="מעות כפי מה ששוים במכר השוק, וסך המעות שיעלו הנכסים שהכניסה לו הכלה"/></TextLine><TextLine ID="r1l27" BASELINE="1581" HEIGHT="51" WIDTH="1332" VPOS="1530" HPOS="221"><String ID="string_r1l27" HEIGHT="51" WIDTH="1332" VPOS="1530" HPOS="221" CONTENT="יוסיף החתן תוספת כתובה חוץ מכתובתה דרבנן, ויכתבו בשטר הכתובה סך הכתובה"/></TextLine><TextLine ID="r1l28" BASELINE="1639" HEIGHT="61" WIDTH="1343" VPOS="1578" HPOS="217"><String ID="string_r1l28" HEIGHT="61" WIDTH="1343" VPOS="1578" HPOS="217" CONTENT="והנדוניא והתוספת כך וכך מעות, ואם ח&#34;ו תמות האשה בחיי בעלה ולא נשאר לו"/></TextLine><TextLine ID="r1l29" BASELINE="1693" HEIGHT="58" WIDTH="1349" VPOS="1635" HPOS="221"><String ID="string_r1l29" HEIGHT="58" WIDTH="1349" VPOS="1635" HPOS="221" CONTENT="ממנה ולד של קיימא, יירש הבעל שליש הנכסים שהכניסה לו ושני שלישים ליורשיה,"/></TextLine><TextLine ID="r1l30" BASELINE="1746" HEIGHT="54" WIDTH="1345" VPOS="1692" HPOS="225"><String ID="string_r1l30" HEIGHT="54" WIDTH="1345" VPOS="1692" HPOS="225" CONTENT="וכל חתן בטרם שיכנס לחופה שיקבל עליו שבועה שלא ישא אחרת על אשתו, הן"/></TextLine><TextLine ID="r1l31" BASELINE="1801" HEIGHT="54" WIDTH="1360" VPOS="1747" HPOS="209"><String ID="string_r1l31" HEIGHT="54" WIDTH="1360" VPOS="1747" HPOS="209" CONTENT="בעירו הן בעיר אחרת, אם לא יהיה מאותם שחייבו רז&#34;ל שישא אשה אחרת,"/></TextLine><TextLine ID="r1l32" BASELINE="1859" HEIGHT="56" WIDTH="1355" VPOS="1803" HPOS="209"><String ID="string_r1l32" HEIGHT="56" WIDTH="1355" VPOS="1803" HPOS="209" CONTENT="והתנאים השנים האלה יכתבו בכל שטרי הכתובות הנכתבין בקהלנו זה. וכל"/></TextLine><TextLine ID="r1l33" BASELINE="1915" HEIGHT="51" WIDTH="1350" VPOS="1864" HPOS="214"><String ID="string_r1l33" HEIGHT="51" WIDTH="1350" VPOS="1864" HPOS="214" CONTENT="איש בני עמנו אשר יבוא מארץ רחוקה (כנראה פה ידובר ממגורשי הונגריה), אשר"/></TextLine><TextLine ID="r1l34" BASELINE="1969" HEIGHT="54" WIDTH="1350" VPOS="1915" HPOS="214"><String ID="string_r1l34" HEIGHT="54" WIDTH="1350" VPOS="1915" HPOS="214" CONTENT="לא ידעוהו מאנשי קהלנו מתמול שלשום. שלא ישאו לו אשה מבנות קהלנו הן"/></TextLine><TextLine ID="r1l35" BASELINE="2028" HEIGHT="58" WIDTH="1352" VPOS="1970" HPOS="212"><String ID="string_r1l35" HEIGHT="58" WIDTH="1352" VPOS="1970" HPOS="212" CONTENT="תושבות הן אכסנאות עד שיעברו עליו שלשה שנים תוך קהלנו, כדי שיבאר לנו אם"/></TextLine><TextLine ID="r1l36" BASELINE="2082" HEIGHT="54" WIDTH="1354" VPOS="2028" HPOS="217"><String ID="string_r1l36" HEIGHT="54" WIDTH="1354" VPOS="2028" HPOS="217" CONTENT="הוא נשוי אשה במקום אחר אם לאו, ואם יכירוהו שלשה אנשים נאמנים מבני עמנו"/></TextLine><TextLine ID="r1l37" BASELINE="2140" HEIGHT="58" WIDTH="1349" VPOS="2082" HPOS="214"><String ID="string_r1l37" HEIGHT="58" WIDTH="1349" VPOS="2082" HPOS="214" CONTENT="כי אין לו אשה אחרת ואין עול בכפיו בעירו, יהיה לו רשות לישא תוך שנה, וכל"/></TextLine><TextLine ID="r1l38" BASELINE="2193" HEIGHT="52" WIDTH="1350" VPOS="2141" HPOS="217"><String ID="string_r1l38" HEIGHT="52" WIDTH="1350" VPOS="2141" HPOS="217" CONTENT="איש או אשה שיתפיסו שניהם על ידי שדוכין או אבותיהם קנו קנין וכתבו שטר"/></TextLine><TextLine ID="r1l39" BASELINE="2249" HEIGHT="58" WIDTH="1345" VPOS="2191" HPOS="219"><String ID="string_r1l39" HEIGHT="58" WIDTH="1345" VPOS="2191" HPOS="219" CONTENT="ביניהם, ואחר זמן חזר האחד מהם ממה שהתנה בלי סבה אשר נזרו רז&#34;ל, או שנתרצו"/></TextLine><TextLine ID="r1l40" BASELINE="2307" HEIGHT="59" WIDTH="1349" VPOS="2248" HPOS="214"><String ID="string_r1l40" HEIGHT="59" WIDTH="1349" VPOS="2248" HPOS="214" CONTENT="שניהם אם איש הוא או אשה, לא ינשאו בקהלנו זה, וכל איש מבני עמנו שיש לו"/></TextLine><TextLine ID="r1l41" BASELINE="2367" HEIGHT="61" WIDTH="1358" VPOS="2306" HPOS="206"><String ID="string_r1l41" HEIGHT="61" WIDTH="1358" VPOS="2306" HPOS="206" CONTENT="דין ותביעת ממון מדיני אישות שיהיה נדון בדיני ישראל, ואם יהיה האחד סרבן ולא"/></TextLine><TextLine ID="r1l42" BASELINE="2475" HEIGHT="57" WIDTH="886" VPOS="2418" HPOS="571"><String ID="string_r1l42" HEIGHT="57" WIDTH="886" VPOS="2418" HPOS="571" CONTENT="14) ראה בסוף הס׳ הציונים לבני הונגריא ומולדו ולאכיאה."/></TextLine></TextBlock></PrintSpace></Page></Layout></alto>