<?xml version="1.0" encoding="UTF-8"?><alto xmlns:xsi="http://www.w3.org/2001/XMLSchema-instance" xmlns="http://www.loc.gov/standards/alto/ns-v2#" xmlns:page="http://schema.primaresearch.org/PAGE/gts/pagecontent/2013-07-15" xsi:schemaLocation="http://schema.primaresearch.org/PAGE/gts/pagecontent/2013-07-15 http://schema.primaresearch.org/PAGE/gts/pagecontent/2013-07-15/pagecontent.xsd http://www.loc.gov/standards/alto/ns-v2# http://www.loc.gov/standards/alto/alto-v2.0.xsd"><Description><MeasurementUnit>pixel</MeasurementUnit></Description><Layout><Page ID="Page1" PHYSICAL_IMG_NR="1" HEIGHT="2601" WIDTH="1740"><TopMargin HEIGHT="0" WIDTH="1740" VPOS="0" HPOS="0"/><LeftMargin HEIGHT="2601" WIDTH="0" VPOS="0" HPOS="0"/><RightMargin HEIGHT="2601" WIDTH="0" VPOS="0" HPOS="1740"/><BottomMargin HEIGHT="0" WIDTH="1740" VPOS="2601" HPOS="0"/><PrintSpace HEIGHT="2601" WIDTH="1740" VPOS="0" HPOS="0"><TextBlock ID="r1" HEIGHT="1369" WIDTH="1324" VPOS="248" HPOS="173"><Shape><Polygon POINTS="173,248 173,1617 1497,1617 1497,248"/></Shape><TextLine ID="r1l1" BASELINE="297" HEIGHT="56" WIDTH="874" VPOS="241" HPOS="380"><String ID="string_r1l1" HEIGHT="56" WIDTH="874" VPOS="241" HPOS="380" CONTENT="פרק ו' מדינת דמשק. סוריא, ארץ-ישראל, ומצרים"/></TextLine><TextLine ID="r1l2" BASELINE="359" HEIGHT="56" WIDTH="507" VPOS="303" HPOS="582"><String ID="string_r1l2" HEIGHT="56" WIDTH="507" VPOS="303" HPOS="582" CONTENT="תחת ממשלת שלטן שלים א׳"/></TextLine><TextLine ID="r1l3" BASELINE="420" HEIGHT="44" WIDTH="1224" VPOS="376" HPOS="166"><String ID="string_r1l3" HEIGHT="44" WIDTH="1224" VPOS="376" HPOS="166" CONTENT="עדת דמשק וארם צובא — העדה בירושלים. — ר' עובדיה ברטנורא — התקנות בירושלים. —ר' ישראל"/></TextLine><TextLine ID="r1l4" BASELINE="465" HEIGHT="47" WIDTH="1323" VPOS="418" HPOS="166"><String ID="string_r1l4" HEIGHT="47" WIDTH="1323" VPOS="418" HPOS="166" CONTENT="אשכנזי. — העדה בעזה — חברון. צידון —ר' יוסף סאראגוסי— ראשית ההתישבות בצפת.— ראשית הנגידות"/></TextLine><TextLine ID="r1l5" BASELINE="516" HEIGHT="50" WIDTH="1323" VPOS="466" HPOS="168"><String ID="string_r1l5" HEIGHT="50" WIDTH="1323" VPOS="466" HPOS="168" CONTENT="במצרים.  ר' יצחק הכהן שולל.—ר' משה ן' אלשקר —ר' שמואל בן סידי — ר' שמואל חקאן הלוי.—"/></TextLine><TextLine ID="line_1552481393012_365" BASELINE="558" HEIGHT="48" WIDTH="1321" VPOS="510" HPOS="171"><String ID="string_line_1552481393012_365" HEIGHT="48" WIDTH="1321" VPOS="510" HPOS="171" CONTENT="ר' דוד ן' זמרא — תקנו׳ ר' דוד בן זמרא. - העדה באלכסנדריא — ר' אברהם לבית הסופר. — עדת"/></TextLine><TextLine ID="line_1552481413751_379" BASELINE="593" HEIGHT="34" WIDTH="635" VPOS="559" HPOS="861"><String ID="string_line_1552481413751_379" HEIGHT="34" WIDTH="635" VPOS="559" HPOS="861" CONTENT="רשיד. — מנהגי היהודים במצרים. – ע׳ 202-175."/></TextLine><TextLine ID="r1l10" BASELINE="835" HEIGHT="53" WIDTH="226" VPOS="782" HPOS="719"><String ID="string_r1l10" HEIGHT="53" WIDTH="226" VPOS="782" HPOS="719" CONTENT="ציונים"/></TextLine><TextLine ID="r1l12" BASELINE="908" HEIGHT="33" WIDTH="92" VPOS="875" HPOS="925"><String ID="string_r1l12" HEIGHT="33" WIDTH="92" VPOS="875" HPOS="925" CONTENT="עמוד"/></TextLine><TextLine ID="r1l11" BASELINE="907" HEIGHT="31" WIDTH="75" VPOS="876" HPOS="322"><String ID="string_r1l11" HEIGHT="31" WIDTH="75" VPOS="876" HPOS="322" CONTENT="עמוד"/></TextLine><TextLine ID="line_1552481451061_398" BASELINE="960" HEIGHT="54" WIDTH="286" VPOS="906" HPOS="1110"><String ID="string_line_1552481451061_398" HEIGHT="54" WIDTH="286" VPOS="906" HPOS="1110" CONTENT="ציון א׳ בני רימניא"/></TextLine><TextLine ID="r1l15" BASELINE="953" HEIGHT="29" WIDTH="84" VPOS="924" HPOS="922"><String ID="string_r1l15" HEIGHT="29" WIDTH="84" VPOS="924" HPOS="922" CONTENT="203"/></TextLine><TextLine ID="r1l14" BASELINE="961" HEIGHT="53" WIDTH="269" VPOS="908" HPOS="582"><String ID="string_r1l14" HEIGHT="53" WIDTH="269" VPOS="908" HPOS="582" CONTENT="ציון ב׳. בני צרפת"/></TextLine><TextLine ID="r1l13" BASELINE="952" HEIGHT="31" WIDTH="83" VPOS="921" HPOS="334"><String ID="string_r1l13" HEIGHT="31" WIDTH="83" VPOS="921" HPOS="334" CONTENT="218"/></TextLine><TextLine ID="r1l17" BASELINE="1012" HEIGHT="39" WIDTH="293" VPOS="973" HPOS="1102"><String ID="string_r1l17" HEIGHT="39" WIDTH="293" VPOS="973" HPOS="1102" CONTENT="ציון ג׳. בני אונגריא."/></TextLine><TextLine ID="r1l18" BASELINE="1007" HEIGHT="32" WIDTH="86" VPOS="975" HPOS="920"><String ID="string_r1l18" HEIGHT="32" WIDTH="86" VPOS="975" HPOS="920" CONTENT="220"/></TextLine><TextLine ID="r1l16" BASELINE="1013" HEIGHT="43" WIDTH="303" VPOS="970" HPOS="560"><String ID="string_r1l16" HEIGHT="43" WIDTH="303" VPOS="970" HPOS="560" CONTENT="ציון ד׳. בני איטליא."/></TextLine><TextLine ID="line_1552481498554_431" BASELINE="1008" HEIGHT="34" WIDTH="75" VPOS="974" HPOS="343"><String ID="string_line_1552481498554_431" HEIGHT="34" WIDTH="75" VPOS="974" HPOS="343" CONTENT="225"/></TextLine><TextLine ID="line_1552481541858_488" BASELINE="1066" HEIGHT="41" WIDTH="258" VPOS="1025" HPOS="1140"><String ID="string_line_1552481541858_488" HEIGHT="41" WIDTH="258" VPOS="1025" HPOS="1140" CONTENT="ציון ה' אשכנזים."/></TextLine><TextLine ID="line_1552481544728_493" BASELINE="1061" HEIGHT="32" WIDTH="65" VPOS="1029" HPOS="934"><String ID="string_line_1552481544728_493" HEIGHT="32" WIDTH="65" VPOS="1029" HPOS="934" CONTENT="238"/></TextLine><TextLine ID="r1l19" BASELINE="1068" HEIGHT="47" WIDTH="432" VPOS="1021" HPOS="422"><String ID="string_r1l19" HEIGHT="47" WIDTH="432" VPOS="1021" HPOS="422" CONTENT="ציון ו׳. בני מולדו-ואלכיאה."/></TextLine><TextLine ID="r1l20" BASELINE="1059" HEIGHT="31" WIDTH="80" VPOS="1028" HPOS="348"><String ID="string_r1l20" HEIGHT="31" WIDTH="80" VPOS="1028" HPOS="348" CONTENT="262"/></TextLine><TextLine ID="r1l21" BASELINE="1122" HEIGHT="44" WIDTH="393" VPOS="1078" HPOS="1008"><String ID="string_r1l21" HEIGHT="44" WIDTH="393" VPOS="1078" HPOS="1008" CONTENT="ציון ז'. בני ארצות הסלאוים."/></TextLine><TextLine ID="r1l22" BASELINE="1117" HEIGHT="32" WIDTH="70" VPOS="1085" HPOS="926"><String ID="string_r1l22" HEIGHT="32" WIDTH="70" VPOS="1085" HPOS="926" CONTENT="263"/></TextLine><TextLine ID="r1l23" BASELINE="1123" HEIGHT="41" WIDTH="515" VPOS="1082" HPOS="341"><String ID="string_r1l23" HEIGHT="41" WIDTH="515" VPOS="1082" HPOS="341" CONTENT="ציון ח' בני נאוארה ופריב'ינצא. 265"/></TextLine><TextLine ID="r1l24" BASELINE="1178" HEIGHT="44" WIDTH="273" VPOS="1134" HPOS="1124"><String ID="string_r1l24" HEIGHT="44" WIDTH="273" VPOS="1134" HPOS="1124" CONTENT="ציון ט׳. בני מערב."/></TextLine><TextLine ID="r1l25" BASELINE="1173" HEIGHT="36" WIDTH="73" VPOS="1137" HPOS="920"><String ID="string_r1l25" HEIGHT="36" WIDTH="73" VPOS="1137" HPOS="920" CONTENT="267"/></TextLine><TextLine ID="line_1552481729352_617" BASELINE="1235" HEIGHT="53" WIDTH="1201" VPOS="1182" HPOS="187"><String ID="string_line_1552481729352_617" HEIGHT="53" WIDTH="1201" VPOS="1182" HPOS="187" CONTENT="ציון י'. ספרדים, ובו נכללו: בני קשטיליא, בני אראנון, מגלת סאראנוסא (סרקסטא)"/></TextLine><TextLine ID="r1l30" BASELINE="1278" HEIGHT="70" WIDTH="497" VPOS="1208" HPOS="1008"><String ID="string_r1l30" HEIGHT="70" WIDTH="497" VPOS="1208" HPOS="1008" CONTENT="בני קטלוניא, בני אנדלוסיא וגראנטה."/></TextLine><TextLine ID="r1l29" BASELINE="1269" HEIGHT="33" WIDTH="82" VPOS="1236" HPOS="338"><String ID="string_r1l29" HEIGHT="33" WIDTH="82" VPOS="1236" HPOS="338" CONTENT="268"/></TextLine><TextLine ID="r1l31" BASELINE="1323" HEIGHT="41" WIDTH="337" VPOS="1282" HPOS="1057"><String ID="string_r1l31" HEIGHT="41" WIDTH="337" VPOS="1282" HPOS="1057" CONTENT="ציון י&#34;א. בני פורטוגאל-"/></TextLine><TextLine ID="line_1552481549304_498" BASELINE="1317" HEIGHT="36" WIDTH="72" VPOS="1281" HPOS="344"><String ID="string_line_1552481549304_498" HEIGHT="36" WIDTH="72" VPOS="1281" HPOS="344" CONTENT="312"/></TextLine><TextLine ID="r1l33" BASELINE="1371" HEIGHT="43" WIDTH="577" VPOS="1328" HPOS="822"><String ID="string_r1l33" HEIGHT="43" WIDTH="577" VPOS="1328" HPOS="822" CONTENT="ציון י&#34;ב. בתי הדפוס הראשונים בתיגרמה."/></TextLine><TextLine ID="r1l32" BASELINE="1364" HEIGHT="33" WIDTH="71" VPOS="1331" HPOS="347"><String ID="string_r1l32" HEIGHT="33" WIDTH="71" VPOS="1331" HPOS="347" CONTENT="318"/></TextLine><TextLine ID="r1l35" BASELINE="1558" HEIGHT="46" WIDTH="410" VPOS="1512" HPOS="989"><String ID="string_r1l35" HEIGHT="46" WIDTH="410" VPOS="1512" HPOS="989" CONTENT="רשימת הספרים עד שנת ר&#34;פ."/></TextLine><TextLine ID="line_1552481664016_579" BASELINE="1561" HEIGHT="36" WIDTH="76" VPOS="1525" HPOS="345"><String ID="string_line_1552481664016_579" HEIGHT="36" WIDTH="76" VPOS="1525" HPOS="345" CONTENT="322"/></TextLine><TextLine ID="r1l36" BASELINE="1615" HEIGHT="39" WIDTH="481" VPOS="1576" HPOS="917"><String ID="string_r1l36" HEIGHT="39" WIDTH="481" VPOS="1576" HPOS="917" CONTENT="התנצלות המחבר למהדורא הראשינה"/></TextLine><TextLine ID="line_1552481676477_587" BASELINE="1614" HEIGHT="36" WIDTH="61" VPOS="1578" HPOS="350"><String ID="string_line_1552481676477_587" HEIGHT="36" WIDTH="61" VPOS="1578" HPOS="350" CONTENT="327"/></TextLine></TextBlock></PrintSpace></Page></Layout></alto>