<?xml version="1.0" encoding="UTF-8"?><alto xmlns:xsi="http://www.w3.org/2001/XMLSchema-instance" xmlns="http://www.loc.gov/standards/alto/ns-v2#" xmlns:page="http://schema.primaresearch.org/PAGE/gts/pagecontent/2013-07-15" xsi:schemaLocation="http://schema.primaresearch.org/PAGE/gts/pagecontent/2013-07-15 http://schema.primaresearch.org/PAGE/gts/pagecontent/2013-07-15/pagecontent.xsd http://www.loc.gov/standards/alto/ns-v2# http://www.loc.gov/standards/alto/alto-v2.0.xsd"><Description><MeasurementUnit>pixel</MeasurementUnit></Description><Layout><Page ID="Page1" PHYSICAL_IMG_NR="1" HEIGHT="2604" WIDTH="1675"><TopMargin HEIGHT="0" WIDTH="1675" VPOS="0" HPOS="0"/><LeftMargin HEIGHT="2604" WIDTH="0" VPOS="0" HPOS="0"/><RightMargin HEIGHT="2604" WIDTH="0" VPOS="0" HPOS="1675"/><BottomMargin HEIGHT="0" WIDTH="1675" VPOS="2604" HPOS="0"/><PrintSpace HEIGHT="2604" WIDTH="1675" VPOS="0" HPOS="0"><TextBlock ID="r1" HEIGHT="2328" WIDTH="1343" VPOS="149" HPOS="103"><Shape><Polygon POINTS="103,149 103,2477 1446,2477 1446,149"/></Shape><TextLine ID="r1l1" BASELINE="189" HEIGHT="56" WIDTH="327" VPOS="133" HPOS="613"><String ID="string_r1l1" HEIGHT="56" WIDTH="327" VPOS="133" HPOS="613" CONTENT="השלטנים הראשונים"/></TextLine><TextLine ID="line_1552918411499_514" BASELINE="188" HEIGHT="48" WIDTH="56" VPOS="140" HPOS="115"><String ID="string_line_1552918411499_514" HEIGHT="48" WIDTH="56" VPOS="140" HPOS="115" CONTENT="9"/></TextLine><TextLine ID="r1l2" BASELINE="309" HEIGHT="66" WIDTH="1346" VPOS="243" HPOS="107"><String ID="string_r1l2" HEIGHT="66" WIDTH="1346" VPOS="243" HPOS="107" CONTENT="ישמע לבית דין ישראל, יהיה בעל ריבו רשאי לילך בערכאות של נכרים ברשות"/></TextLine><TextLine ID="r1l3" BASELINE="357" HEIGHT="58" WIDTH="1331" VPOS="299" HPOS="111"><String ID="string_r1l3" HEIGHT="58" WIDTH="1331" VPOS="299" HPOS="111" CONTENT="דייני ישראל, וכל איש מבני עמנו אשר ירצה לבטל הסכמותינו אלה או אחד מהנה,"/></TextLine><TextLine ID="r1l4" BASELINE="410" HEIGHT="57" WIDTH="1328" VPOS="353" HPOS="114"><String ID="string_r1l4" HEIGHT="57" WIDTH="1328" VPOS="353" HPOS="114" CONTENT="שלא יהיה רשאי שום אדם מבני עמנו שיתערב בשמחתו ויהיה הוא ועוזריו וכל הנועדים"/></TextLine><TextLine ID="r1l5" BASELINE="468" HEIGHT="59" WIDTH="1338" VPOS="409" HPOS="111"><String ID="string_r1l5" HEIGHT="59" WIDTH="1338" VPOS="409" HPOS="111" CONTENT="עמו בנדוי ובשמתא, ולא יהיה שום אדם רשאי להתיר נדויינו זה אם לא שיהיה בית"/></TextLine><TextLine ID="r1l6" BASELINE="525" HEIGHT="53" WIDTH="1100" VPOS="472" HPOS="351"><String ID="string_r1l6" HEIGHT="53" WIDTH="1100" VPOS="472" HPOS="351" CONTENT="דין יותר גדול מהחתומים בכתב הזה בחכמה ובמנין שריר וקיים״ 15)."/></TextLine><TextLine ID="r1l7" BASELINE="577" HEIGHT="58" WIDTH="1239" VPOS="519" HPOS="103"><String ID="string_r1l7" HEIGHT="58" WIDTH="1239" VPOS="519" HPOS="103" CONTENT="אחרי אשר נכבש כל חבל אדמת בולגאריה לפני השלטן באיאזיד, החלה"/></TextLine><TextLine ID="r1l8" BASELINE="631" HEIGHT="53" WIDTH="1332" VPOS="578" HPOS="112"><String ID="string_r1l8" HEIGHT="53" WIDTH="1332" VPOS="578" HPOS="112" CONTENT="המלחמה בקצה הממשלה בפאת אסיא, כי בימים ההם עלו הטרטרים בארצותיו"/></TextLine><TextLine ID="r1l9" BASELINE="688" HEIGHT="55" WIDTH="1335" VPOS="633" HPOS="113"><String ID="string_r1l9" HEIGHT="55" WIDTH="1335" VPOS="633" HPOS="113" CONTENT="ובראשם ההימיר טימורלינג (טאמירלאן). התרכים נפגשו עם הטרטרים אצל אננורה,"/></TextLine><TextLine ID="r1l10" BASELINE="745" HEIGHT="58" WIDTH="1344" VPOS="687" HPOS="102"><String ID="string_r1l10" HEIGHT="58" WIDTH="1344" VPOS="687" HPOS="102" CONTENT="אך בפעם הזאת פנתה להם ההצלחה עורף כי נפגעו לפני אויביהם, והשלטן נתפס"/></TextLine><TextLine ID="r1l11" BASELINE="799" HEIGHT="55" WIDTH="1344" VPOS="744" HPOS="101"><String ID="string_r1l11" HEIGHT="55" WIDTH="1344" VPOS="744" HPOS="101" CONTENT="חי (י&#34;ט אב קס״ב 1402) וימת שנה אחת אחרי כן בהיותו במאסר, על כן יקראו אותו"/></TextLine><TextLine ID="r1l12" BASELINE="851" HEIGHT="55" WIDTH="1342" VPOS="796" HPOS="110"><String ID="string_r1l12" HEIGHT="55" WIDTH="1342" VPOS="796" HPOS="110" CONTENT="סופרי דברי הימים באיאזיד איל דירים או הברק, כי כברק האיר פתאום"/></TextLine><TextLine ID="r1l13" BASELINE="892" HEIGHT="45" WIDTH="664" VPOS="847" HPOS="786"><String ID="string_r1l13" HEIGHT="45" WIDTH="664" VPOS="847" HPOS="786" CONTENT="וינצח ארצות רבות, וכמוהו כבה פתאום."/></TextLine><TextLine ID="r1l14" BASELINE="959" HEIGHT="60" WIDTH="1239" VPOS="899" HPOS="107"><String ID="string_r1l14" HEIGHT="60" WIDTH="1239" VPOS="899" HPOS="107" CONTENT="מארבעת בניו, יכלו השלשה לברוח משדה הקרב, האחד  שוליימאן הלך"/></TextLine><TextLine ID="r1l15" BASELINE="1011" HEIGHT="58" WIDTH="1344" VPOS="953" HPOS="110"><String ID="string_r1l15" HEIGHT="58" WIDTH="1344" VPOS="953" HPOS="110" CONTENT="לאנדרינופלא ושם נכתר במקום אביו, השני מחמד הלך לאמאסיא, והשלישי"/></TextLine><TextLine ID="r1l16" BASELINE="1064" HEIGHT="54" WIDTH="1331" VPOS="1010" HPOS="116"><String ID="string_r1l16" HEIGHT="54" WIDTH="1331" VPOS="1010" HPOS="116" CONTENT="איסה—לברוסה, ובעוד שמנה שנים נלחמו האחים האלה איש ברעהו, עד אשר גבר"/></TextLine><TextLine ID="r1l17" BASELINE="1123" HEIGHT="56" WIDTH="800" VPOS="1067" HPOS="654"><String ID="string_r1l17" HEIGHT="56" WIDTH="800" VPOS="1067" HPOS="654" CONTENT="יד מחמד וימלוך לבדו בעיר הבירה אנדרינופלא."/></TextLine><TextLine ID="r1l18" BASELINE="1183" HEIGHT="57" WIDTH="1247" VPOS="1126" HPOS="96"><String ID="string_r1l18" HEIGHT="57" WIDTH="1247" VPOS="1126" HPOS="96" CONTENT="ויהי אחרי הכותו את אחיו והמלוכה נכונה בידו, נלחם שלטן מחמד א׳,"/></TextLine><TextLine ID="r1l19" BASELINE="1238" HEIGHT="57" WIDTH="1343" VPOS="1181" HPOS="112"><String ID="string_r1l19" HEIGHT="57" WIDTH="1343" VPOS="1181" HPOS="112" CONTENT="המכונה איל טשיליבי (האיסטנס), עם היונים, ויקח מידם את העיר הגדולה ורבת המסחר"/></TextLine><TextLine ID="r1l20" BASELINE="1293" HEIGHT="53" WIDTH="1337" VPOS="1240" HPOS="110"><String ID="string_r1l20" HEIGHT="53" WIDTH="1337" VPOS="1240" HPOS="110" CONTENT="סמירנה, הנקראה בפי התרכים והיהודים איזמיר. בעיר הזאת לא ישבו בעת ההיא"/></TextLine><TextLine ID="r1l21" BASELINE="1350" HEIGHT="54" WIDTH="1335" VPOS="1296" HPOS="111"><String ID="string_r1l21" HEIGHT="54" WIDTH="1335" VPOS="1296" HPOS="111" CONTENT="יהודים רבים, אך אחרי הסתפחה לקיסרות העשמאנים, נאספו בה מכל הסביבות ויסדו"/></TextLine><TextLine ID="r1l22" BASELINE="1402" HEIGHT="53" WIDTH="1086" VPOS="1349" HPOS="363"><String ID="string_r1l22" HEIGHT="53" WIDTH="1086" VPOS="1349" HPOS="363" CONTENT="קהלה קטנה ובית התפלה העומד עד היום ונודע בשם „עץ החיים״."/></TextLine><TextLine ID="r1l23" BASELINE="1457" HEIGHT="52" WIDTH="1243" VPOS="1405" HPOS="99"><String ID="string_r1l23" HEIGHT="52" WIDTH="1243" VPOS="1405" HPOS="99" CONTENT="תשעים שנה עברו כמעט מן העת אשר החלו היהודים לחיות תחת צל ממשלת"/></TextLine><TextLine ID="r1l24" BASELINE="1515" HEIGHT="57" WIDTH="1341" VPOS="1458" HPOS="102"><String ID="string_r1l24" HEIGHT="57" WIDTH="1341" VPOS="1458" HPOS="102" CONTENT="העשמנים. הזמן הקצר הזה היה די בו לחנכם במנהגי התרכים, שפתם, חייהם"/></TextLine><TextLine ID="r1l25" BASELINE="1568" HEIGHT="54" WIDTH="1185" VPOS="1514" HPOS="257"><String ID="string_r1l25" HEIGHT="54" WIDTH="1185" VPOS="1514" HPOS="257" CONTENT="הביתיים והמדיניים, עד אשר נראה יהודי מומר לוקה חלק בתנועה מדינית."/></TextLine><TextLine ID="r1l26" BASELINE="1625" HEIGHT="54" WIDTH="1243" VPOS="1571" HPOS="102"><String ID="string_r1l26" HEIGHT="54" WIDTH="1243" VPOS="1571" HPOS="102" CONTENT="בשנת קל״ו (1416) החלה התנועה הנודעת בשם מרידת הדרוישים, ובראשה"/></TextLine><TextLine ID="r1l27" BASELINE="1682" HEIGHT="55" WIDTH="1348" VPOS="1627" HPOS="99"><String ID="string_r1l27" HEIGHT="55" WIDTH="1348" VPOS="1627" HPOS="99" CONTENT="הפלוסוף האלהי הדרויש בידרידין אשר היה מקדם קאדי -עסקירי (שופט"/></TextLine><TextLine ID="r1l28" BASELINE="1739" HEIGHT="57" WIDTH="1347" VPOS="1682" HPOS="101"><String ID="string_r1l28" HEIGHT="57" WIDTH="1347" VPOS="1682" HPOS="101" CONTENT="החיל) לשלטן מוסה הרביעי מבני שלטן באיאזיד. אחרי מות אדוניו נאסר בעיר"/></TextLine><TextLine ID="r1l29" BASELINE="1795" HEIGHT="56" WIDTH="1356" VPOS="1739" HPOS="98"><String ID="string_r1l29" HEIGHT="56" WIDTH="1356" VPOS="1739" HPOS="98" CONTENT="ניסה וינס משם, ואחרי כן החל להפיץ דרכי אמונה חדשה, אשר עיקרה שיווי כל"/></TextLine><TextLine ID="r1l30" BASELINE="1851" HEIGHT="56" WIDTH="1356" VPOS="1795" HPOS="98"><String ID="string_r1l30" HEIGHT="56" WIDTH="1356" VPOS="1795" HPOS="98" CONTENT="הדתות ואחוות חברים מכל ההון והרכוש חוץ מן הנשים. הוא מצא כלי הגון לפתוח"/></TextLine><TextLine ID="r1l31" BASELINE="1905" HEIGHT="56" WIDTH="1346" VPOS="1849" HPOS="108"><String ID="string_r1l31" HEIGHT="56" WIDTH="1346" VPOS="1849" HPOS="108" CONTENT="לפניו הדרך לאמונה החדשה: נער יפה ומאמין בהבלים ביריק לודשי-מוסטאפה,"/></TextLine><TextLine ID="r1l32" BASELINE="1962" HEIGHT="57" WIDTH="1344" VPOS="1905" HPOS="103"><String ID="string_r1l32" HEIGHT="57" WIDTH="1344" VPOS="1905" HPOS="103" CONTENT="אשר קבל שם התואר דידי שלטן. גם היהודי המומר לדת מחמד שמואל מעיר"/></TextLine><TextLine ID="r1l33" BASELINE="2020" HEIGHT="59" WIDTH="1349" VPOS="1961" HPOS="100"><String ID="string_r1l33" HEIGHT="59" WIDTH="1349" VPOS="1961" HPOS="100" CONTENT="מגניסיה, הנודע בשם טורלאק קימאל, נלוה עמם, ויהי אחד הדרשנים היותר נלהבים."/></TextLine><TextLine ID="r1l34" BASELINE="2078" HEIGHT="60" WIDTH="1240" VPOS="2018" HPOS="105"><String ID="string_r1l34" HEIGHT="60" WIDTH="1240" VPOS="2018" HPOS="105" CONTENT="כדי להפיץ אמונתם בנקל באברופה, הודיעו מיסדיה כי יכבדו בעצם את אלהי"/></TextLine><TextLine ID="r1l35" BASELINE="2133" HEIGHT="58" WIDTH="1349" VPOS="2075" HPOS="99"><String ID="string_r1l35" HEIGHT="58" WIDTH="1349" VPOS="2075" HPOS="99" CONTENT="הנוצרים, וכי יקבלו בזרועות פתוחות בני הדת הזאת אשר יחפצו להסתפח אליהם,"/></TextLine><TextLine ID="r1l36" BASELINE="2187" HEIGHT="56" WIDTH="1356" VPOS="2131" HPOS="98"><String ID="string_r1l36" HEIGHT="56" WIDTH="1356" VPOS="2131" HPOS="98" CONTENT="ועל כן שלחו שלוחים מכל עברים, עד אשר אחד מהם התראה באי כיאו לפני"/></TextLine><TextLine ID="r1l37" BASELINE="2247" HEIGHT="56" WIDTH="1357" VPOS="2191" HPOS="95"><String ID="string_r1l37" HEIGHT="56" WIDTH="1357" VPOS="2191" HPOS="95" CONTENT="הגמון יוני באישון לילה, בגלוי ראש ורגליו מכוסות בבגדים ויאמר אליו: „הנני נזיר"/></TextLine><TextLine ID="r1l38" BASELINE="2303" HEIGHT="56" WIDTH="1359" VPOS="2247" HPOS="95"><String ID="string_r1l38" HEIGHT="56" WIDTH="1359" VPOS="2247" HPOS="95" CONTENT="כמוך ומכבד האלהים כמוך, והנני בא בעוד הלילה לראותך בדרכי ברנלים על הים&#34;."/></TextLine><TextLine ID="r1l39" BASELINE="2355" HEIGHT="56" WIDTH="1358" VPOS="2299" HPOS="96"><String ID="string_r1l39" HEIGHT="56" WIDTH="1358" VPOS="2299" HPOS="96" CONTENT="היהודי שמואל מצדו עבר בראש שלשת אלפים דרוישים בפאת אסיא ואברופה לדרוש"/></TextLine><TextLine ID="r1l40" BASELINE="2479" HEIGHT="63" WIDTH="1073" VPOS="2416" HPOS="277"><String ID="string_r1l40" HEIGHT="63" WIDTH="1073" VPOS="2416" HPOS="277" CONTENT="15) מהרש&#34;ך (ר׳ שלמה הכהן) שו״ת ויניציא שנ״ב שאלה צ״ו (חלק ב׳)."/></TextLine></TextBlock></PrintSpace></Page></Layout></alto>