<?xml version="1.0" encoding="UTF-8"?><alto xmlns:xsi="http://www.w3.org/2001/XMLSchema-instance" xmlns="http://www.loc.gov/standards/alto/ns-v2#" xmlns:page="http://schema.primaresearch.org/PAGE/gts/pagecontent/2013-07-15" xsi:schemaLocation="http://schema.primaresearch.org/PAGE/gts/pagecontent/2013-07-15 http://schema.primaresearch.org/PAGE/gts/pagecontent/2013-07-15/pagecontent.xsd http://www.loc.gov/standards/alto/ns-v2# http://www.loc.gov/standards/alto/alto-v2.0.xsd"><Description><MeasurementUnit>pixel</MeasurementUnit></Description><Layout><Page ID="Page1" PHYSICAL_IMG_NR="1" HEIGHT="2615" WIDTH="1719"><TopMargin HEIGHT="0" WIDTH="1719" VPOS="0" HPOS="0"/><LeftMargin HEIGHT="2615" WIDTH="0" VPOS="0" HPOS="0"/><RightMargin HEIGHT="2615" WIDTH="0" VPOS="0" HPOS="1719"/><BottomMargin HEIGHT="0" WIDTH="1719" VPOS="2615" HPOS="0"/><PrintSpace HEIGHT="2615" WIDTH="1719" VPOS="0" HPOS="0"><TextBlock ID="r1" HEIGHT="2321" WIDTH="1358" VPOS="148" HPOS="207"><Shape><Polygon POINTS="207,148 207,2469 1565,2469 1565,148"/></Shape><TextLine ID="r1l2" BASELINE="187" HEIGHT="47" WIDTH="67" VPOS="140" HPOS="1486"><String ID="string_r1l2" HEIGHT="47" WIDTH="67" VPOS="140" HPOS="1486" CONTENT="32"/></TextLine><TextLine ID="r1l1" BASELINE="181" HEIGHT="46" WIDTH="404" VPOS="135" HPOS="703"><String ID="string_r1l1" HEIGHT="46" WIDTH="404" VPOS="135" HPOS="703" CONTENT="דברי ימי ישראל בתוגרמה"/></TextLine><TextLine ID="r1l5" BASELINE="305" HEIGHT="65" WIDTH="1340" VPOS="240" HPOS="226"><String ID="string_r1l5" HEIGHT="65" WIDTH="1340" VPOS="240" HPOS="226" CONTENT="בזה, רק עקש ופתלתל, ואינו צריך לעדות מעידין, כי חבוריו וספריו הן הנה עדיו,"/></TextLine><TextLine ID="r1l6" BASELINE="357" HEIGHT="56" WIDTH="645" VPOS="301" HPOS="925"><String ID="string_r1l6" HEIGHT="56" WIDTH="645" VPOS="301" HPOS="925" CONTENT="המפני זה לא יתכן לו לשנות בשגה?&#34;."/></TextLine><TextLine ID="r1l7" BASELINE="404" HEIGHT="56" WIDTH="1237" VPOS="348" HPOS="233"><String ID="string_r1l7" HEIGHT="56" WIDTH="1237" VPOS="348" HPOS="233" CONTENT="מדברי ר' מרדכי כומטינו נדע, שר' שבתי הכהן היה יליד אי יון, אולי מאי"/></TextLine><TextLine ID="r1l8" BASELINE="461" HEIGHT="57" WIDTH="1335" VPOS="404" HPOS="231"><String ID="string_r1l8" HEIGHT="57" WIDTH="1335" VPOS="404" HPOS="231" CONTENT="ניגרופונטי, שרוב תושביה היהודים באו לתוגרמה האברופית אחרי שנכבש האי הזה"/></TextLine><TextLine ID="r1l9" BASELINE="515" HEIGHT="56" WIDTH="1337" VPOS="459" HPOS="236"><String ID="string_r1l9" HEIGHT="56" WIDTH="1337" VPOS="459" HPOS="236" CONTENT="על ידי התוגרמים. בשלוניק תפס ישיבה והעמיד תלמידים, וביניהם ר' מנחם תמר"/></TextLine><TextLine ID="r1l10" BASELINE="567" HEIGHT="54" WIDTH="1340" VPOS="513" HPOS="233"><String ID="string_r1l10" HEIGHT="54" WIDTH="1340" VPOS="513" HPOS="233" CONTENT="אולם באהבתו הרבה לחכמות ומדעים עזב גם את העיר הזאת והיה הולך ונוסע מעיר"/></TextLine><TextLine ID="r1l11" BASELINE="622" HEIGHT="55" WIDTH="1335" VPOS="567" HPOS="230"><String ID="string_r1l11" HEIGHT="55" WIDTH="1335" VPOS="567" HPOS="230" CONTENT="לעיר וממדינה למדינה לבקש ולאסוף חכמה ודעת בארץ מרחקים, כאשר כתב בעצמו"/></TextLine><TextLine ID="r1l12" BASELINE="673" HEIGHT="51" WIDTH="1345" VPOS="622" HPOS="225"><String ID="string_r1l12" HEIGHT="51" WIDTH="1345" VPOS="622" HPOS="225" CONTENT="בבאורו על דברי ראב״ע בעניני הנדסה ופילוסופיא: „אמר צעיר התלמידים שבתי"/></TextLine><TextLine ID="r1l13" BASELINE="734" HEIGHT="55" WIDTH="1340" VPOS="679" HPOS="222"><String ID="string_r1l13" HEIGHT="55" WIDTH="1340" VPOS="679" HPOS="222" CONTENT="הכהן הגולה מארץ תוגרמה על ארץ קדר, לרעות גדיי רעיוני על משכנות הרועים,"/></TextLine><TextLine ID="r1l14" BASELINE="790" HEIGHT="56" WIDTH="1340" VPOS="734" HPOS="229"><String ID="string_r1l14" HEIGHT="56" WIDTH="1340" VPOS="734" HPOS="229" CONTENT="וללקט מבין עמרי נדיבים ושועים שבלי דעת ומזמה, ואם ילדי רעיוני לא יכילון"/></TextLine><TextLine ID="r1l15" BASELINE="846" HEIGHT="57" WIDTH="1330" VPOS="789" HPOS="235"><String ID="string_r1l15" HEIGHT="57" WIDTH="1330" VPOS="789" HPOS="235" CONTENT="החכמה, הלא בערה בי אש התשוקה, ואשים בלבי לשוטט במדינות ופלכים, ולהתארח"/></TextLine><TextLine ID="r1l16" BASELINE="902" HEIGHT="49" WIDTH="1333" VPOS="853" HPOS="232"><String ID="string_r1l16" HEIGHT="49" WIDTH="1333" VPOS="853" HPOS="232" CONTENT="עם עוברי דרכים, במעונות אריות בין פריצי חיות. ויהי היום וישאני רוח ויביאני"/></TextLine><TextLine ID="r1l17" BASELINE="954" HEIGHT="55" WIDTH="1340" VPOS="899" HPOS="224"><String ID="string_r1l17" HEIGHT="55" WIDTH="1340" VPOS="899" HPOS="224" CONTENT="ירושלימה, ואשתומם על המראה הגדול הזה, ואומר: אוי לי כי נדמיתי, כי הגעתי אל"/></TextLine><TextLine ID="r1l18" BASELINE="1011" HEIGHT="59" WIDTH="1335" VPOS="952" HPOS="231"><String ID="string_r1l18" HEIGHT="59" WIDTH="1335" VPOS="952" HPOS="231" CONTENT="המקום הנורא הזה, בהקיץ ולא במחזה, אין זה כי אם בית אלהים. ואפול מלא קומתי"/></TextLine><TextLine ID="r1l19" BASELINE="1060" HEIGHT="54" WIDTH="1338" VPOS="1006" HPOS="223"><String ID="string_r1l19" HEIGHT="54" WIDTH="1338" VPOS="1006" HPOS="223" CONTENT="ארצה, ולא עצרתי כח, ואתעורר משנת אולתי ומתרדמת סבלותי, ואשא עיני ואראה,"/></TextLine><TextLine ID="r1l20" BASELINE="1114" HEIGHT="54" WIDTH="1290" VPOS="1060" HPOS="274"><String ID="string_r1l20" HEIGHT="54" WIDTH="1290" VPOS="1060" HPOS="274" CONTENT="והנה איש עומד לנגדי, ויעירני ויעמידני על רגלי ויאמר לי מה לך אדם ?&#34; וכו'."/></TextLine><TextLine ID="r1l21" BASELINE="1173" HEIGHT="56" WIDTH="871" VPOS="1117" HPOS="592"><String ID="string_r1l21" HEIGHT="56" WIDTH="871" VPOS="1117" HPOS="592" CONTENT="מחבורי ר' שבתי מלכיאל הכהן הנודעים לנו נזכירה:"/></TextLine><TextLine ID="r1l22" BASELINE="1220" HEIGHT="47" WIDTH="1242" VPOS="1173" HPOS="221"><String ID="string_r1l22" HEIGHT="47" WIDTH="1242" VPOS="1173" HPOS="221" CONTENT="א) ס׳ ההשנות על ר' מרדכי כומטיאנו להציל את כבוד הראב״ע מטענותיו"/></TextLine><TextLine ID="r1l23" BASELINE="1284" HEIGHT="58" WIDTH="1035" VPOS="1226" HPOS="531"><String ID="string_r1l23" HEIGHT="58" WIDTH="1035" VPOS="1226" HPOS="531" CONTENT="של המחבר הזה בפירושו על התורה החולק עליו בכמה מקומות."/></TextLine><TextLine ID="r1l24" BASELINE="1338" HEIGHT="54" WIDTH="1247" VPOS="1284" HPOS="214"><String ID="string_r1l24" HEIGHT="54" WIDTH="1247" VPOS="1284" HPOS="214" CONTENT="ב) ארון הברית, פירוש על ס׳ השם להראב״ע, נמצא בפטרבורג (ס׳ 536),"/></TextLine><TextLine ID="r1l25" BASELINE="1396" HEIGHT="53" WIDTH="1332" VPOS="1343" HPOS="225"><String ID="string_r1l25" HEIGHT="53" WIDTH="1332" VPOS="1343" HPOS="225" CONTENT="והיה גם בידי הח' ר׳ שמחה פינסקר, שהביא ממנו כמה ענינים בבאור ענינים הנדסיים"/></TextLine><TextLine ID="r1l26" BASELINE="1447" HEIGHT="49" WIDTH="1221" VPOS="1398" HPOS="335"><String ID="string_r1l26" HEIGHT="49" WIDTH="1221" VPOS="1398" HPOS="335" CONTENT="בדברי הראב&#34;ע והדפיסם בכאורו על ס׳ האחר של הראב&#34;ע (אודיסה תרכ״ז)."/></TextLine><TextLine ID="r1l27" BASELINE="1507" HEIGHT="57" WIDTH="1251" VPOS="1450" HPOS="205"><String ID="string_r1l27" HEIGHT="57" WIDTH="1251" VPOS="1450" HPOS="205" CONTENT="ג) קונטרם לתמונות ההקשים ההגיוניים, ונמצא בביבליותיקא"/></TextLine><TextLine ID="r1l28" BASELINE="1559" HEIGHT="57" WIDTH="135" VPOS="1502" HPOS="1419"><String ID="string_r1l28" HEIGHT="57" WIDTH="135" VPOS="1502" HPOS="1419" CONTENT="בליידן."/></TextLine><TextLine ID="r1l29" BASELINE="1614" HEIGHT="55" WIDTH="1254" VPOS="1559" HPOS="207"><String ID="string_r1l29" HEIGHT="55" WIDTH="1254" VPOS="1559" HPOS="207" CONTENT="ד) באור על דברי הראב״ע בעניני הנדסה ופילוסופיא — כ&#34;י"/></TextLine><TextLine ID="r1l30" BASELINE="1671" HEIGHT="54" WIDTH="481" VPOS="1617" HPOS="1071"><String ID="string_r1l30" HEIGHT="54" WIDTH="481" VPOS="1617" HPOS="1071" CONTENT="בביבליותיקא בפריז (ס׳ 707)."/></TextLine><TextLine ID="r1l31" BASELINE="1727" HEIGHT="52" WIDTH="1248" VPOS="1675" HPOS="209"><String ID="string_r1l31" HEIGHT="52" WIDTH="1248" VPOS="1675" HPOS="209" CONTENT="מחברי ר׳ שבתי בסאלוניק היה ר׳ משה קפוצטו היוני, נודע בשערים"/></TextLine><TextLine ID="r1l32" BASELINE="1782" HEIGHT="56" WIDTH="1345" VPOS="1726" HPOS="209"><String ID="string_r1l32" HEIGHT="56" WIDTH="1345" VPOS="1726" HPOS="209" CONTENT="ובין חכמי ישראל בתוגרמה נמנה, ר' משה בקנאותו שנא את הקראים תכלית שנאה"/></TextLine><TextLine ID="r1l33" BASELINE="1839" HEIGHT="62" WIDTH="1335" VPOS="1777" HPOS="214"><String ID="string_r1l33" HEIGHT="62" WIDTH="1335" VPOS="1777" HPOS="214" CONTENT="והתנגד להם בכל כחותיו, כדי להרחיקם מעל גבול ישראל 27), להפך מר' מרדכי כומטיאנו"/></TextLine><TextLine ID="r1l34" BASELINE="1897" HEIGHT="59" WIDTH="1348" VPOS="1838" HPOS="209"><String ID="string_r1l34" HEIGHT="59" WIDTH="1348" VPOS="1838" HPOS="209" CONTENT="וחבריו אשר בקשו קרוב הדעות בין הרבנים והקראים. הוא חבר פירוש על התורה והפליא"/></TextLine><TextLine ID="r1l35" BASELINE="1954" HEIGHT="65" WIDTH="1352" VPOS="1889" HPOS="207"><String ID="string_r1l35" HEIGHT="65" WIDTH="1352" VPOS="1889" HPOS="207" CONTENT="לעשות בחקירותיו בלי משא פנים לא לבד על הקראים אך גם על גדולי המפרשים"/></TextLine><TextLine ID="r1l36" BASELINE="2009" HEIGHT="57" WIDTH="1357" VPOS="1952" HPOS="204"><String ID="string_r1l36" HEIGHT="57" WIDTH="1357" VPOS="1952" HPOS="204" CONTENT="כרבי אברהם אבן עזרא והר' משה בן מימון, ולכבוד החכמים האלה קנאו הקראים ר׳"/></TextLine><TextLine ID="r1l37" BASELINE="2058" HEIGHT="59" WIDTH="1360" VPOS="1999" HPOS="203"><String ID="string_r1l37" HEIGHT="59" WIDTH="1360" VPOS="1999" HPOS="203" CONTENT="אליהו בשייצי 28 ורבי אברהם בלי הרופא בספרו כתב יד „אגדת אסור גר שבת&#34;,"/></TextLine><TextLine ID="r1l38" BASELINE="2118" HEIGHT="57" WIDTH="1347" VPOS="2061" HPOS="211"><String ID="string_r1l38" HEIGHT="57" WIDTH="1347" VPOS="2061" HPOS="211" CONTENT="ור' מרדכי כומטיאנו בעצמו בפירושו על התורה. האחרון במשיני ר' משה"/></TextLine><TextLine ID="r1l39" BASELINE="2223" HEIGHT="69" WIDTH="1245" VPOS="2154" HPOS="209"><String ID="string_r1l39" HEIGHT="69" WIDTH="1245" VPOS="2154" HPOS="209" CONTENT="27) ר' אליהו בשייצי (הקראי) בספרו אדרת אליהו (צ&#34;ר ו') יאמר: „השהויה עלתה"/></TextLine><TextLine ID="r1l40" BASELINE="2271" HEIGHT="61" WIDTH="1345" VPOS="2210" HPOS="205"><String ID="string_r1l40" HEIGHT="61" WIDTH="1345" VPOS="2210" HPOS="205" CONTENT="במות מר משה (קפוצטו) היוני ודבר עתיק על בעל המבחר... והוא נבל פה ומנבל החכמים"/></TextLine><TextLine ID="r1l41" BASELINE="2317" HEIGHT="65" WIDTH="1338" VPOS="2252" HPOS="208"><String ID="string_r1l41" HEIGHT="65" WIDTH="1338" VPOS="2252" HPOS="208" CONTENT="בלשונו הנבלה... אמנם מפני שבקשו ממני להשיב על דבריו, מפני שהיה אחרון מבעלי הקבלה"/></TextLine><TextLine ID="r1l42" BASELINE="2362" HEIGHT="60" WIDTH="710" VPOS="2302" HPOS="847"><String ID="string_r1l42" HEIGHT="60" WIDTH="710" VPOS="2302" HPOS="847" CONTENT="וזמנו קרוב לזמננו, ודבר עתק על חכמינו...&#34;"/></TextLine><TextLine ID="r1l43" BASELINE="2411" HEIGHT="61" WIDTH="1258" VPOS="2350" HPOS="199"><String ID="string_r1l43" HEIGHT="61" WIDTH="1258" VPOS="2350" HPOS="199" CONTENT="28) ר' אליהו בשייצי, שם, טענות שטען מר משה היוני והתשובות עליהן בענין"/></TextLine><TextLine ID="r1l44" BASELINE="2468" HEIGHT="52" WIDTH="328" VPOS="2416" HPOS="1228"><String ID="string_r1l44" HEIGHT="52" WIDTH="328" VPOS="2416" HPOS="1228" CONTENT="ראית הירח (פרק ז)."/></TextLine></TextBlock></PrintSpace></Page></Layout></alto>