<?xml version="1.0" encoding="UTF-8"?><alto xmlns:xsi="http://www.w3.org/2001/XMLSchema-instance" xmlns="http://www.loc.gov/standards/alto/ns-v2#" xmlns:page="http://schema.primaresearch.org/PAGE/gts/pagecontent/2013-07-15" xsi:schemaLocation="http://schema.primaresearch.org/PAGE/gts/pagecontent/2013-07-15 http://schema.primaresearch.org/PAGE/gts/pagecontent/2013-07-15/pagecontent.xsd http://www.loc.gov/standards/alto/ns-v2# http://www.loc.gov/standards/alto/alto-v2.0.xsd"><Description><MeasurementUnit>pixel</MeasurementUnit></Description><Layout><Page ID="Page1" PHYSICAL_IMG_NR="1" HEIGHT="2605" WIDTH="1677"><TopMargin HEIGHT="0" WIDTH="1677" VPOS="0" HPOS="0"/><LeftMargin HEIGHT="2605" WIDTH="0" VPOS="0" HPOS="0"/><RightMargin HEIGHT="2605" WIDTH="0" VPOS="0" HPOS="1677"/><BottomMargin HEIGHT="0" WIDTH="1677" VPOS="2605" HPOS="0"/><PrintSpace HEIGHT="2605" WIDTH="1677" VPOS="0" HPOS="0"><TextBlock ID="r1" HEIGHT="2291" WIDTH="1349" VPOS="146" HPOS="63"><Shape><Polygon POINTS="63,146 63,2437 1412,2437 1412,146"/></Shape><TextLine ID="r1l2" BASELINE="193" HEIGHT="52" WIDTH="600" VPOS="141" HPOS="440"><String ID="string_r1l2" HEIGHT="52" WIDTH="600" VPOS="141" HPOS="440" CONTENT="היהודים תחת ממשלת שולטן מוחמד ב׳"/></TextLine><TextLine ID="r1l1" BASELINE="185" HEIGHT="38" WIDTH="79" VPOS="147" HPOS="66"><String ID="string_r1l1" HEIGHT="38" WIDTH="79" VPOS="147" HPOS="66" CONTENT="29"/></TextLine><TextLine ID="r1l5" BASELINE="314" HEIGHT="69" WIDTH="1337" VPOS="245" HPOS="72"><String ID="string_r1l5" HEIGHT="69" WIDTH="1337" VPOS="245" HPOS="72" CONTENT="לדבר בקצור כדי שלא יתבלבל התלמיד ...&#34; ובסוף הספר כתוב: והיתה השלמתו"/></TextLine><TextLine ID="r1l6" BASELINE="363" HEIGHT="52" WIDTH="845" VPOS="311" HPOS="566"><String ID="string_r1l6" HEIGHT="52" WIDTH="845" VPOS="311" HPOS="566" CONTENT="בערבות התרועה שהוא ראש השנה שנת הרמ״א 20)."/></TextLine><TextLine ID="r1l7" BASELINE="425" HEIGHT="71" WIDTH="1239" VPOS="354" HPOS="64"><String ID="string_r1l7" HEIGHT="71" WIDTH="1239" VPOS="354" HPOS="64" CONTENT="החלק הראשון מדבר בעניני החשבון (אריטמטיקא) ונחלק לארבעה ראשים:"/></TextLine><TextLine ID="r1l8" BASELINE="473" HEIGHT="64" WIDTH="1338" VPOS="409" HPOS="74"><String ID="string_r1l8" HEIGHT="64" WIDTH="1338" VPOS="409" HPOS="74" CONTENT="א) לחבר מספר עם מספר, ולחסר מספר ממספר, ב) לכפול מספר על מספר, ג) לחלק"/></TextLine><TextLine ID="r1l9" BASELINE="532" HEIGHT="66" WIDTH="1311" VPOS="466" HPOS="102"><String ID="string_r1l9" HEIGHT="66" WIDTH="1311" VPOS="466" HPOS="102" CONTENT="מספר על מספר, ד) לערוך מספר אל מספר, ועוד פרק אחד מדבר על השברים."/></TextLine><TextLine ID="r1l10" BASELINE="587" HEIGHT="61" WIDTH="1234" VPOS="526" HPOS="69"><String ID="string_r1l10" HEIGHT="61" WIDTH="1234" VPOS="526" HPOS="69" CONTENT="החלק השני מדבר בעניני המדות (גיאומטריא) ונחלק לארבע ראשים: א) במדידת"/></TextLine><TextLine ID="r1l11" BASELINE="637" HEIGHT="57" WIDTH="1336" VPOS="580" HPOS="70"><String ID="string_r1l11" HEIGHT="57" WIDTH="1336" VPOS="580" HPOS="70" CONTENT="התמונות השטחיות כמו העגולות והמשלשים והמרובעים, ב) בחלקותם, 1) במדידת התמונות"/></TextLine><TextLine ID="r1l12" BASELINE="697" HEIGHT="56" WIDTH="380" VPOS="641" HPOS="1023"><String ID="string_r1l12" HEIGHT="56" WIDTH="380" VPOS="641" HPOS="1023" CONTENT="הנופניות, ד) בחלקותם."/></TextLine><TextLine ID="r1l13" BASELINE="751" HEIGHT="55" WIDTH="1237" VPOS="696" HPOS="66"><String ID="string_r1l13" HEIGHT="55" WIDTH="1237" VPOS="696" HPOS="66" CONTENT="ה) תקון כלי הצפיחה או אגרת מעשה הצפיחה, וכה דבריו"/></TextLine><TextLine ID="r1l14" BASELINE="805" HEIGHT="62" WIDTH="1343" VPOS="743" HPOS="64"><String ID="string_r1l14" HEIGHT="62" WIDTH="1343" VPOS="743" HPOS="64" CONTENT="בפתיחה: ...כאשר ראה כי כן הענין (העדר הכלי הנזכר במחנה ישראל), התלמיד"/></TextLine><TextLine ID="r1l15" BASELINE="856" HEIGHT="56" WIDTH="1341" VPOS="800" HPOS="72"><String ID="string_r1l15" HEIGHT="56" WIDTH="1341" VPOS="800" HPOS="72" CONTENT="היקר רב מנחם (האדריאנופוליטי איש בשיצי) בקש ממני בבקשה גדולה ותאוה רבה,"/></TextLine><TextLine ID="r1l16" BASELINE="906" HEIGHT="54" WIDTH="1352" VPOS="852" HPOS="56"><String ID="string_r1l16" HEIGHT="54" WIDTH="1352" VPOS="852" HPOS="56" CONTENT="לעשות לו באור להודיע, איך יתוקן הכלי, והטיתי אזני לדבריו, וחברתי זה המכתב&#34;,"/></TextLine><TextLine ID="r1l17" BASELINE="962" HEIGHT="56" WIDTH="1345" VPOS="906" HPOS="62"><String ID="string_r1l17" HEIGHT="56" WIDTH="1345" VPOS="906" HPOS="62" CONTENT="ותוכנו הוא מעשה הצפיחה לאבו יצחק בן אלזראקאלא וביאורו על ידו 21) ואיך לתקן"/></TextLine><TextLine ID="r1l18" BASELINE="1015" HEIGHT="54" WIDTH="712" VPOS="961" HPOS="699"><String ID="string_r1l18" HEIGHT="54" WIDTH="712" VPOS="961" HPOS="699" CONTENT="הכלי הזה הראוי להשקפה לחכמת התבונה."/></TextLine><TextLine ID="r1l19" BASELINE="1073" HEIGHT="58" WIDTH="1249" VPOS="1015" HPOS="61"><String ID="string_r1l19" HEIGHT="58" WIDTH="1249" VPOS="1015" HPOS="61" CONTENT="ט) תקון כלי הנחשת, ובראש הספר כתב: „אמר מרדכי בן ר׳ אליעזר"/></TextLine><TextLine ID="r1l20" BASELINE="1127" HEIGHT="56" WIDTH="1346" VPOS="1071" HPOS="62"><String ID="string_r1l20" HEIGHT="56" WIDTH="1346" VPOS="1071" HPOS="62" CONTENT="כומטיאנו יעמ״ש, לפי שהחכמות הלמודיות הן אמצעיות בין הטבעיות והאלהיות, והאמצעי"/></TextLine><TextLine ID="r1l21" BASELINE="1183" HEIGHT="57" WIDTH="1356" VPOS="1126" HPOS="55"><String ID="string_r1l21" HEIGHT="57" WIDTH="1356" VPOS="1126" HPOS="55" CONTENT="חבר לשתי הקצוות כאשר התבאר בחכמת הפלוסופיא, אם כן כל מי שיתעסק בחכמות"/></TextLine><TextLine ID="r1l22" BASELINE="1238" HEIGHT="60" WIDTH="1347" VPOS="1178" HPOS="69"><String ID="string_r1l22" HEIGHT="60" WIDTH="1347" VPOS="1178" HPOS="69" CONTENT="הלמודיות יהיה לו תועלת גם בטבעיות והאלהיות, והחכמות הלמודיות יתחלקו לארבעה"/></TextLine><TextLine ID="r1l23" BASELINE="1292" HEIGHT="60" WIDTH="1345" VPOS="1232" HPOS="65"><String ID="string_r1l23" HEIGHT="60" WIDTH="1345" VPOS="1232" HPOS="65" CONTENT="חלקים, והם: המספר, והתשבורת, ותכונת הגלגלים, וחכמת הנעימות הנקרא „מוסיקה&#34;."/></TextLine><TextLine ID="r1l24" BASELINE="1345" HEIGHT="58" WIDTH="1352" VPOS="1287" HPOS="65"><String ID="string_r1l24" HEIGHT="58" WIDTH="1352" VPOS="1287" HPOS="65" CONTENT="ומהחכמים שקדמוהו בבאור הכלי הזה, הנקרא אצטרלביום, יכנה בשמותם אך"/></TextLine><TextLine ID="r1l25" BASELINE="1394" HEIGHT="52" WIDTH="1351" VPOS="1342" HPOS="59"><String ID="string_r1l25" HEIGHT="52" WIDTH="1351" VPOS="1342" HPOS="59" CONTENT="שנים, והם החכם ר׳ אברהם אבן עזרא ור' יעקב בן מכיר ההררי בעל ספר „רובע"/></TextLine><TextLine ID="r1l26" BASELINE="1431" HEIGHT="45" WIDTH="225" VPOS="1386" HPOS="1196"><String ID="string_r1l26" HEIGHT="45" WIDTH="225" VPOS="1386" HPOS="1196" CONTENT="ישראל״ 22)."/></TextLine><TextLine ID="r1l27" BASELINE="1502" HEIGHT="61" WIDTH="1254" VPOS="1441" HPOS="57"><String ID="string_r1l27" HEIGHT="61" WIDTH="1254" VPOS="1441" HPOS="57" CONTENT="י) תקון כלי השעות, לפי שני מיניו, האחד נעשה עם רובע העגול,"/></TextLine><TextLine ID="r1l28" BASELINE="1560" HEIGHT="59" WIDTH="1355" VPOS="1501" HPOS="55"><String ID="string_r1l28" HEIGHT="59" WIDTH="1355" VPOS="1501" HPOS="55" CONTENT="והשני שנעשה עם הצל ההפוך. ובפתיחה כתב לאמור:„... מפני שראיתי אנשי הזמן"/></TextLine><TextLine ID="r1l29" BASELINE="1615" HEIGHT="59" WIDTH="1355" VPOS="1556" HPOS="55"><String ID="string_r1l29" HEIGHT="59" WIDTH="1355" VPOS="1556" HPOS="55" CONTENT="והשרים חושקים להיות הכלים האלה נמצאים אתם לדעת השעות, ואין איש יודע"/></TextLine><TextLine ID="r1l30" BASELINE="1671" HEIGHT="58" WIDTH="1341" VPOS="1613" HPOS="64"><String ID="string_r1l30" HEIGHT="58" WIDTH="1341" VPOS="1613" HPOS="64" CONTENT="לתקן מבלי שיראה כלי אחד ראשונה, ואחרי כן יתקן כמוהו, ואם יקרה שיפסידו"/></TextLine><TextLine ID="r1l31" BASELINE="1729" HEIGHT="59" WIDTH="1346" VPOS="1670" HPOS="62"><String ID="string_r1l31" HEIGHT="59" WIDTH="1346" VPOS="1670" HPOS="62" CONTENT="הכלי לא ימצאו לתקן אחר כבראשונה, כי אם בצער גדול, להשתדל עליו שנה אחת"/></TextLine><TextLine ID="r1l32" BASELINE="1788" HEIGHT="60" WIDTH="1348" VPOS="1728" HPOS="69"><String ID="string_r1l32" HEIGHT="60" WIDTH="1348" VPOS="1728" HPOS="69" CONTENT="שלמה, להביט בכל שעה ושעה את מקום הכאת השמש ולסמן אותם, מפני זה ראיתי"/></TextLine><TextLine ID="r1l33" BASELINE="1840" HEIGHT="54" WIDTH="644" VPOS="1786" HPOS="772"><String ID="string_r1l33" HEIGHT="54" WIDTH="644" VPOS="1786" HPOS="772" CONTENT="להודיע מלאכת תקונם בזה הספר״ 23)."/></TextLine><TextLine ID="r1l34" BASELINE="1899" HEIGHT="55" WIDTH="1244" VPOS="1844" HPOS="58"><String ID="string_r1l34" HEIGHT="55" WIDTH="1244" VPOS="1844" HPOS="58" CONTENT="יא) מאמר קטן על דרך הכלל בהוצאת הנגוד או החבור"/></TextLine><TextLine ID="r1l35" BASELINE="2053" HEIGHT="60" WIDTH="1249" VPOS="1993" HPOS="61"><String ID="string_r1l35" HEIGHT="60" WIDTH="1249" VPOS="1993" HPOS="61" CONTENT="20) כ&#34;י בהביבליותקא הקיסרית בפטרסבורג, בלי השער בעל ל&#34;ב דפיס תמונה מרובעת,"/></TextLine><TextLine ID="r1l36" BASELINE="2103" HEIGHT="58" WIDTH="1356" VPOS="2045" HPOS="54"><String ID="string_r1l36" HEIGHT="58" WIDTH="1356" VPOS="2045" HPOS="54" CONTENT="וכ&#34;י זה היה בידי רבנשטיין (רשימתו דף ל״ג) ועיין אוצר הספרים לר' יעקב בן יעקב: ספר"/></TextLine><TextLine ID="r1l37" BASELINE="2155" HEIGHT="53" WIDTH="1343" VPOS="2102" HPOS="61"><String ID="string_r1l37" HEIGHT="53" WIDTH="1343" VPOS="2102" HPOS="61" CONTENT="בחכמת החשבון. ראה מה שכתב על ספר זה ועל מחברו הרב החכם דר' מ. זילברברג במאמרו"/></TextLine><TextLine ID="r1l38" BASELINE="2199" HEIGHT="48" WIDTH="1353" VPOS="2151" HPOS="57"><String ID="string_r1l38" HEIGHT="48" WIDTH="1353" VPOS="2151" HPOS="57" CONTENT="Ein handschriftliches hebr.- matematisches Werk des Mordechai Comtino"/></TextLine><TextLine ID="r1l39" BASELINE="2252" HEIGHT="53" WIDTH="1354" VPOS="2199" HPOS="54"><String ID="string_r1l39" HEIGHT="53" WIDTH="1354" VPOS="2199" HPOS="54" CONTENT="בספר Jahrbuch der Judisch-Literarischen Gesellschaft כרך שלישי לשנת תרס״ו."/></TextLine><TextLine ID="r1l40" BASELINE="2300" HEIGHT="58" WIDTH="912" VPOS="2242" HPOS="501"><String ID="string_r1l40" HEIGHT="58" WIDTH="912" VPOS="2242" HPOS="501" CONTENT="ועיין תולדות חכמי ישראל ה&#34;ד עמוד 143-137 (דוד פרנקיל)."/></TextLine><TextLine ID="r1l41" BASELINE="2342" HEIGHT="48" WIDTH="681" VPOS="2294" HPOS="619"><String ID="string_r1l41" HEIGHT="48" WIDTH="681" VPOS="2294" HPOS="619" CONTENT="21) כ&#34;י בפטרסבורג בעל ארבעה דפיס השנ״ג."/></TextLine><TextLine ID="r1l42" BASELINE="2393" HEIGHT="54" WIDTH="1029" VPOS="2339" HPOS="273"><String ID="string_r1l42" HEIGHT="54" WIDTH="1029" VPOS="2339" HPOS="273" CONTENT="22) כ&#34;י בפטרפבורג תמונת עלה שלם, בעל שנים עשר דפים ס׳ 360."/></TextLine><TextLine ID="r1l43" BASELINE="2442" HEIGHT="55" WIDTH="850" VPOS="2387" HPOS="463"><String ID="string_r1l43" HEIGHT="55" WIDTH="850" VPOS="2387" HPOS="463" CONTENT="23) כ&#34;י בפטרסבורג תמונת עלה שלם בעל ארבעה דפים."/></TextLine></TextBlock></PrintSpace></Page></Layout></alto>