<?xml version="1.0" encoding="UTF-8"?><alto xmlns:xsi="http://www.w3.org/2001/XMLSchema-instance" xmlns="http://www.loc.gov/standards/alto/ns-v2#" xmlns:page="http://schema.primaresearch.org/PAGE/gts/pagecontent/2013-07-15" xsi:schemaLocation="http://schema.primaresearch.org/PAGE/gts/pagecontent/2013-07-15 http://schema.primaresearch.org/PAGE/gts/pagecontent/2013-07-15/pagecontent.xsd http://www.loc.gov/standards/alto/ns-v2# http://www.loc.gov/standards/alto/alto-v2.0.xsd"><Description><MeasurementUnit>pixel</MeasurementUnit></Description><Layout><Page ID="Page1" PHYSICAL_IMG_NR="1" HEIGHT="2609" WIDTH="1710"><TopMargin HEIGHT="0" WIDTH="1710" VPOS="0" HPOS="0"/><LeftMargin HEIGHT="2609" WIDTH="0" VPOS="0" HPOS="0"/><RightMargin HEIGHT="2609" WIDTH="0" VPOS="0" HPOS="1710"/><BottomMargin HEIGHT="0" WIDTH="1710" VPOS="2609" HPOS="0"/><PrintSpace HEIGHT="2609" WIDTH="1710" VPOS="0" HPOS="0"><TextBlock ID="r1" HEIGHT="2226" WIDTH="1345" VPOS="154" HPOS="289"><Shape><Polygon POINTS="289,154 289,2380 1634,2380 1634,154"/></Shape><TextLine ID="r1l2" BASELINE="201" HEIGHT="47" WIDTH="86" VPOS="154" HPOS="1553"><String ID="string_r1l2" HEIGHT="47" WIDTH="86" VPOS="154" HPOS="1553" CONTENT="28"/></TextLine><TextLine ID="r1l1" BASELINE="192" HEIGHT="50" WIDTH="419" VPOS="142" HPOS="759"><String ID="string_r1l1" HEIGHT="50" WIDTH="419" VPOS="142" HPOS="759" CONTENT="דברי ימי ישראל בתוגרמה"/></TextLine><TextLine ID="r1l4" BASELINE="310" HEIGHT="55" WIDTH="1228" VPOS="255" HPOS="299"><String ID="string_r1l4" HEIGHT="55" WIDTH="1228" VPOS="255" HPOS="299" CONTENT="ג) פירוש על ספר השם להר׳ אברהם בן עזרא, ובראש הספר כתב את ההקדמה"/></TextLine><TextLine ID="r1l5" BASELINE="369" HEIGHT="62" WIDTH="1344" VPOS="307" HPOS="292"><String ID="string_r1l5" HEIGHT="62" WIDTH="1344" VPOS="307" HPOS="292" CONTENT="המתחלת כך: „אמר מרדכי בן אליעזר, יעוין מה שכתבתי, לפי שהבאור הנעשה בספרים"/></TextLine><TextLine ID="r1l6" BASELINE="426" HEIGHT="61" WIDTH="1343" VPOS="365" HPOS="293"><String ID="string_r1l6" HEIGHT="61" WIDTH="1343" VPOS="365" HPOS="293" CONTENT="ימשך לאחת מארבעה סבות או ליותר מהן, כמו שהזכיר זה הרב מורה צדק ז&#34;ל"/></TextLine><TextLine ID="r1l7" BASELINE="476" HEIGHT="54" WIDTH="1330" VPOS="422" HPOS="299"><String ID="string_r1l7" HEIGHT="54" WIDTH="1330" VPOS="422" HPOS="299" CONTENT="בפתיחת פירושו לפרק אבוקרט... נאמר אנחנו שבאור זה הספר נמשך אחרי"/></TextLine><TextLine ID="r1l8" BASELINE="526" HEIGHT="56" WIDTH="1332" VPOS="470" HPOS="293"><String ID="string_r1l8" HEIGHT="56" WIDTH="1332" VPOS="470" HPOS="293" CONTENT="ארבעה הסבות האלה, וזה כי החכם הזה המחבר משך המנהג בכל חבוריו לדבר בלשון"/></TextLine><TextLine ID="r1l9" BASELINE="584" HEIGHT="57" WIDTH="1331" VPOS="527" HPOS="302"><String ID="string_r1l9" HEIGHT="57" WIDTH="1331" VPOS="527" HPOS="302" CONTENT="קצר מודיע דברים רבי הכמות וחזקי האיכות, וכל שכן בזה הספר... ובראותי"/></TextLine><TextLine ID="r1l10" BASELINE="638" HEIGHT="57" WIDTH="1343" VPOS="581" HPOS="292"><String ID="string_r1l10" HEIGHT="57" WIDTH="1343" VPOS="581" HPOS="292" CONTENT="שבמעשה אחד משיג בו תכליות נערתי חצני ואזרתי חלצי לפתוח גן נעול מעין חתום,"/></TextLine><TextLine ID="r1l11" BASELINE="693" HEIGHT="57" WIDTH="1344" VPOS="636" HPOS="293"><String ID="string_r1l11" HEIGHT="57" WIDTH="1344" VPOS="636" HPOS="293" CONTENT="וזה בלשון קצר מבלי להאריך... וכל זה אחרי השליכי על ה' יהבי״. אחרי ההקדמה,"/></TextLine><TextLine ID="r1l12" BASELINE="749" HEIGHT="57" WIDTH="1337" VPOS="692" HPOS="297"><String ID="string_r1l12" HEIGHT="57" WIDTH="1337" VPOS="692" HPOS="297" CONTENT="הולך ומשתרע באור רחב על כל מאמר ומאמר כראוי, וזה דרכו בכל שמנה פרקי"/></TextLine><TextLine ID="r1l13" BASELINE="797" HEIGHT="48" WIDTH="1331" VPOS="749" HPOS="297"><String ID="string_r1l13" HEIGHT="48" WIDTH="1331" VPOS="749" HPOS="297" CONTENT="הספר 16), ובראשית הספר כתב: כי הנה היום, שהוא שנת חמשת אלפים ומאתים ושלש"/></TextLine><TextLine ID="r1l14" BASELINE="862" HEIGHT="59" WIDTH="1330" VPOS="803" HPOS="303"><String ID="string_r1l14" HEIGHT="59" WIDTH="1330" VPOS="803" HPOS="303" CONTENT="עשרה ליצירה, יש הפרש בין נקדת קו הצדק ובין ראש טלה וכו׳ (וחברו לכבוד"/></TextLine><TextLine ID="r1l15" BASELINE="906" HEIGHT="47" WIDTH="327" VPOS="859" HPOS="1309"><String ID="string_r1l15" HEIGHT="47" WIDTH="327" VPOS="859" HPOS="1309" CONTENT="תלמידו ר׳ מוחה)."/></TextLine><TextLine ID="r1l16" BASELINE="982" HEIGHT="56" WIDTH="1031" VPOS="926" HPOS="497"><String ID="string_r1l16" HEIGHT="56" WIDTH="1031" VPOS="926" HPOS="497" CONTENT="ד) פירוש על ספר האחד לר׳ אברהם בן עזרא 17)."/></TextLine><TextLine ID="r1l17" BASELINE="1035" HEIGHT="56" WIDTH="1238" VPOS="979" HPOS="292"><String ID="string_r1l17" HEIGHT="56" WIDTH="1238" VPOS="979" HPOS="292" CONTENT="ה) פירוש על ספר ההגיון או מלות ההגיון להרמב״ם18) לכבוד הרב"/></TextLine><TextLine ID="r1l18" BASELINE="1088" HEIGHT="58" WIDTH="1338" VPOS="1030" HPOS="298"><String ID="string_r1l18" HEIGHT="58" WIDTH="1338" VPOS="1030" HPOS="298" CONTENT="הכולל ר' יצחק צרפתי, אשר בקש ממנו לחבר פירוש על כל ספרי ההגיון של אריסטו"/></TextLine><TextLine ID="r1l19" BASELINE="1142" HEIGHT="58" WIDTH="1335" VPOS="1084" HPOS="296"><String ID="string_r1l19" HEIGHT="58" WIDTH="1335" VPOS="1084" HPOS="296" CONTENT="וגם על ס׳ ההגיון להרמב״ם, ומפני קוצר הזמן וטרדותיו לא יכול למצא כל שאלותיו"/></TextLine><TextLine ID="r1l20" BASELINE="1190" HEIGHT="49" WIDTH="619" VPOS="1141" HPOS="1024"><String ID="string_r1l20" HEIGHT="49" WIDTH="619" VPOS="1141" HPOS="1024" CONTENT="ויחבר הם׳ הזה המכיל מעט מהרבה."/></TextLine><TextLine ID="r1l21" BASELINE="1250" HEIGHT="55" WIDTH="1243" VPOS="1195" HPOS="290"><String ID="string_r1l21" HEIGHT="55" WIDTH="1243" VPOS="1195" HPOS="290" CONTENT="ו) ספר ההשנות או תשובה נגד ר׳ שבתי בן מלכיאל, ועל"/></TextLine><TextLine ID="r1l22" BASELINE="1306" HEIGHT="55" WIDTH="1336" VPOS="1251" HPOS="297"><String ID="string_r1l22" HEIGHT="55" WIDTH="1336" VPOS="1251" HPOS="297" CONTENT="הסבה אשר הביאה אותו לחבר הספר הזה כתב בהקדמתו: „אמר מרדכי בן אליעזר"/></TextLine><TextLine ID="r1l23" BASELINE="1362" HEIGHT="57" WIDTH="1333" VPOS="1305" HPOS="291"><String ID="string_r1l23" HEIGHT="57" WIDTH="1333" VPOS="1305" HPOS="291" CONTENT="כומטינו, אחרי השלימי ספר שחברתי בפירוש התורה אשר לא ישקל כסף מחירו,"/></TextLine><TextLine ID="r1l24" BASELINE="1419" HEIGHT="56" WIDTH="1338" VPOS="1363" HPOS="293"><String ID="string_r1l24" HEIGHT="56" WIDTH="1338" VPOS="1363" HPOS="293" CONTENT="ולראות שהוא כן הנה עד כה הגיע אלינו מה שכתב (ר׳ שבתי בן מלכיאל) והראינו"/></TextLine><TextLine ID="r1l25" BASELINE="1474" HEIGHT="57" WIDTH="1348" VPOS="1417" HPOS="282"><String ID="string_r1l25" HEIGHT="57" WIDTH="1348" VPOS="1417" HPOS="282" CONTENT="לכל קורא האמת, ומעתה לא אוסיף לענות לו אם יוסיף לטעון, כי בזה די לו להבין"/></TextLine><TextLine ID="r1l26" BASELINE="1529" HEIGHT="59" WIDTH="1342" VPOS="1470" HPOS="287"><String ID="string_r1l26" HEIGHT="59" WIDTH="1342" VPOS="1470" HPOS="287" CONTENT="כל מעיין שדבריו אין... עד שקם אחד מביניהם שמו שבתי (בן מלכיאל) כהן, ורצה"/></TextLine><TextLine ID="r1l27" BASELINE="1586" HEIGHT="61" WIDTH="1337" VPOS="1525" HPOS="291"><String ID="string_r1l27" HEIGHT="61" WIDTH="1337" VPOS="1525" HPOS="291" CONTENT="להתגדל בהם, ועלה על לבו שבזה יהללוהו המון חבריו ויגדילוהו, כי יחבר ספר משיב"/></TextLine><TextLine ID="r1l28" BASELINE="1641" HEIGHT="57" WIDTH="1344" VPOS="1584" HPOS="291"><String ID="string_r1l28" HEIGHT="57" WIDTH="1344" VPOS="1584" HPOS="291" CONTENT="על הטענות, שחברתי בספר הנזכר, בקצת מאמרי הראב&#34;ע&#34; ... „ובתוך הספר ירבה"/></TextLine><TextLine ID="r1l29" BASELINE="1698" HEIGHT="59" WIDTH="1342" VPOS="1639" HPOS="292"><String ID="string_r1l29" HEIGHT="59" WIDTH="1342" VPOS="1639" HPOS="292" CONTENT="להשיג על כל הדברים אשר כתב נגדו ר' שבתי הכהן, ואחרי אשר יביא אותם בכור"/></TextLine><TextLine ID="r1l30" BASELINE="1750" HEIGHT="55" WIDTH="1113" VPOS="1695" HPOS="517"><String ID="string_r1l30" HEIGHT="55" WIDTH="1113" VPOS="1695" HPOS="517" CONTENT="המבחן ויבקרם, יראה לעין כל כי בהבלים יסודם ואין להם שחר״ 19)."/></TextLine><TextLine ID="r1l31" BASELINE="1806" HEIGHT="58" WIDTH="1230" VPOS="1748" HPOS="291"><String ID="string_r1l31" HEIGHT="58" WIDTH="1230" VPOS="1748" HPOS="291" CONTENT="ז) חבור על החשבון או ספר בחכמת החשבון, יכיל כל כללי"/></TextLine><TextLine ID="r1l32" BASELINE="1857" HEIGHT="52" WIDTH="1338" VPOS="1805" HPOS="291"><String ID="string_r1l32" HEIGHT="52" WIDTH="1338" VPOS="1805" HPOS="291" CONTENT="החשבון בשלמים ונשברים, וגם חכמות המדות (גיאומטריא) עם כל סעיפיה וענפיה,"/></TextLine><TextLine ID="r1l33" BASELINE="1918" HEIGHT="60" WIDTH="1333" VPOS="1858" HPOS="291"><String ID="string_r1l33" HEIGHT="60" WIDTH="1333" VPOS="1858" HPOS="291" CONTENT="ובתחלת הספר כתב: „אמר מרדכי בן אליעזר כומטינו הקשטנדני, להיות שהתחלה"/></TextLine><TextLine ID="r1l34" BASELINE="1974" HEIGHT="61" WIDTH="1338" VPOS="1913" HPOS="286"><String ID="string_r1l34" HEIGHT="61" WIDTH="1338" VPOS="1913" HPOS="286" CONTENT="הראשונה לכל, הושפעו ממנה שאר הנמצאות ... וחלקתי אותו לשני ספרים, האחד"/></TextLine><TextLine ID="r1l35" BASELINE="2029" HEIGHT="51" WIDTH="1348" VPOS="1978" HPOS="281"><String ID="string_r1l35" HEIGHT="51" WIDTH="1348" VPOS="1978" HPOS="281" CONTENT="ידבר בעניני החשבון, והספר השני ידבר בעניני המדות, ודרכי בזה דרך הנוצרים"/></TextLine><TextLine ID="r1l36" BASELINE="2196" HEIGHT="61" WIDTH="1242" VPOS="2135" HPOS="281"><String ID="string_r1l36" HEIGHT="61" WIDTH="1242" VPOS="2135" HPOS="281" CONTENT="16) כ&#34;י בפטרסבורג בעל ששה ועשרים דפים (נעתק ראש חדש שבט השי״ב ליצירה)"/></TextLine><TextLine ID="r1l37" BASELINE="2236" HEIGHT="43" WIDTH="314" VPOS="2193" HPOS="1313"><String ID="string_r1l37" HEIGHT="43" WIDTH="314" VPOS="2193" HPOS="1313" CONTENT="זפאריז (כ&#34;ג דפים)."/></TextLine><TextLine ID="r1l38" BASELINE="2291" HEIGHT="60" WIDTH="1193" VPOS="2231" HPOS="332"><String ID="string_r1l38" HEIGHT="60" WIDTH="1193" VPOS="2231" HPOS="332" CONTENT="17) כ&#34;י בעיר פארמה באיטליה (ובדי רוסי סימן 556,5) ופריז סי' 681 (ל&#34;ג דפים)."/></TextLine><TextLine ID="r1l39" BASELINE="2337" HEIGHT="57" WIDTH="1178" VPOS="2280" HPOS="357"><String ID="string_r1l39" HEIGHT="57" WIDTH="1178" VPOS="2280" HPOS="357" CONTENT="18) כ&#34;י בעיר ליידן בהולאנדיה (רשימת ר' משה שטיינשניידר ופאריז (י&#34;ג דפים)."/></TextLine><TextLine ID="r1l40" BASELINE="2385" HEIGHT="57" WIDTH="705" VPOS="2328" HPOS="845"><String ID="string_r1l40" HEIGHT="57" WIDTH="705" VPOS="2328" HPOS="845" CONTENT="19) כ&#34;י בביבליותקא בעיר ליידן (הולאנדיה)."/></TextLine></TextBlock></PrintSpace></Page></Layout></alto>