<?xml version="1.0" encoding="UTF-8"?><alto xmlns:xsi="http://www.w3.org/2001/XMLSchema-instance" xmlns="http://www.loc.gov/standards/alto/ns-v2#" xmlns:page="http://schema.primaresearch.org/PAGE/gts/pagecontent/2013-07-15" xsi:schemaLocation="http://schema.primaresearch.org/PAGE/gts/pagecontent/2013-07-15 http://schema.primaresearch.org/PAGE/gts/pagecontent/2013-07-15/pagecontent.xsd http://www.loc.gov/standards/alto/ns-v2# http://www.loc.gov/standards/alto/alto-v2.0.xsd"><Description><MeasurementUnit>pixel</MeasurementUnit></Description><Layout><Page ID="Page1" PHYSICAL_IMG_NR="1" HEIGHT="2604" WIDTH="1703"><TopMargin HEIGHT="0" WIDTH="1703" VPOS="0" HPOS="0"/><LeftMargin HEIGHT="2604" WIDTH="0" VPOS="0" HPOS="0"/><RightMargin HEIGHT="2604" WIDTH="0" VPOS="0" HPOS="1703"/><BottomMargin HEIGHT="0" WIDTH="1703" VPOS="2604" HPOS="0"/><PrintSpace HEIGHT="2604" WIDTH="1703" VPOS="0" HPOS="0"><TextBlock ID="r1" HEIGHT="2327" WIDTH="1356" VPOS="165" HPOS="171"><Shape><Polygon POINTS="171,165 171,2492 1527,2492 1527,165"/></Shape><TextLine ID="r1l2" BASELINE="210" HEIGHT="35" WIDTH="87" VPOS="175" HPOS="1449"><String ID="string_r1l2" HEIGHT="35" WIDTH="87" VPOS="175" HPOS="1449" CONTENT="34"/></TextLine><TextLine ID="r1l1" BASELINE="206" HEIGHT="45" WIDTH="406" VPOS="161" HPOS="652"><String ID="string_r1l1" HEIGHT="45" WIDTH="406" VPOS="161" HPOS="652" CONTENT="דברי ימי ישראל בתוגרמה"/></TextLine><TextLine ID="r1l4" BASELINE="323" HEIGHT="58" WIDTH="1338" VPOS="265" HPOS="195"><String ID="string_r1l4" HEIGHT="58" WIDTH="1338" VPOS="265" HPOS="195" CONTENT="מעל גבוה, לא יביט לשפל אנשים... כאשר הייתי שלו בישיבתי... מפי אנשי אמונה"/></TextLine><TextLine ID="r1l5" BASELINE="380" HEIGHT="61" WIDTH="1336" VPOS="319" HPOS="195"><String ID="string_r1l5" HEIGHT="61" WIDTH="1336" VPOS="319" HPOS="195" CONTENT="שמעתי שלימות נפשך החשובה, כלולה מבראשית ומרכבה, המליכוה מן השמים בעצה"/></TextLine><TextLine ID="line_1554228720955_908" BASELINE="436" HEIGHT="63" WIDTH="1310" VPOS="373" HPOS="208"><String ID="string_line_1554228720955_908" HEIGHT="63" WIDTH="1310" VPOS="373" HPOS="208" CONTENT="וגבורה, זכה וברה, לעד ולאות שבימים קדמונים היו באומתנו שרי אלפים ושרי"/></TextLine><TextLine ID="r1l8" BASELINE="488" HEIGHT="57" WIDTH="1069" VPOS="431" HPOS="464"><String ID="string_r1l8" HEIGHT="57" WIDTH="1069" VPOS="431" HPOS="464" CONTENT="מאות&#34; (אגרת דון דוד אבן יחייא לר' ישעיה מישיני, כ&#34;י בפאריז)."/></TextLine><TextLine ID="r1l9" BASELINE="536" HEIGHT="52" WIDTH="1251" VPOS="484" HPOS="184"><String ID="string_r1l9" HEIGHT="52" WIDTH="1251" VPOS="484" HPOS="184" CONTENT="נפלא הדבר לראות כי פליטי ספרד בימי הגרושים החלקיים והשמדות משנת "/></TextLine><TextLine ID="r1l10" BASELINE="595" HEIGHT="58" WIDTH="1338" VPOS="537" HPOS="186"><String ID="string_r1l10" HEIGHT="58" WIDTH="1338" VPOS="537" HPOS="186" CONTENT="קנ&#34;א והלאה, ואשר באו כפעם בפעם לתוגרמה ואיי יון, זרעו גם זרע התורה וההשכלה"/></TextLine><TextLine ID="r1l11" BASELINE="648" HEIGHT="55" WIDTH="1338" VPOS="593" HPOS="188"><String ID="string_r1l11" HEIGHT="55" WIDTH="1338" VPOS="593" HPOS="188" CONTENT="המסוגלת לבני ארצם עד שעלה בידיהם להרים קרן ישראל בדת ובהשכלה על תרבות"/></TextLine><TextLine ID="r1l12" BASELINE="703" HEIGHT="56" WIDTH="1335" VPOS="647" HPOS="187"><String ID="string_r1l12" HEIGHT="56" WIDTH="1335" VPOS="647" HPOS="187" CONTENT="קיסרות ביזאנצה, שעמדה בשפל המדרנה בימי היונים. וכמו קסם היה הדבר, כי כמעט"/></TextLine><TextLine ID="r1l13" BASELINE="758" HEIGHT="55" WIDTH="1335" VPOS="703" HPOS="190"><String ID="string_r1l13" HEIGHT="55" WIDTH="1335" VPOS="703" HPOS="190" CONTENT="נכבשה הארץ לפני התוגרמים ותמורה גדולה נהיתה בכנסת ישראל. פתאום נראה"/></TextLine><TextLine ID="r1l14" BASELINE="817" HEIGHT="58" WIDTH="1333" VPOS="759" HPOS="190"><String ID="string_r1l14" HEIGHT="58" WIDTH="1333" VPOS="759" HPOS="190" CONTENT="חבל חכמים, אנשים גדולים לתורה, חוקרים ומפרשים בדרך מושכלת, שכבר נשכח"/></TextLine><TextLine ID="r1l15" BASELINE="874" HEIGHT="52" WIDTH="1088" VPOS="822" HPOS="440"><String ID="string_r1l15" HEIGHT="52" WIDTH="1088" VPOS="822" HPOS="440" CONTENT="זכרם בדורות הקודמים במדינת יון, צצים ופורחים כציץ בארץ ציה."/></TextLine><TextLine ID="r1l16" BASELINE="926" HEIGHT="54" WIDTH="1246" VPOS="872" HPOS="184"><String ID="string_r1l16" HEIGHT="54" WIDTH="1246" VPOS="872" HPOS="184" CONTENT="הנה כן נראה כי בעת ההיא היהודים בתוגרמה לא לבד שהצליחו ושגשגו בכל"/></TextLine><TextLine ID="r1l17" BASELINE="983" HEIGHT="55" WIDTH="1347" VPOS="928" HPOS="180"><String ID="string_r1l17" HEIGHT="55" WIDTH="1347" VPOS="928" HPOS="180" CONTENT="מעשיהם ויחיו בשלוה שקטים ושאננים, אך גם עבדו בשדה החכמה והמדעים. ובאמת "/></TextLine><TextLine ID="r1l18" BASELINE="1035" HEIGHT="54" WIDTH="1344" VPOS="981" HPOS="180"><String ID="string_r1l18" HEIGHT="54" WIDTH="1344" VPOS="981" HPOS="180" CONTENT="הארץ הזאת היתה כמו שדה גיר המוכשר לקבל זרע הספרות ולהפרות נטיעי הדעת"/></TextLine><TextLine ID="r1l19" BASELINE="1079" HEIGHT="37" WIDTH="271" VPOS="1042" HPOS="1245"><String ID="string_r1l19" HEIGHT="37" WIDTH="271" VPOS="1042" HPOS="1245" CONTENT="והתורה גם יחד."/></TextLine><TextLine ID="r1l20" BASELINE="1142" HEIGHT="58" WIDTH="1249" VPOS="1084" HPOS="179"><String ID="string_r1l20" HEIGHT="58" WIDTH="1249" VPOS="1084" HPOS="179" CONTENT="שבע שנים עברו מן העת אשר נכבשה עיר הבירה קושטנדינא. כל חבל"/></TextLine><TextLine ID="r1l21" BASELINE="1196" HEIGHT="56" WIDTH="1342" VPOS="1140" HPOS="184"><String ID="string_r1l21" HEIGHT="56" WIDTH="1342" VPOS="1140" HPOS="184" CONTENT="המוריאה ויתר אחוזות היונים בחצי האי ההוא, כמו כן האיים הקרובים, נפלו בידי"/></TextLine><TextLine ID="r1l22" BASELINE="1252" HEIGHT="54" WIDTH="1337" VPOS="1198" HPOS="180"><String ID="string_r1l22" HEIGHT="54" WIDTH="1337" VPOS="1198" HPOS="180" CONTENT="העשמנים. גם האי הגדול ניגרופונטי נתן בידם, והיהודים אשר חיו בערים"/></TextLine><TextLine ID="r1l23" BASELINE="1305" HEIGHT="55" WIDTH="1350" VPOS="1250" HPOS="176"><String ID="string_r1l23" HEIGHT="55" WIDTH="1350" VPOS="1250" HPOS="176" CONTENT="ההן באו במספר רב לעיר הבירה ויתישבו שם, ביסדם קהל מובדל מיתר בני מדינתם,"/></TextLine><TextLine ID="r1l24" BASELINE="1365" HEIGHT="60" WIDTH="1334" VPOS="1305" HPOS="186"><String ID="string_r1l24" HEIGHT="60" WIDTH="1334" VPOS="1305" HPOS="186" CONTENT="הנודע בימים ההם בשם ק&#34;ק ניגרופונטי, ברבע איסטאמבול אשר אבד זכרו ברוב הימים."/></TextLine><TextLine ID="r1l25" BASELINE="1421" HEIGHT="57" WIDTH="1342" VPOS="1364" HPOS="185"><String ID="string_r1l25" HEIGHT="57" WIDTH="1342" VPOS="1364" HPOS="185" CONTENT="בימים ההם מרד בשלטן איש גבור חיל ואמיץ כח הנודע בשם אסכנדר ביי ממחוז"/></TextLine><TextLine ID="r1l26" BASELINE="1475" HEIGHT="58" WIDTH="1350" VPOS="1417" HPOS="174"><String ID="string_r1l26" HEIGHT="58" WIDTH="1350" VPOS="1417" HPOS="174" CONTENT="אלבניאה, ובכל אשר הוסיפו חילות הממשלה להלחם עמו עמד הנצחון תמיד לימינו,"/></TextLine><TextLine ID="r1l27" BASELINE="1531" HEIGHT="58" WIDTH="1347" VPOS="1473" HPOS="179"><String ID="string_r1l27" HEIGHT="58" WIDTH="1347" VPOS="1473" HPOS="179" CONTENT="עד אשר הוכרח השלטן מחמד לקרוא אליו לשלום ולהכיר אותו עד עת בתור מושל"/></TextLine><TextLine ID="r1l28" BASELINE="1581" HEIGHT="52" WIDTH="1350" VPOS="1529" HPOS="174"><String ID="string_r1l28" HEIGHT="52" WIDTH="1350" VPOS="1529" HPOS="174" CONTENT="חפשי. לסבת מלחמת האזרחים הזאת, נדדו היהודים יושבי אלבניאה במספר רב"/></TextLine><TextLine ID="r1l29" BASELINE="1639" HEIGHT="53" WIDTH="1345" VPOS="1586" HPOS="175"><String ID="string_r1l29" HEIGHT="53" WIDTH="1345" VPOS="1586" HPOS="175" CONTENT="לעיר הבירה וליתר הערים הגדולות, וביניהם היו תושבי העיר אכרידה וקאסטוריה"/></TextLine><TextLine ID="r1l30" BASELINE="1695" HEIGHT="53" WIDTH="1353" VPOS="1642" HPOS="170"><String ID="string_r1l30" HEIGHT="53" WIDTH="1353" VPOS="1642" HPOS="170" CONTENT="אשר יסדו בקושטנדינא קהלות נפרדות, העומדות עד היום ברבע היהודים החדש, הנקרא"/></TextLine><TextLine ID="r1l31" BASELINE="1752" HEIGHT="59" WIDTH="665" VPOS="1693" HPOS="860"><String ID="string_r1l31" HEIGHT="59" WIDTH="665" VPOS="1693" HPOS="860" CONTENT="באלאט, על שפת לשון ים קרן הזהב."/></TextLine><TextLine ID="r1l32" BASELINE="1807" HEIGHT="56" WIDTH="1239" VPOS="1751" HPOS="176"><String ID="string_r1l32" HEIGHT="56" WIDTH="1239" VPOS="1751" HPOS="176" CONTENT="אחרי כמה נצחונות על הויניצים והיונים, חשב שלטן מחמד ללכוד את העיר"/></TextLine><TextLine ID="r1l33" BASELINE="1865" HEIGHT="61" WIDTH="1348" VPOS="1804" HPOS="173"><String ID="string_r1l33" HEIGHT="61" WIDTH="1348" VPOS="1804" HPOS="173" CONTENT="הגדולה תרביזוגדה מידי המלך היוני דוד קומאנו, אך מיראתו פן יבא לעזרתו"/></TextLine><TextLine ID="r1l34" BASELINE="1919" HEIGHT="55" WIDTH="1345" VPOS="1864" HPOS="175"><String ID="string_r1l34" HEIGHT="55" WIDTH="1345" VPOS="1864" HPOS="175" CONTENT="הנסיך אוזון חאסאן אחי אשתו, שלח אנשי חיל לארצות הקאראמאניה להכותו"/></TextLine><TextLine ID="r1l35" BASELINE="1976" HEIGHT="57" WIDTH="1359" VPOS="1919" HPOS="168"><String ID="string_r1l35" HEIGHT="57" WIDTH="1359" VPOS="1919" HPOS="168" CONTENT="בראשונה. הנסיך הזה היה מצאצאי שבט הטלה-הלבן, והוא איש גבור חיל וערום עד מאד."/></TextLine><TextLine ID="r1l36" BASELINE="2031" HEIGHT="62" WIDTH="1340" VPOS="1969" HPOS="178"><String ID="string_r1l36" HEIGHT="62" WIDTH="1340" VPOS="1969" HPOS="178" CONTENT="הוא שלח לקראת השלטן את אמו שרה, אשר לדעת רבים היתה יהודית, להשיב אותו"/></TextLine><TextLine ID="r1l37" BASELINE="2085" HEIGHT="57" WIDTH="1353" VPOS="2028" HPOS="163"><String ID="string_r1l37" HEIGHT="57" WIDTH="1353" VPOS="2028" HPOS="163" CONTENT="מדרכו על תרביזוגדה והקאראמאניה, אך בכל חלקת דבריה לא עמדה לה ערמתה ולא"/></TextLine><TextLine ID="r1l38" BASELINE="2140" HEIGHT="62" WIDTH="1348" VPOS="2078" HPOS="168"><String ID="string_r1l38" HEIGHT="62" WIDTH="1348" VPOS="2078" HPOS="168" CONTENT="יכלה להטות לב השלטן, אשר הראה לה אותות הכבוד, ולא נמגע בכל זאת מעשות"/></TextLine><TextLine ID="r1l39" BASELINE="2183" HEIGHT="39" WIDTH="264" VPOS="2144" HPOS="1259"><String ID="string_r1l39" HEIGHT="39" WIDTH="264" VPOS="2144" HPOS="1259" CONTENT="את אשר זמם."/></TextLine><TextLine ID="r1l40" BASELINE="2256" HEIGHT="63" WIDTH="1246" VPOS="2193" HPOS="167"><String ID="string_r1l40" HEIGHT="63" WIDTH="1246" VPOS="2193" HPOS="167" CONTENT="תוצאות המלחמה הזאת הסבו מלחמה אחרת בצפון הממשלה באברופה בארץ"/></TextLine><TextLine ID="r1l41" BASELINE="2309" HEIGHT="63" WIDTH="1346" VPOS="2246" HPOS="170"><String ID="string_r1l41" HEIGHT="63" WIDTH="1346" VPOS="2246" HPOS="170" CONTENT="ולאכיה. רבי אליהו קפסאלי מאי קנדיה, שהיה קרוב לימים ההם, יספר לנו"/></TextLine><TextLine ID="r1l42" BASELINE="2355" HEIGHT="45" WIDTH="323" VPOS="2310" HPOS="1208"><String ID="string_r1l42" HEIGHT="45" WIDTH="323" VPOS="2310" HPOS="1208" CONTENT="כדברים האלה30 :"/></TextLine><TextLine ID="r1l43" BASELINE="2443" HEIGHT="58" WIDTH="1248" VPOS="2385" HPOS="170"><String ID="string_r1l43" HEIGHT="58" WIDTH="1248" VPOS="2385" HPOS="170" CONTENT="30) רבי אליהו לר׳ אליהו קפסאלי פרק כ&#34;ה ובנדפס דף מ״ח. מצאנו להעיר כי"/></TextLine><TextLine ID="r1l44" BASELINE="2488" HEIGHT="54" WIDTH="1346" VPOS="2434" HPOS="168"><String ID="string_r1l44" HEIGHT="54" WIDTH="1346" VPOS="2434" HPOS="168" CONTENT="במספר השנה נפלה שגיאה, כאשר נראה כמעט בכל המספרים המובאים בכ&#34;י הזה, אולם מפי"/></TextLine></TextBlock></PrintSpace></Page></Layout></alto>