<?xml version="1.0" encoding="UTF-8"?><alto xmlns:xsi="http://www.w3.org/2001/XMLSchema-instance" xmlns="http://www.loc.gov/standards/alto/ns-v2#" xmlns:page="http://schema.primaresearch.org/PAGE/gts/pagecontent/2013-07-15" xsi:schemaLocation="http://schema.primaresearch.org/PAGE/gts/pagecontent/2013-07-15 http://schema.primaresearch.org/PAGE/gts/pagecontent/2013-07-15/pagecontent.xsd http://www.loc.gov/standards/alto/ns-v2# http://www.loc.gov/standards/alto/alto-v2.0.xsd"><Description><MeasurementUnit>pixel</MeasurementUnit></Description><Layout><Page ID="Page1" PHYSICAL_IMG_NR="1" HEIGHT="2600" WIDTH="1668"><TopMargin HEIGHT="0" WIDTH="1668" VPOS="0" HPOS="0"/><LeftMargin HEIGHT="2600" WIDTH="0" VPOS="0" HPOS="0"/><RightMargin HEIGHT="2600" WIDTH="0" VPOS="0" HPOS="1668"/><BottomMargin HEIGHT="0" WIDTH="1668" VPOS="2600" HPOS="0"/><PrintSpace HEIGHT="2600" WIDTH="1668" VPOS="0" HPOS="0"><TextBlock ID="r1" HEIGHT="1971" WIDTH="1353" VPOS="443" HPOS="124"><Shape><Polygon POINTS="124,443 124,2414 1477,2414 1477,443"/></Shape><TextLine ID="r1l1" BASELINE="497" HEIGHT="74" WIDTH="512" VPOS="423" HPOS="559"><String ID="string_r1l1" HEIGHT="74" WIDTH="512" VPOS="423" HPOS="559" CONTENT="תוכן הענינים"/></TextLine><TextLine ID="r1l2" BASELINE="581" HEIGHT="61" WIDTH="1015" VPOS="520" HPOS="287"><String ID="string_r1l2" HEIGHT="61" WIDTH="1015" VPOS="520" HPOS="287" CONTENT="פרק א׳ השלטנים הראשונים ה&#34;א ס׳ – רי&#34;א (1300- 1451)"/></TextLine><TextLine ID="r1l3" BASELINE="644" HEIGHT="47" WIDTH="1230" VPOS="597" HPOS="140"><String ID="string_r1l3" HEIGHT="47" WIDTH="1230" VPOS="597" HPOS="140" CONTENT="צמיחת קיסרית העשמאנית ושלטן עשמאן, — שלטן אורכאן — קהלת ברוסיה, בנין בית הכנסת עץ"/></TextLine><TextLine ID="r1l4" BASELINE="689" HEIGHT="49" WIDTH="1345" VPOS="640" HPOS="138"><String ID="string_r1l4" HEIGHT="49" WIDTH="1345" VPOS="640" HPOS="138" CONTENT="חיים —חיל הייניטשרים— לכידת גאליפולי— שלטן מוראד א׳ — לכידת אנגורה — לכידת אנדרינופלא—קהלת"/></TextLine><TextLine ID="r1l5" BASELINE="731" HEIGHT="44" WIDTH="1339" VPOS="687" HPOS="134"><String ID="string_r1l5" HEIGHT="44" WIDTH="1339" VPOS="687" HPOS="134" CONTENT="היהודים באנדרינופלא— המלחמה נגד הבולגארים — הנסיכה תמר בת המלכה היהודית תיאודורה—שלטן"/></TextLine><TextLine ID="r1l6" BASELINE="783" HEIGHT="47" WIDTH="1341" VPOS="736" HPOS="135"><String ID="string_r1l6" HEIGHT="47" WIDTH="1341" VPOS="736" HPOS="135" CONTENT="באיאזיד א – לכידת ניקופול ווידין.  קהלית היהודים מלחמת אזרחים. – שלמן מחמד אי – מרידת"/></TextLine><TextLine ID="r1l7" BASELINE="827" HEIGHT="46" WIDTH="1343" VPOS="781" HPOS="134"><String ID="string_r1l7" HEIGHT="46" WIDTH="1343" VPOS="781" HPOS="134" CONTENT="הדרוישים והמומר שמואל—הארכונית יצחק חזן. — שלטן מוראד ב׳ — חיל הגוריבה.—ר' חנוך צפורתא."/></TextLine><TextLine ID="r1l8" BASELINE="873" HEIGHT="47" WIDTH="1341" VPOS="826" HPOS="137"><String ID="string_r1l8" HEIGHT="47" WIDTH="1341" VPOS="826" HPOS="137" CONTENT="לכידת שאלוניק.—ר׳ שלום אשכנזי מנוושטט. — ר' דוסא היוני—ר' יצחק צרפתי — יעקב רופא השלטן"/></TextLine><TextLine ID="r1l10" BASELINE="918" HEIGHT="45" WIDTH="843" VPOS="873" HPOS="643"><String ID="string_r1l10" HEIGHT="45" WIDTH="843" VPOS="873" HPOS="643" CONTENT="ייורש העצר — לכידת פטרך יהיהידים. — מית שלטן מיראד ב—"/></TextLine><TextLine ID="r1l9" BASELINE="908" HEIGHT="36" WIDTH="159" VPOS="872" HPOS="131"><String ID="string_r1l9" HEIGHT="36" WIDTH="159" VPOS="872" HPOS="131" CONTENT="ע' 1—81."/></TextLine><TextLine ID="r1l11" BASELINE="1080" HEIGHT="55" WIDTH="1276" VPOS="1025" HPOS="156"><String ID="string_r1l11" HEIGHT="55" WIDTH="1276" VPOS="1025" HPOS="156" CONTENT="פרק ב׳. היהודים תחת ממשלת שלטן מחמד ב׳ רי״א— רמ״א (1481-1451)"/></TextLine><TextLine ID="r1l12" BASELINE="1148" HEIGHT="49" WIDTH="1230" VPOS="1099" HPOS="137"><String ID="string_r1l12" HEIGHT="49" WIDTH="1230" VPOS="1099" HPOS="137" CONTENT="שלטן מחמד ב׳ ויהודי אנדרינופלא — כתב דת הניתן לרופא יעקב - לבירת קושטנדינא — מסי"/></TextLine><TextLine ID="r1l13" BASELINE="1194" HEIGHT="48" WIDTH="1346" VPOS="1146" HPOS="133"><String ID="string_r1l13" HEIGHT="48" WIDTH="1346" VPOS="1146" HPOS="133" CONTENT="היהודים. ר' משה קפסאלי רב הרבנים.  רבע איוב — התראות השלטן ור' משה קפסאלי — ר' חנוך"/></TextLine><TextLine ID="r1l14" BASELINE="1246" HEIGHT="54" WIDTH="1350" VPOS="1192" HPOS="127"><String ID="string_r1l14" HEIGHT="54" WIDTH="1350" VPOS="1192" HPOS="127" CONTENT="צפורתא והקראים. ר' מרדכי כימטיאנו — ר' שבתי בן מלכיאל הכהן — ר' משה קפוצטו היוני. — איזן"/></TextLine><TextLine ID="r1l15" BASELINE="1298" HEIGHT="72" WIDTH="1363" VPOS="1226" HPOS="116"><String ID="string_r1l15" HEIGHT="72" WIDTH="1363" VPOS="1226" HPOS="116" CONTENT="חאסאן. — היהודים נתיני תוגרמה בולאכיא. — יהודי באואריה מתקבלים בתרכיה. — מלחמת רודוס והיהודים.—"/></TextLine><TextLine ID="line_1552320864678_144" BASELINE="1331" HEIGHT="48" WIDTH="1300" VPOS="1283" HPOS="173"><String ID="string_line_1552320864678_144" HEIGHT="48" WIDTH="1300" VPOS="1283" HPOS="173" CONTENT="יהודי ציר תוגרמה בחצר ויניציא. הבשמים ושלטן מחמד. — המגפה בקושטנדינא ור' משה קפסאלי-"/></TextLine><TextLine ID="r1l18" BASELINE="1372" HEIGHT="45" WIDTH="473" VPOS="1327" HPOS="1003"><String ID="string_r1l18" HEIGHT="45" WIDTH="473" VPOS="1327" HPOS="1003" CONTENT="שלמן מחמד והיהודית הפונדקית.—"/></TextLine><TextLine ID="r1l19" BASELINE="1370" HEIGHT="34" WIDTH="177" VPOS="1336" HPOS="120"><String ID="string_r1l19" HEIGHT="34" WIDTH="177" VPOS="1336" HPOS="120" CONTENT="ע׳ 12-19."/></TextLine><TextLine ID="r1l20" BASELINE="1515" HEIGHT="60" WIDTH="1358" VPOS="1455" HPOS="121"><String ID="string_r1l20" HEIGHT="60" WIDTH="1358" VPOS="1455" HPOS="121" CONTENT="פרק ג' היהודים בימי שלטון באיאזיד ב' איל-סופי (החסיד) רמ״א —רע&#34;ב (1481 -1512)"/></TextLine><TextLine ID="r1l21" BASELINE="1580" HEIGHT="48" WIDTH="1235" VPOS="1532" HPOS="134"><String ID="string_r1l21" HEIGHT="48" WIDTH="1235" VPOS="1532" HPOS="134" CONTENT="נקם היאניצירים בר' משה קפסאלי —משה עשרים וארבע מחלוקת ר' יוסף קולון- ר׳ גדליה"/></TextLine><TextLine ID="r1l22" BASELINE="1626" HEIGHT="48" WIDTH="1311" VPOS="1578" HPOS="159"><String ID="string_r1l22" HEIGHT="48" WIDTH="1311" VPOS="1578" HPOS="159" CONTENT="בן יחיא. ר' אליה בשיצי. — ר כלב אפונדופילו — ר' שמעון אשכנזי.—ר' יוסף קלטי. גרוש ספרד- "/></TextLine><TextLine ID="r1l23" BASELINE="1670" HEIGHT="44" WIDTH="1348" VPOS="1626" HPOS="124"><String ID="string_r1l23" HEIGHT="44" WIDTH="1348" VPOS="1626" HPOS="124" CONTENT="גרושי ספרד מתקבלים בתוגרמה — המדפיסים הראשונים דוד ושמואל נחמיאס. - גרוש פורטוגאל-"/></TextLine><TextLine ID="r1l24" BASELINE="1722" HEIGHT="47" WIDTH="1338" VPOS="1675" HPOS="132"><String ID="string_r1l24" HEIGHT="47" WIDTH="1338" VPOS="1675" HPOS="132" CONTENT="ר' אליה מזרחי. - ר' דוד כהן- ר' יהידה בנבנשת.—ר' יוסף פאסי ר' יעקב חביב –ר' דוד"/></TextLine><TextLine ID="r1l25" BASELINE="1767" HEIGHT="47" WIDTH="722" VPOS="1720" HPOS="754"><String ID="string_r1l25" HEIGHT="47" WIDTH="722" VPOS="1720" HPOS="754" CONTENT="מסיר ליאון-— הקאייא ר' שאלתיאל.— דון דוד יחיא.—"/></TextLine><TextLine ID="r1l26" BASELINE="1769" HEIGHT="39" WIDTH="160" VPOS="1730" HPOS="129"><String ID="string_r1l26" HEIGHT="39" WIDTH="160" VPOS="1730" HPOS="129" CONTENT="ע׳ 90-43"/></TextLine><TextLine ID="r1l27" BASELINE="1934" HEIGHT="60" WIDTH="862" VPOS="1874" HPOS="369"><String ID="string_r1l27" HEIGHT="60" WIDTH="862" VPOS="1874" HPOS="369" CONTENT="פרק ד׳ שלטן שלים א׳ רע״ב-ר״פ (1520-1512)"/></TextLine><TextLine ID="r1l28" BASELINE="1998" HEIGHT="50" WIDTH="1243" VPOS="1948" HPOS="126"><String ID="string_r1l28" HEIGHT="50" WIDTH="1243" VPOS="1948" HPOS="126" CONTENT="מלכות שלטן שלים.  נצחון ארץ ישראל ומצרים. - ר' יצחק קארו—ר' יצחק בן עלי. — דון"/></TextLine><TextLine ID="r1l29" BASELINE="2041" HEIGHT="45" WIDTH="1351" VPOS="1996" HPOS="119"><String ID="string_r1l29" HEIGHT="45" WIDTH="1351" VPOS="1996" HPOS="119" CONTENT="וידאל בנבנשתי. — ר' שלמה אלמולי - ר׳ אברחם בן יעש — ר' יעקב ן׳ חביב -– ר' שלמה הלוי.—"/></TextLine><TextLine ID="r1l30" BASELINE="2093" HEIGHT="50" WIDTH="1351" VPOS="2043" HPOS="115"><String ID="string_r1l30" HEIGHT="50" WIDTH="1351" VPOS="2043" HPOS="115" CONTENT="ר׳ אברהם סבע. —ר' יוסף קארו —ר' דוד מסיר ליאון— ר' מתתיא - ר' בנימין בן ר' מתתיא.—ר׳"/></TextLine><TextLine ID="r1l31" BASELINE="2142" HEIGHT="51" WIDTH="1355" VPOS="2091" HPOS="115"><String ID="string_r1l31" HEIGHT="51" WIDTH="1355" VPOS="2091" HPOS="115" CONTENT="אברהם שמסולו. —ר' בנימין בן ר' מאיר הלוי —ר' טודרוס. —ר' משה ורנק.  ר' יעקב טאיטצק —"/></TextLine><TextLine ID="r1l32" BASELINE="2191" HEIGHT="53" WIDTH="1306" VPOS="2138" HPOS="162"><String ID="string_r1l32" HEIGHT="53" WIDTH="1306" VPOS="2138" HPOS="162" CONTENT="ר' יצחק בן ליב. —מבט כללי על מצב היהודים והעדות בכל ערי מושבותם בתוגרמה. —ע׳ 16-91."/></TextLine><TextLine ID="r1l33" BASELINE="2363" HEIGHT="61" WIDTH="569" VPOS="2302" HPOS="513"><String ID="string_r1l33" HEIGHT="61" WIDTH="569" VPOS="2302" HPOS="513" CONTENT="פרק ה' המשך שלטן שלים א'"/></TextLine><TextLine ID="r1l34" BASELINE="2411" HEIGHT="48" WIDTH="1242" VPOS="2363" HPOS="118"><String ID="string_r1l34" HEIGHT="48" WIDTH="1242" VPOS="2363" HPOS="118" CONTENT="מבט כללי על העדות היהודיות בתוגרמה. — הרבנים וחיי העם העברי בכל הערים.—–ע׳ 117-"/></TextLine></TextBlock></PrintSpace></Page></Layout></alto>