<?xml version="1.0" encoding="UTF-8"?><alto xmlns:xsi="http://www.w3.org/2001/XMLSchema-instance" xmlns="http://www.loc.gov/standards/alto/ns-v2#" xmlns:page="http://schema.primaresearch.org/PAGE/gts/pagecontent/2013-07-15" xsi:schemaLocation="http://schema.primaresearch.org/PAGE/gts/pagecontent/2013-07-15 http://schema.primaresearch.org/PAGE/gts/pagecontent/2013-07-15/pagecontent.xsd http://www.loc.gov/standards/alto/ns-v2# http://www.loc.gov/standards/alto/alto-v2.0.xsd"><Description><MeasurementUnit>pixel</MeasurementUnit></Description><Layout><Page ID="Page1" PHYSICAL_IMG_NR="1" HEIGHT="2605" WIDTH="1705"><TopMargin HEIGHT="0" WIDTH="1705" VPOS="0" HPOS="0"/><LeftMargin HEIGHT="2605" WIDTH="0" VPOS="0" HPOS="0"/><RightMargin HEIGHT="2605" WIDTH="0" VPOS="0" HPOS="1705"/><BottomMargin HEIGHT="0" WIDTH="1705" VPOS="2605" HPOS="0"/><PrintSpace HEIGHT="2605" WIDTH="1705" VPOS="0" HPOS="0"><TextBlock ID="r1" HEIGHT="2326" WIDTH="1401" VPOS="150" HPOS="147"><Shape><Polygon POINTS="147,150 147,2476 1548,2476 1548,150"/></Shape><TextLine ID="r1l2" BASELINE="188" HEIGHT="43" WIDTH="75" VPOS="145" HPOS="1421"><String ID="string_r1l2" HEIGHT="43" WIDTH="75" VPOS="145" HPOS="1421" CONTENT="20"/></TextLine><TextLine ID="r1l1" BASELINE="184" HEIGHT="45" WIDTH="416" VPOS="139" HPOS="607"><String ID="string_r1l1" HEIGHT="45" WIDTH="416" VPOS="139" HPOS="607" CONTENT="דברי ימי ישראל בתוגרמה"/></TextLine><TextLine ID="r1l6" BASELINE="307" HEIGHT="58" WIDTH="1352" VPOS="249" HPOS="151"><String ID="string_r1l6" HEIGHT="58" WIDTH="1352" VPOS="249" HPOS="151" CONTENT="נוסח העתק הכתב... בלשון ובכתב (תרכית) שאנו בני ברית כותבים יודעים ומכירים:"/></TextLine><TextLine ID="r1l7" BASELINE="359" HEIGHT="60" WIDTH="1248" VPOS="299" HPOS="164"><String ID="string_r1l7" HEIGHT="60" WIDTH="1248" VPOS="299" HPOS="164" CONTENT="„סבת כתב גזרתי זו הרמה ונשאה המזהרת כזוהר הרקיע על כל יושבי הארץ, כי"/></TextLine><TextLine ID="r1l8" BASELINE="409" HEIGHT="52" WIDTH="1338" VPOS="357" HPOS="160"><String ID="string_r1l8" HEIGHT="52" WIDTH="1338" VPOS="357" HPOS="160" CONTENT="יצאה מלפני גדולת מלכותי ורוח נדיבה על האיש תפארת החכמים ועשרת הרופאים"/></TextLine><TextLine ID="r1l9" BASELINE="467" HEIGHT="56" WIDTH="1349" VPOS="411" HPOS="161"><String ID="string_r1l9" HEIGHT="56" WIDTH="1349" VPOS="411" HPOS="161" CONTENT="גאלינום ואבוקרט בדורו הלא הוא החכם הרופא פלוני (יעקב) בן החכם הרופא"/></TextLine><TextLine ID="r1l10" BASELINE="522" HEIGHT="56" WIDTH="1345" VPOS="466" HPOS="161"><String ID="string_r1l10" HEIGHT="56" WIDTH="1345" VPOS="466" HPOS="161" CONTENT="פלוני העברי ופטרתיו אותו ואת כל יוצאי יריכו לבן או לבת גם בניהם ובני בניהם עדי עד,"/></TextLine><TextLine ID="r1l11" BASELINE="578" HEIGHT="58" WIDTH="1347" VPOS="520" HPOS="165"><String ID="string_r1l11" HEIGHT="58" WIDTH="1347" VPOS="520" HPOS="165" CONTENT="על זה הדרך כל ימי אשר מלכות ודין ישמעאל קים בעולם, מכל מין מס ועול"/></TextLine><TextLine ID="r1l12" BASELINE="636" HEIGHT="59" WIDTH="1347" VPOS="577" HPOS="156"><String ID="string_r1l12" HEIGHT="59" WIDTH="1347" VPOS="577" HPOS="156" CONTENT="מלכות וכו׳ ושב לבאר: מס הראש ומס הכרם והגן, ומעשר התבואות, ובנין החומות,"/></TextLine><TextLine ID="r1l13" BASELINE="689" HEIGHT="59" WIDTH="1349" VPOS="630" HPOS="156"><String ID="string_r1l13" HEIGHT="59" WIDTH="1349" VPOS="630" HPOS="156" CONTENT="וכל מיני אנגריא (סבלות) ושאלאניז (—מס הנתן שנה בשנה) ואוארים... כלל לומר,"/></TextLine><TextLine ID="r1l14" BASELINE="747" HEIGHT="61" WIDTH="1347" VPOS="686" HPOS="154"><String ID="string_r1l14" HEIGHT="61" WIDTH="1347" VPOS="686" HPOS="154" CONTENT="מכל מין גזרה וחוק הנהוג למלכים, ואשר יחודש מהדיואן של מלך הבא אחרי"/></TextLine><TextLine ID="r1l15" BASELINE="798" HEIGHT="56" WIDTH="1347" VPOS="742" HPOS="151"><String ID="string_r1l15" HEIGHT="56" WIDTH="1347" VPOS="742" HPOS="151" CONTENT="היושב על כסאי, ויתחדשו גזרותיו מכל הנזכרים, גזרתי אומר וקיימתי ופטרתי לרופא"/></TextLine><TextLine ID="r1l16" BASELINE="857" HEIGHT="58" WIDTH="1342" VPOS="799" HPOS="160"><String ID="string_r1l16" HEIGHT="58" WIDTH="1342" VPOS="799" HPOS="160" CONTENT="הנזכר וכל יוצאי יריכו פטור עולם וכולל מוחלט, ולא שבט נוגש עליהם, עם לבדד"/></TextLine><TextLine ID="r1l17" BASELINE="913" HEIGHT="56" WIDTH="1345" VPOS="857" HPOS="157"><String ID="string_r1l17" HEIGHT="56" WIDTH="1345" VPOS="857" HPOS="157" CONTENT="ישכון במשכנות מבטחים, שלוים ושקטים מתענגים על רוב שלום בשמחה ובטוב לבב."/></TextLine><TextLine ID="r1l18" BASELINE="969" HEIGHT="59" WIDTH="1348" VPOS="910" HPOS="155"><String ID="string_r1l18" HEIGHT="59" WIDTH="1348" VPOS="910" HPOS="155" CONTENT="וכל האיש אשר ימלאנו לבו לבקש מאחד מהאנשים ההמה דבר מכל הכתוב פה או"/></TextLine><TextLine ID="r1l19" BASELINE="1020" HEIGHT="53" WIDTH="1352" VPOS="967" HPOS="154"><String ID="string_r1l19" HEIGHT="53" WIDTH="1352" VPOS="967" HPOS="154" CONTENT="יבטא בשפתיו, יחול עליו חרם האל יתברך ומלאכיו הקדושים ובני האדם ורבץ בו"/></TextLine><TextLine ID="r1l20" BASELINE="1075" HEIGHT="55" WIDTH="1349" VPOS="1020" HPOS="159"><String ID="string_r1l20" HEIGHT="55" WIDTH="1349" VPOS="1020" HPOS="159" CONTENT="החרם עד יהיה מוסר לכל רואיו, למען ישמעו ולמען יאמינו בדברנו ובכתבנו זה"/></TextLine><TextLine ID="r1l21" BASELINE="1124" HEIGHT="40" WIDTH="326" VPOS="1084" HPOS="1189"><String ID="string_r1l21" HEIGHT="40" WIDTH="326" VPOS="1084" HPOS="1189" CONTENT="אשר ביד הרופא״."/></TextLine><TextLine ID="r1l22" BASELINE="1177" HEIGHT="51" WIDTH="1249" VPOS="1126" HPOS="146"><String ID="string_r1l22" HEIGHT="51" WIDTH="1249" VPOS="1126" HPOS="146" CONTENT="„נכתב ונחתם בחדש רביעי אל אכיר בשנת תתנו (למספר המחמדנים ="/></TextLine><TextLine ID="r1l23" BASELINE="1240" HEIGHT="49" WIDTH="551" VPOS="1191" HPOS="952"><String ID="string_r1l23" HEIGHT="49" WIDTH="551" VPOS="1191" HPOS="952" CONTENT="סיון רי&#34;ב 1452) בעיר בונאו-קיסין."/></TextLine><TextLine ID="r1l24" BASELINE="1296" HEIGHT="56" WIDTH="1234" VPOS="1240" HPOS="155"><String ID="string_r1l24" HEIGHT="56" WIDTH="1234" VPOS="1240" HPOS="155" CONTENT="„ואחר מדת ימים בשוב המלך אל עיר מלכותו באנדרני מהבנין החדש, בחדש"/></TextLine><TextLine ID="r1l25" BASELINE="1345" HEIGHT="52" WIDTH="1349" VPOS="1293" HPOS="152"><String ID="string_r1l25" HEIGHT="52" WIDTH="1349" VPOS="1293" HPOS="152" CONTENT="מוחרים בשנת תתנ&#34;ז למספרם (אדר שנת רי&#34;ג). נאבד הכתב הזה מיד הרופא, ויחל"/></TextLine><TextLine ID="r1l26" BASELINE="1407" HEIGHT="58" WIDTH="1352" VPOS="1349" HPOS="153"><String ID="string_r1l26" HEIGHT="58" WIDTH="1352" VPOS="1349" HPOS="153" CONTENT="פני המלך אז כפי הנראה, ויבקש מלפניו ישיב שנית ידו לכתוב ולתת לו עוד כתב"/></TextLine><TextLine ID="r1l27" BASELINE="1465" HEIGHT="58" WIDTH="1356" VPOS="1407" HPOS="152"><String ID="string_r1l27" HEIGHT="58" WIDTH="1356" VPOS="1407" HPOS="152" CONTENT="שני. ונזכר שם איך מסיבת אבדן הכתב הראשון, בקש הרופא מהמלך, ינתן לו הכתב"/></TextLine><TextLine ID="r1l28" BASELINE="1514" HEIGHT="55" WIDTH="1351" VPOS="1459" HPOS="153"><String ID="string_r1l28" HEIGHT="55" WIDTH="1351" VPOS="1459" HPOS="153" CONTENT="השני הזה פה אנדרני בשנת תתנ&#34;ז בחדש הנזכר, וגם בכתב הזה השני שב המלך"/></TextLine><TextLine ID="r1l29" BASELINE="1577" HEIGHT="57" WIDTH="1346" VPOS="1520" HPOS="150"><String ID="string_r1l29" HEIGHT="57" WIDTH="1346" VPOS="1520" HPOS="150" CONTENT="והחרים וכתב שם כעין החרם הראשון, וזה אות ומופת רוב חשק ואהבה רבה וחבה"/></TextLine><TextLine ID="r1l30" BASELINE="1632" HEIGHT="62" WIDTH="1344" VPOS="1570" HPOS="153"><String ID="string_r1l30" HEIGHT="62" WIDTH="1344" VPOS="1570" HPOS="153" CONTENT="יתרה אשר היה לרופא ההוא עם המלך, כי לא נקל בחקותיהם לתת המלך שום כתב"/></TextLine><TextLine ID="r1l31" BASELINE="1686" HEIGHT="63" WIDTH="1359" VPOS="1623" HPOS="152"><String ID="string_r1l31" HEIGHT="63" WIDTH="1359" VPOS="1623" HPOS="152" CONTENT="עם חרם כזה, כל שכן לאשר לא מבני בריתם, אף כי לשנותו פעמים, רק ליחידי"/></TextLine><TextLine ID="r1l32" BASELINE="1738" HEIGHT="55" WIDTH="1337" VPOS="1683" HPOS="165"><String ID="string_r1l32" HEIGHT="55" WIDTH="1337" VPOS="1683" HPOS="165" CONTENT="סגולת מלכים אשר יחפצו ביקרם, ואחר ימים או עשור נמצא גם הכתב הראשון״"/></TextLine><TextLine ID="r1l33" BASELINE="1786" HEIGHT="41" WIDTH="568" VPOS="1745" HPOS="946"><String ID="string_r1l33" HEIGHT="41" WIDTH="568" VPOS="1745" HPOS="946" CONTENT="ושניהם כאחד נשארו ביד הרופא."/></TextLine><TextLine ID="r1l34" BASELINE="1859" HEIGHT="57" WIDTH="1252" VPOS="1802" HPOS="153"><String ID="string_r1l34" HEIGHT="57" WIDTH="1252" VPOS="1802" HPOS="153" CONTENT="אחר הדברים האלה עלה בלב השלטן מחמד לבצע מזמתו בדבר כבוש העיר"/></TextLine><TextLine ID="line_1553524778769_290" BASELINE="1914" HEIGHT="58" WIDTH="1332" VPOS="1856" HPOS="159"><String ID="string_line_1553524778769_290" HEIGHT="58" WIDTH="1332" VPOS="1856" HPOS="159" CONTENT="הגדולה קושטנדינא (קונסטנטינופלה העתיקה, ביזאנץ), מיד היונים. בסוף חדש האביב"/></TextLine><TextLine ID="r1l36" BASELINE="1970" HEIGHT="57" WIDTH="1347" VPOS="1913" HPOS="148"><String ID="string_r1l36" HEIGHT="57" WIDTH="1347" VPOS="1913" HPOS="148" CONTENT="שנת רי&#34;נ (1453) אסף כל חיליו, אשר עלו למספר מאתים וחמשים אלף, ויבן"/></TextLine><TextLine ID="r1l37" BASELINE="2024" HEIGHT="55" WIDTH="1352" VPOS="1969" HPOS="144"><String ID="string_r1l37" HEIGHT="55" WIDTH="1352" VPOS="1969" HPOS="144" CONTENT="סוללות סביב העיר, ושם הושם כלי תותח גדול וכביר אשר הותך ע&#34;י איש הונגרי."/></TextLine><TextLine ID="r1l38" BASELINE="2078" HEIGHT="52" WIDTH="1357" VPOS="2026" HPOS="141"><String ID="string_r1l38" HEIGHT="52" WIDTH="1357" VPOS="2026" HPOS="141" CONTENT="בחמשה לחדש אייר נגלה הצי האדיר העשמאני במספר ארבע מאות ועשרים אניות"/></TextLine><TextLine ID="r1l39" BASELINE="2138" HEIGHT="57" WIDTH="1354" VPOS="2081" HPOS="144"><String ID="string_r1l39" HEIGHT="57" WIDTH="1354" VPOS="2081" HPOS="144" CONTENT="מלחמה בלשון ים הבוספורוס, אך הוכרח לשוב אחור לפני אניות המלחמה היוניות,"/></TextLine><TextLine ID="r1l40" BASELINE="2194" HEIGHT="56" WIDTH="1346" VPOS="2138" HPOS="150"><String ID="string_r1l40" HEIGHT="56" WIDTH="1346" VPOS="2138" HPOS="150" CONTENT="אף כי היו מעטות מהן במספרן. השלטן נועץ למצא אמצעי אחד להעביר אניותיו"/></TextLine><TextLine ID="r1l41" BASELINE="2250" HEIGHT="57" WIDTH="1359" VPOS="2193" HPOS="140"><String ID="string_r1l41" HEIGHT="57" WIDTH="1359" VPOS="2193" HPOS="140" CONTENT="בחרבה. וכן היה, כי שמו על הארץ קרשים סביב לשון הים, וימשחו אותם בשומן,"/></TextLine><TextLine ID="r1l42" BASELINE="2307" HEIGHT="58" WIDTH="1354" VPOS="2249" HPOS="138"><String ID="string_r1l42" HEIGHT="58" WIDTH="1354" VPOS="2249" HPOS="138" CONTENT="ויעבירו בהם בעוד הלילה יותר משבעים אניות מלחמה. ובכן האניות מצד הים"/></TextLine><TextLine ID="r1l43" BASELINE="2361" HEIGHT="58" WIDTH="1357" VPOS="2303" HPOS="147"><String ID="string_r1l43" HEIGHT="58" WIDTH="1357" VPOS="2303" HPOS="147" CONTENT="והחילות מן היבשה נלחמו שלשים יום, ובכל אמץ לב היונים ומלחמתם נגד התרכים"/></TextLine><TextLine ID="r1l44" BASELINE="2420" HEIGHT="63" WIDTH="1359" VPOS="2357" HPOS="146"><String ID="string_r1l44" HEIGHT="63" WIDTH="1359" VPOS="2357" HPOS="146" CONTENT="בחזקה, נכבשה העיר באחד עשר לחדש סיון רי&#34;נ (29 מאי 1453) ביום הששי לשבוע. "/></TextLine><TextLine ID="r1l45" BASELINE="2483" HEIGHT="64" WIDTH="1369" VPOS="2419" HPOS="145"><String ID="string_r1l45" HEIGHT="64" WIDTH="1369" VPOS="2419" HPOS="145" CONTENT="ובכן נראה את העיר ראשית גוים באברופא, קרית עוז רומא המזרחית, ביזאנצא אשר ממנה"/></TextLine></TextBlock></PrintSpace></Page></Layout></alto>