<?xml version="1.0" encoding="UTF-8"?><alto xmlns:xsi="http://www.w3.org/2001/XMLSchema-instance" xmlns="http://www.loc.gov/standards/alto/ns-v2#" xmlns:page="http://schema.primaresearch.org/PAGE/gts/pagecontent/2013-07-15" xsi:schemaLocation="http://schema.primaresearch.org/PAGE/gts/pagecontent/2013-07-15 http://schema.primaresearch.org/PAGE/gts/pagecontent/2013-07-15/pagecontent.xsd http://www.loc.gov/standards/alto/ns-v2# http://www.loc.gov/standards/alto/alto-v2.0.xsd"><Description><MeasurementUnit>pixel</MeasurementUnit></Description><Layout><Page ID="Page1" PHYSICAL_IMG_NR="1" HEIGHT="2610" WIDTH="1711"><TopMargin HEIGHT="0" WIDTH="1711" VPOS="0" HPOS="0"/><LeftMargin HEIGHT="2610" WIDTH="0" VPOS="0" HPOS="0"/><RightMargin HEIGHT="2610" WIDTH="0" VPOS="0" HPOS="1711"/><BottomMargin HEIGHT="0" WIDTH="1711" VPOS="2610" HPOS="0"/><PrintSpace HEIGHT="2610" WIDTH="1711" VPOS="0" HPOS="0"><TextBlock ID="r1" HEIGHT="2315" WIDTH="1348" VPOS="154" HPOS="188"><Shape><Polygon POINTS="188,154 188,2469 1536,2469 1536,154"/></Shape><TextLine ID="r1l2" BASELINE="194" HEIGHT="41" WIDTH="79" VPOS="153" HPOS="1452"><String ID="string_r1l2" HEIGHT="41" WIDTH="79" VPOS="153" HPOS="1452" CONTENT="24"/></TextLine><TextLine ID="r1l1" BASELINE="196" HEIGHT="46" WIDTH="418" VPOS="150" HPOS="633"><String ID="string_r1l1" HEIGHT="46" WIDTH="418" VPOS="150" HPOS="633" CONTENT="דברי ימי ישראל בתוגרמה"/></TextLine><TextLine ID="r1l3" BASELINE="317" HEIGHT="63" WIDTH="1349" VPOS="254" HPOS="187"><String ID="string_r1l3" HEIGHT="63" WIDTH="1349" VPOS="254" HPOS="187" CONTENT="הכללית בקושטנדינא לא נמשכה ימים רבים, הרבנות באנדרינופלא נשארה עד ימינו אלה"/></TextLine><TextLine ID="r1l4" BASELINE="367" HEIGHT="53" WIDTH="472" VPOS="314" HPOS="1066"><String ID="string_r1l4" HEIGHT="53" WIDTH="472" VPOS="314" HPOS="1066" CONTENT="בכל חלופי העתים והמקרים."/></TextLine><TextLine ID="r1l5" BASELINE="417" HEIGHT="54" WIDTH="1258" VPOS="363" HPOS="188"><String ID="string_r1l5" HEIGHT="54" WIDTH="1258" VPOS="363" HPOS="188" CONTENT="ימים אחדים אחרי כבוש עיר הבירה, החל השלטן לבנות בית המסגד איוב,"/></TextLine><TextLine ID="r1l6" BASELINE="472" HEIGHT="55" WIDTH="1348" VPOS="417" HPOS="190"><String ID="string_r1l6" HEIGHT="55" WIDTH="1348" VPOS="417" HPOS="190" CONTENT="וזה דבר בית התפלה הזה: בשנת ארבע אלפים תמ״ח (688) ואיוב בן בל-דן סעיד"/></TextLine><TextLine ID="r1l7" BASELINE="530" HEIGHT="58" WIDTH="1341" VPOS="472" HPOS="194"><String ID="string_r1l7" HEIGHT="58" WIDTH="1341" VPOS="472" HPOS="194" CONTENT="תלמיד מחמד מחוקק דת הישמעאלים הלך בלוית בן הכליף מוהויי א׳ לצור על"/></TextLine><TextLine ID="r1l8" BASELINE="585" HEIGHT="56" WIDTH="1341" VPOS="529" HPOS="197"><String ID="string_r1l8" HEIGHT="56" WIDTH="1341" VPOS="529" HPOS="197" CONTENT="קושטנדינא וימת בעת המלחמה, אך טרם מותו נבא כי יבוא היום ונסיך אחד מבני"/></TextLine><TextLine ID="r1l9" BASELINE="637" HEIGHT="56" WIDTH="1355" VPOS="581" HPOS="188"><String ID="string_r1l9" HEIGHT="56" WIDTH="1355" VPOS="581" HPOS="188" CONTENT="דת מחמד יקח בירת היונים וירבה לכבד קברו. לפי הנראה היו יהודים במלחמה"/></TextLine><TextLine ID="r1l10" BASELINE="695" HEIGHT="58" WIDTH="1348" VPOS="637" HPOS="192"><String ID="string_r1l10" HEIGHT="58" WIDTH="1348" VPOS="637" HPOS="192" CONTENT="הזאת והם קברוהו ויכתבו שמו על אבן מצבתו. האגדה מספרת, כי השלטן אשר חפץ"/></TextLine><TextLine ID="r1l11" BASELINE="750" HEIGHT="57" WIDTH="1347" VPOS="693" HPOS="188"><String ID="string_r1l11" HEIGHT="57" WIDTH="1347" VPOS="693" HPOS="188" CONTENT="לכבד את הקבר הזה, שאל את פי השייך אק-שימ-אידין להראות לו מקום הקבר. בלילה"/></TextLine><TextLine ID="r1l12" BASELINE="807" HEIGHT="60" WIDTH="1345" VPOS="747" HPOS="196"><String ID="string_r1l12" HEIGHT="60" WIDTH="1345" VPOS="747" HPOS="196" CONTENT="ההוא חלם חלום והנה איוב הנביא לפניו 8) ויאמר אליו, כי בחפרו במקום אחד מחוץ"/></TextLine><TextLine ID="r1l13" BASELINE="863" HEIGHT="60" WIDTH="1348" VPOS="803" HPOS="190"><String ID="string_r1l13" HEIGHT="60" WIDTH="1348" VPOS="803" HPOS="190" CONTENT="לעיר על שפת לשון ים קרן הזהב, ימצא מקור מים חיים ותחתיו אבן שיש בכתב"/></TextLine><TextLine ID="r1l14" BASELINE="918" HEIGHT="58" WIDTH="1355" VPOS="860" HPOS="187"><String ID="string_r1l14" HEIGHT="58" WIDTH="1355" VPOS="860" HPOS="187" CONTENT="עברי. ויהי בבקר והשלטן מחמד בלוית יהודים והשייך הנזכר הלך חוץ לעיר אל"/></TextLine><TextLine ID="r1l15" BASELINE="974" HEIGHT="57" WIDTH="1341" VPOS="917" HPOS="198"><String ID="string_r1l15" HEIGHT="57" WIDTH="1341" VPOS="917" HPOS="198" CONTENT="מקום הרבע הנקרא היום איוב, ויצו לחפור מקום רחב אצל החומה וימצא בו את המקור"/></TextLine><TextLine ID="r1l16" BASELINE="1027" HEIGHT="60" WIDTH="1359" VPOS="967" HPOS="180"><String ID="string_r1l16" HEIGHT="60" WIDTH="1359" VPOS="967" HPOS="180" CONTENT="ואבן חרותה בשפת עבר אשר נודעה למצבת קבורת הנביא ההוא. על האבן הזאת"/></TextLine><TextLine ID="r1l17" BASELINE="1074" HEIGHT="46" WIDTH="1342" VPOS="1028" HPOS="194"><String ID="string_r1l17" HEIGHT="46" WIDTH="1342" VPOS="1028" HPOS="194" CONTENT="נבנה בית המסגד, ובעוד ימים מעטים נבנו בתים בסביבותיו ויתישבו ברבע ההוא רק"/></TextLine><TextLine ID="r1l18" BASELINE="1126" HEIGHT="39" WIDTH="499" VPOS="1087" HPOS="1043"><String ID="string_r1l18" HEIGHT="39" WIDTH="499" VPOS="1087" HPOS="1043" CONTENT="בני דת מחמד עד היום הזה."/></TextLine><TextLine ID="r1l19" BASELINE="1189" HEIGHT="57" WIDTH="1246" VPOS="1132" HPOS="186"><String ID="string_r1l19" HEIGHT="57" WIDTH="1246" VPOS="1132" HPOS="186" CONTENT="וקרוב לקבר הזה לפאת צפונית מן הרבע איוב תמצא באר הנובעת כהיום בשם"/></TextLine><TextLine ID="r1l20" BASELINE="1244" HEIGHT="56" WIDTH="1343" VPOS="1188" HPOS="189"><String ID="string_r1l20" HEIGHT="56" WIDTH="1343" VPOS="1188" HPOS="189" CONTENT="ג'אן-קויוסו טנינינו, לאמר: באר הישועה, והיא עומדת בתוך חצר בבית אחד ישן נושן,"/></TextLine><TextLine ID="r1l21" BASELINE="1296" HEIGHT="54" WIDTH="1348" VPOS="1242" HPOS="189"><String ID="string_r1l21" HEIGHT="54" WIDTH="1348" VPOS="1242" HPOS="189" CONTENT="ואולם מלפנים בעת שכבשו התרכים את העיר נודעה בשם באר יוסף הצדיק (ייסיפ-איס-"/></TextLine><TextLine ID="r1l22" BASELINE="1351" HEIGHT="56" WIDTH="1341" VPOS="1295" HPOS="192"><String ID="string_r1l22" HEIGHT="56" WIDTH="1341" VPOS="1295" HPOS="192" CONTENT="צידיק-קויוסו), ולפי המקובל אצל המחמדנים, כל השותה מימיה יגלו לו רזים ותכף ימצא"/></TextLine><TextLine ID="r1l23" BASELINE="1408" HEIGHT="56" WIDTH="1348" VPOS="1352" HPOS="191"><String ID="string_r1l23" HEIGHT="56" WIDTH="1348" VPOS="1352" HPOS="191" CONTENT="איזו אבדה שאבד, ועד היום כל מי שאבד לו איזה דבר חפץ הולך אל הבאר הזאת"/></TextLine><TextLine ID="r1l24" BASELINE="1455" HEIGHT="48" WIDTH="371" VPOS="1407" HPOS="1168"><String ID="string_r1l24" HEIGHT="48" WIDTH="371" VPOS="1407" HPOS="1168" CONTENT="ודורש על אבדתו 9)."/></TextLine><TextLine ID="r1l25" BASELINE="1518" HEIGHT="56" WIDTH="1241" VPOS="1462" HPOS="191"><String ID="string_r1l25" HEIGHT="56" WIDTH="1241" VPOS="1462" HPOS="191" CONTENT="שלטן מחמד אהב מאד את היהודים והרבה מהם היו יוצאים ונכנסים בחצר"/></TextLine><TextLine ID="r1l26" BASELINE="1572" HEIGHT="53" WIDTH="1345" VPOS="1519" HPOS="190"><String ID="string_r1l26" HEIGHT="53" WIDTH="1345" VPOS="1519" HPOS="190" CONTENT="מלכותו, ויש אשר היו רופאיו ומשרתיו ועושים את מלאכתו, ומכללם האיש משה עניו"/></TextLine><TextLine ID="r1l27" BASELINE="1635" HEIGHT="59" WIDTH="1350" VPOS="1576" HPOS="186"><String ID="string_r1l27" HEIGHT="59" WIDTH="1350" VPOS="1576" HPOS="186" CONTENT="מאד, מהר&#34;ר משה קפסאלי ראש הרבנים. „ויהי היום ויעבור המלך 10) בסרטיא ופלטיא"/></TextLine><TextLine ID="r1l28" BASELINE="1690" HEIGHT="58" WIDTH="1350" VPOS="1632" HPOS="193"><String ID="string_r1l28" HEIGHT="58" WIDTH="1350" VPOS="1632" HPOS="193" CONTENT="של היהודים וירא עם לרוב, ויתמה מי ידין את הגוי הגדול הזה? ויהי בימים ההם"/></TextLine><TextLine ID="r1l29" BASELINE="1747" HEIGHT="61" WIDTH="1349" VPOS="1686" HPOS="186"><String ID="string_r1l29" HEIGHT="61" WIDTH="1349" VPOS="1686" HPOS="186" CONTENT="ויהי המלך יושב בערי מלכותו והמשנים נצבים לפניו, ויען ויאמר: מי הוא שופטן ורבן"/></TextLine><TextLine ID="r1l30" BASELINE="1799" HEIGHT="58" WIDTH="1353" VPOS="1741" HPOS="185"><String ID="string_r1l30" HEIGHT="58" WIDTH="1353" VPOS="1741" HPOS="185" CONTENT="של היהודים ? ויאמרו לו: איש זקן, והוא פרוש ומתענה כל ימות השנה מראשית"/></TextLine><TextLine ID="r1l31" BASELINE="1855" HEIGHT="57" WIDTH="1343" VPOS="1798" HPOS="187"><String ID="string_r1l31" HEIGHT="57" WIDTH="1343" VPOS="1798" HPOS="187" CONTENT="השנה ועד אחרית השנה, ועל הארץ יישן וחיי צער יחיה ובתורה הוא עמל. ויצו"/></TextLine><TextLine ID="r1l32" BASELINE="1913" HEIGHT="63" WIDTH="1348" VPOS="1850" HPOS="185"><String ID="string_r1l32" HEIGHT="63" WIDTH="1348" VPOS="1850" HPOS="185" CONTENT="המלך ויביאוהו לפניו, ויבא ויעמד לפני המלך וקראו רבי, ובלשון תוגרמה בוז'ה"/></TextLine><TextLine ID="r1l33" BASELINE="1968" HEIGHT="59" WIDTH="1345" VPOS="1909" HPOS="186"><String ID="string_r1l33" HEIGHT="59" WIDTH="1345" VPOS="1909" HPOS="186" CONTENT="(ר&#34;ל כוג'ה) וידבר אליו טובות, ועם היות שהרב הנזכר לעיל לא ידע בלשון תוגרמה"/></TextLine><TextLine ID="r1l34" BASELINE="2024" HEIGHT="60" WIDTH="1348" VPOS="1964" HPOS="190"><String ID="string_r1l34" HEIGHT="60" WIDTH="1348" VPOS="1964" HPOS="190" CONTENT="ולא הכירו המלך מתמול שלשום 11) מאשר שמע שמע הרב מפי כל, ושמו כשמן הטוב"/></TextLine><TextLine ID="r1l35" BASELINE="2136" HEIGHT="51" WIDTH="1076" VPOS="2085" HPOS="342"><String ID="string_r1l35" HEIGHT="51" WIDTH="1076" VPOS="2085" HPOS="342" CONTENT="Turquie (8 הנ&#34;ל דף ע״א. האמר .I Conatant. u. Bosp עמוד 80."/></TextLine><TextLine ID="r1l36" BASELINE="2185" HEIGHT="54" WIDTH="945" VPOS="2131" HPOS="473"><String ID="string_r1l36" HEIGHT="54" WIDTH="945" VPOS="2131" HPOS="473" CONTENT="9) האמר בספרו Constantin. u. Bosphor חלק א׳ עמוד 36."/></TextLine><TextLine ID="r1l37" BASELINE="2231" HEIGHT="55" WIDTH="708" VPOS="2176" HPOS="730"><String ID="string_r1l37" HEIGHT="55" WIDTH="708" VPOS="2176" HPOS="730" CONTENT="10) רבי אליהו הנ&#34;ל פרק י&#34;ו, ובנדפס דף ח&#34;ט."/></TextLine><TextLine ID="r1l38" BASELINE="2276" HEIGHT="52" WIDTH="1259" VPOS="2224" HPOS="188"><String ID="string_r1l38" HEIGHT="52" WIDTH="1259" VPOS="2224" HPOS="188" CONTENT="11) מכאן סתירה לדברי החכם ר׳ צבי גרץ בספרו דברי ימי ישראל (תרגום עברי"/></TextLine><TextLine ID="r1l39" BASELINE="2325" HEIGHT="57" WIDTH="1352" VPOS="2268" HPOS="186"><String ID="string_r1l39" HEIGHT="57" WIDTH="1352" VPOS="2268" HPOS="186" CONTENT="חלק ו' דף רל&#34;ג) כי השלטון הכיר את ר' משה קפסאלי בעת אשר הכיר את הפתריך היוני,"/></TextLine><TextLine ID="r1l40" BASELINE="2368" HEIGHT="53" WIDTH="1360" VPOS="2315" HPOS="179"><String ID="string_r1l40" HEIGHT="53" WIDTH="1360" VPOS="2315" HPOS="179" CONTENT="(שהוא מיד אחרי אשר נכבשה העיר). דברי ר׳ אליהו קפסאלי מיוסדים יותר על האמת, ככל"/></TextLine><TextLine ID="r1l41" BASELINE="2417" HEIGHT="57" WIDTH="1360" VPOS="2360" HPOS="182"><String ID="string_r1l41" HEIGHT="57" WIDTH="1360" VPOS="2360" HPOS="182" CONTENT="אשר שמע מאביו ר' אלקנה בן אחיו של ר' משה קפסאלי, אשר יצק מים על ידיו"/></TextLine><TextLine ID="r1l42" BASELINE="2468" HEIGHT="52" WIDTH="476" VPOS="2416" HPOS="1070"><String ID="string_r1l42" HEIGHT="52" WIDTH="476" VPOS="2416" HPOS="1070" CONTENT="והיה בעת ההיא בקושטנדינא."/></TextLine></TextBlock></PrintSpace></Page></Layout></alto>