<?xml version="1.0" encoding="UTF-8"?><alto xmlns:xsi="http://www.w3.org/2001/XMLSchema-instance" xmlns="http://www.loc.gov/standards/alto/ns-v2#" xmlns:page="http://schema.primaresearch.org/PAGE/gts/pagecontent/2013-07-15" xsi:schemaLocation="http://schema.primaresearch.org/PAGE/gts/pagecontent/2013-07-15 http://schema.primaresearch.org/PAGE/gts/pagecontent/2013-07-15/pagecontent.xsd http://www.loc.gov/standards/alto/ns-v2# http://www.loc.gov/standards/alto/alto-v2.0.xsd"><Description><MeasurementUnit>pixel</MeasurementUnit></Description><Layout><Page ID="Page1" PHYSICAL_IMG_NR="1" HEIGHT="2601" WIDTH="1698"><TopMargin HEIGHT="0" WIDTH="1698" VPOS="0" HPOS="0"/><LeftMargin HEIGHT="2601" WIDTH="0" VPOS="0" HPOS="0"/><RightMargin HEIGHT="2601" WIDTH="0" VPOS="0" HPOS="1698"/><BottomMargin HEIGHT="0" WIDTH="1698" VPOS="2601" HPOS="0"/><PrintSpace HEIGHT="2601" WIDTH="1698" VPOS="0" HPOS="0"><TextBlock ID="r1" HEIGHT="2318" WIDTH="1361" VPOS="162" HPOS="139"><Shape><Polygon POINTS="139,162 139,2480 1500,2480 1500,162"/></Shape><TextLine ID="r1l1" BASELINE="198" HEIGHT="44" WIDTH="85" VPOS="154" HPOS="1415"><String ID="string_r1l1" HEIGHT="44" WIDTH="85" VPOS="154" HPOS="1415" CONTENT="22"/></TextLine><TextLine ID="r1l2" BASELINE="205" HEIGHT="46" WIDTH="411" VPOS="159" HPOS="621"><String ID="string_r1l2" HEIGHT="46" WIDTH="411" VPOS="159" HPOS="621" CONTENT="דברי ימי ישראל בתוגרמה"/></TextLine><TextLine ID="r1l3" BASELINE="320" HEIGHT="57" WIDTH="1347" VPOS="263" HPOS="158"><String ID="string_r1l3" HEIGHT="57" WIDTH="1347" VPOS="263" HPOS="158" CONTENT="מקהלות, במקהלות ברכו ה ממקור ישראל, לעושה נפלאות גדולות פתחו פיהם בשיר"/></TextLine><TextLine ID="r1l4" BASELINE="367" HEIGHT="50" WIDTH="1077" VPOS="317" HPOS="430"><String ID="string_r1l4" HEIGHT="50" WIDTH="1077" VPOS="317" HPOS="430" CONTENT="למעלות וברכו את ה' כל עבדי ה' העומדים בבית ה׳ בלילות״ 4)."/></TextLine><TextLine ID="r1l5" BASELINE="427" HEIGHT="55" WIDTH="1253" VPOS="372" HPOS="153"><String ID="string_r1l5" HEIGHT="55" WIDTH="1253" VPOS="372" HPOS="153" CONTENT="ובאמת, השלטן מחמד שהיה גבור חיל וחושב מחשבות כאחד המדיניים היותר"/></TextLine><TextLine ID="r1l6" BASELINE="483" HEIGHT="58" WIDTH="1337" VPOS="425" HPOS="166"><String ID="string_r1l6" HEIGHT="58" WIDTH="1337" VPOS="425" HPOS="166" CONTENT="בקיאים בדורו, חשב בצדק עד כמה נחוצים היהודים להגדיל ולפאר את עיר הבירה"/></TextLine><TextLine ID="r1l7" BASELINE="534" HEIGHT="53" WIDTH="1345" VPOS="481" HPOS="160"><String ID="string_r1l7" HEIGHT="53" WIDTH="1345" VPOS="481" HPOS="160" CONTENT="החדשה. הממשלה התוגרמית עד היום ההוא היתה רבת אונים, אך נעדרת סדרי אזרח"/></TextLine><TextLine ID="r1l8" BASELINE="588" HEIGHT="55" WIDTH="1354" VPOS="533" HPOS="155"><String ID="string_r1l8" HEIGHT="55" WIDTH="1354" VPOS="533" HPOS="155" CONTENT="ותורת חקי מדינה מתוקנים לפי החקים הדרושים להתפתחות ישוב מדיני. התוגרמים"/></TextLine><TextLine ID="r1l9" BASELINE="643" HEIGHT="54" WIDTH="1349" VPOS="589" HPOS="155"><String ID="string_r1l9" HEIGHT="54" WIDTH="1349" VPOS="589" HPOS="155" CONTENT="היו נכורי מלחמה ואבירי לב, אבל לא אנשים מן הישוב ואזרחים יודעים טיב"/></TextLine><TextLine ID="r1l10" BASELINE="697" HEIGHT="55" WIDTH="1345" VPOS="642" HPOS="153"><String ID="string_r1l10" HEIGHT="55" WIDTH="1345" VPOS="642" HPOS="153" CONTENT="ארחות החברה בעת השלום, והם לא ידעו שמץ דבר מהחכמות החצוניות והמלאכות"/></TextLine><TextLine ID="r1l11" BASELINE="757" HEIGHT="61" WIDTH="1347" VPOS="696" HPOS="154"><String ID="string_r1l11" HEIGHT="61" WIDTH="1347" VPOS="696" HPOS="154" CONTENT="אשר בלעדן לא תוכל לקום כל חברה מדינית וכל ממלכה מתוקנה. את חסרון הישוב"/></TextLine><TextLine ID="r1l12" BASELINE="817" HEIGHT="63" WIDTH="1345" VPOS="754" HPOS="152"><String ID="string_r1l12" HEIGHT="63" WIDTH="1345" VPOS="754" HPOS="152" CONTENT="האזרחי, המעמד האמצעי, תושבי הערים הגדולות, וכן מעמד הסוחרים ואנשי"/></TextLine><TextLine ID="r1l13" BASELINE="866" HEIGHT="57" WIDTH="1342" VPOS="809" HPOS="154"><String ID="string_r1l13" HEIGHT="57" WIDTH="1342" VPOS="809" HPOS="154" CONTENT="המעשה שנחוצים בעיר הבירה החדשה, לא יכלו למנות התושבים הקדמונים היונים"/></TextLine><TextLine ID="r1l14" BASELINE="921" HEIGHT="58" WIDTH="1329" VPOS="863" HPOS="166"><String ID="string_r1l14" HEIGHT="58" WIDTH="1329" VPOS="863" HPOS="166" CONTENT="ובהם לא יכול לבטוח לב השלטן מחמד, כל עוד מלחמת תנופה היתה בין התוגרמים"/></TextLine><TextLine ID="r1l15" BASELINE="970" HEIGHT="52" WIDTH="1340" VPOS="918" HPOS="162"><String ID="string_r1l15" HEIGHT="52" WIDTH="1340" VPOS="918" HPOS="162" CONTENT="ועמי הנוצרים, כל עוד לא יכלו היונים להתרגל עם המעבר החדש, להיותם כפופים"/></TextLine><TextLine ID="r1l16" BASELINE="1028" HEIGHT="56" WIDTH="1350" VPOS="972" HPOS="152"><String ID="string_r1l16" HEIGHT="56" WIDTH="1350" VPOS="972" HPOS="152" CONTENT="לפני המנצחים החדשים; והחסרון המורגש הזה בקש השלטן למלא בעם היהודים,"/></TextLine><TextLine ID="r1l17" BASELINE="1083" HEIGHT="58" WIDTH="1345" VPOS="1025" HPOS="154"><String ID="string_r1l17" HEIGHT="58" WIDTH="1345" VPOS="1025" HPOS="154" CONTENT="על כן פתח לפניהם שערי העיר הבירה החדשה, בהיות לבו בטוח בהם שהם ישכילו"/></TextLine><TextLine ID="r1l18" BASELINE="1135" HEIGHT="55" WIDTH="1363" VPOS="1080" HPOS="145"><String ID="string_r1l18" HEIGHT="55" WIDTH="1363" VPOS="1080" HPOS="145" CONTENT="לפאר ולהדר העיר הגדולה הזאת ולעשות אותה מקור המסחר והמרכולת בין המדינות "/></TextLine><TextLine ID="r1l19" BASELINE="1191" HEIGHT="47" WIDTH="339" VPOS="1144" HPOS="1162"><String ID="string_r1l19" HEIGHT="47" WIDTH="339" VPOS="1144" HPOS="1162" CONTENT="הקרובות והרחוקות."/></TextLine><TextLine ID="r1l20" BASELINE="1247" HEIGHT="58" WIDTH="1249" VPOS="1189" HPOS="145"><String ID="string_r1l20" HEIGHT="58" WIDTH="1249" VPOS="1189" HPOS="145" CONTENT="ובכן רואים אנחנו כי מן היום אשר נכבשה קושטנדינא רבו היהודים מכל ערי"/></TextLine><TextLine ID="r1l21" BASELINE="1298" HEIGHT="52" WIDTH="1359" VPOS="1246" HPOS="140"><String ID="string_r1l21" HEIGHT="52" WIDTH="1359" VPOS="1246" HPOS="140" CONTENT="המדינה אשר באו להתישב שם, אם ברצונם הטוב ואם שהוכרחו על ידי הממשלה"/></TextLine><TextLine ID="r1l22" BASELINE="1360" HEIGHT="58" WIDTH="1352" VPOS="1302" HPOS="145"><String ID="string_r1l22" HEIGHT="58" WIDTH="1352" VPOS="1302" HPOS="145" CONTENT="ועדות חדשות נתיסדו בכל יום לפי עיר מוצאם ק&#34;ק קאסטוריא, ק&#34;ק אכרידה (מעיר"/></TextLine><TextLine ID="r1l23" BASELINE="1416" HEIGHT="58" WIDTH="1349" VPOS="1358" HPOS="144"><String ID="string_r1l23" HEIGHT="58" WIDTH="1349" VPOS="1358" HPOS="144" CONTENT="אוכריד), ק&#34;ק יאמבול, ק&#34;ק אישטיף, ק&#34;ק ניגרופונזי (על שם העיר והאי איגריפין"/></TextLine><TextLine ID="r1l24" BASELINE="1468" HEIGHT="54" WIDTH="925" VPOS="1414" HPOS="571"><String ID="string_r1l24" HEIGHT="54" WIDTH="925" VPOS="1414" HPOS="571" CONTENT="או ניגרופונטי, כעת כלקיס) ועוד אחרים אשר יבואו זכרם."/></TextLine><TextLine ID="r1l25" BASELINE="1525" HEIGHT="55" WIDTH="1250" VPOS="1470" HPOS="141"><String ID="string_r1l25" HEIGHT="55" WIDTH="1250" VPOS="1470" HPOS="141" CONTENT="„כשבת המלך על כסא מלכותו בעיר הזו (קושטנדינא) אשר לכד, שם חקים"/></TextLine><TextLine ID="r1l26" BASELINE="1576" HEIGHT="52" WIDTH="1359" VPOS="1524" HPOS="139"><String ID="string_r1l26" HEIGHT="52" WIDTH="1359" VPOS="1524" HPOS="139" CONTENT="ומשפטים על כל עם ועם כלשונו אשר בעיר הזו, ועל היהודים כאשר עם לבבו, והטיל"/></TextLine><TextLine ID="r1l27" BASELINE="1640" HEIGHT="61" WIDTH="1350" VPOS="1579" HPOS="142"><String ID="string_r1l27" HEIGHT="61" WIDTH="1350" VPOS="1579" HPOS="142" CONTENT="תחילה על היהודים אקרפתא דאינש׳ כרנא, ונקרא בלשונם באש-כראנ'י (לאמור מס"/></TextLine><TextLine ID="r1l28" BASELINE="1693" HEIGHT="57" WIDTH="1356" VPOS="1636" HPOS="136"><String ID="string_r1l28" HEIGHT="57" WIDTH="1356" VPOS="1636" HPOS="136" CONTENT="הראש) לתת מידי שנה בשנה, ועשה המלך פנקס אשר שם שמות כל פורעי המס "/></TextLine><TextLine ID="r1l29" BASELINE="1747" HEIGHT="56" WIDTH="1361" VPOS="1691" HPOS="130"><String ID="string_r1l29" HEIGHT="56" WIDTH="1361" VPOS="1691" HPOS="130" CONTENT="בו. וזאת שנית הוטל על היהודים מס אחד בעין פסקא, סך אחד כולל על כלם"/></TextLine><TextLine ID="r1l30" BASELINE="1804" HEIGHT="60" WIDTH="1342" VPOS="1744" HPOS="147"><String ID="string_r1l30" HEIGHT="60" WIDTH="1342" VPOS="1744" HPOS="147" CONTENT="לתתו מידי שנה בשנה, כפי אשר תשיג יד כל אחד אחר אשר יערך על פי טובי"/></TextLine><TextLine ID="r1l31" BASELINE="1859" HEIGHT="58" WIDTH="1349" VPOS="1801" HPOS="141"><String ID="string_r1l31" HEIGHT="58" WIDTH="1349" VPOS="1801" HPOS="141" CONTENT="הק&#34;ק יצ&#34;ו, מבלי ידע המלך מי המרבה ומי הממעיט. ועשו הקהלות, יצ&#34;ו, פנקס"/></TextLine><TextLine ID="r1l32" BASELINE="1915" HEIGHT="55" WIDTH="1354" VPOS="1860" HPOS="140"><String ID="string_r1l32" HEIGHT="55" WIDTH="1354" VPOS="1860" HPOS="140" CONTENT="עריכה אשר שמו שמות כל פורעי המס השני הזה בו, וחלקו ונתנו לכל קהל וקהל"/></TextLine><TextLine ID="r1l33" BASELINE="1972" HEIGHT="62" WIDTH="1357" VPOS="1910" HPOS="133"><String ID="string_r1l33" HEIGHT="62" WIDTH="1357" VPOS="1910" HPOS="133" CONTENT="חלקו מהפנקס ההוא כפי מספר אנשיו וערך כל אחר ואחד כתוב בצד שמו, וזה"/></TextLine><TextLine ID="r1l34" BASELINE="2025" HEIGHT="56" WIDTH="1347" VPOS="1969" HPOS="142"><String ID="string_r1l34" HEIGHT="56" WIDTH="1347" VPOS="1969" HPOS="142" CONTENT="המס השני נקרא בלשון הישמעאלים רב-אחנ'אסי (לאמר כסף לרב) פירוש: כי בו"/></TextLine><TextLine ID="r1l35" BASELINE="2082" HEIGHT="58" WIDTH="1354" VPOS="2024" HPOS="136"><String ID="string_r1l35" HEIGHT="58" WIDTH="1354" VPOS="2024" HPOS="136" CONTENT="הותרו היהודים להיות להם רב מנהיג בהורמנא דמלכותא, ולא נודע אם המלך הנזכר"/></TextLine><TextLine ID="r1l36" BASELINE="2137" HEIGHT="60" WIDTH="1350" VPOS="2077" HPOS="140"><String ID="string_r1l36" HEIGHT="60" WIDTH="1350" VPOS="2077" HPOS="140" CONTENT="הטילו על היהודים כאחד מחוקי המלך, או אם היהודים בקשו מהמלך להיות להם"/></TextLine><TextLine ID="r1l37" BASELINE="2191" HEIGHT="56" WIDTH="1352" VPOS="2135" HPOS="137"><String ID="string_r1l37" HEIGHT="56" WIDTH="1352" VPOS="2135" HPOS="137" CONTENT="הרב הנזכר, ובשבילו קבלו עליהם לתת המס השני הנזכר... וקיימו על נפשם"/></TextLine><TextLine ID="r1l38" BASELINE="2243" HEIGHT="54" WIDTH="1349" VPOS="2189" HPOS="141"><String ID="string_r1l38" HEIGHT="54" WIDTH="1349" VPOS="2189" HPOS="141" CONTENT="היהודים והקהלות הנושאות בעול הזה, אם ימית גבר מביניהם אם דל ואם עשיר, יהיו"/></TextLine><TextLine ID="r1l39" BASELINE="2303" HEIGHT="59" WIDTH="1354" VPOS="2244" HPOS="140"><String ID="string_r1l39" HEIGHT="59" WIDTH="1354" VPOS="2244" HPOS="140" CONTENT="בניו מקבלים על עצמם לפרוע עול עריכת אביהם המת נוסף על עריכתם, ואם אין"/></TextLine><TextLine ID="r1l40" BASELINE="2358" HEIGHT="56" WIDTH="1359" VPOS="2302" HPOS="132"><String ID="string_r1l40" HEIGHT="56" WIDTH="1359" VPOS="2302" HPOS="132" CONTENT="לו בנים ח&#34;ו יקחו על צר ההכרח מעזבון המת איזה סך שיהיה שלהם, כדי שמפירותיו"/></TextLine><TextLine ID="r1l41" BASELINE="2476" HEIGHT="57" WIDTH="802" VPOS="2419" HPOS="574"><String ID="string_r1l41" HEIGHT="57" WIDTH="802" VPOS="2419" HPOS="574" CONTENT="4) מהרשד״ם שו״ת חלק חשן משפט סי׳ שס&#34;ד הנ&#34;ל."/></TextLine></TextBlock></PrintSpace></Page></Layout></alto>