<?xml version="1.0" encoding="UTF-8"?><alto xmlns:xsi="http://www.w3.org/2001/XMLSchema-instance" xmlns="http://www.loc.gov/standards/alto/ns-v2#" xmlns:page="http://schema.primaresearch.org/PAGE/gts/pagecontent/2013-07-15" xsi:schemaLocation="http://schema.primaresearch.org/PAGE/gts/pagecontent/2013-07-15 http://schema.primaresearch.org/PAGE/gts/pagecontent/2013-07-15/pagecontent.xsd http://www.loc.gov/standards/alto/ns-v2# http://www.loc.gov/standards/alto/alto-v2.0.xsd"><Description><MeasurementUnit>pixel</MeasurementUnit></Description><Layout><Page ID="Page1" PHYSICAL_IMG_NR="1" HEIGHT="2601" WIDTH="1698"><TopMargin HEIGHT="0" WIDTH="1698" VPOS="0" HPOS="0"/><LeftMargin HEIGHT="2601" WIDTH="0" VPOS="0" HPOS="0"/><RightMargin HEIGHT="2601" WIDTH="0" VPOS="0" HPOS="1698"/><BottomMargin HEIGHT="0" WIDTH="1698" VPOS="2601" HPOS="0"/><PrintSpace HEIGHT="2601" WIDTH="1698" VPOS="0" HPOS="0"><TextBlock ID="r1" HEIGHT="2326" WIDTH="1363" VPOS="122" HPOS="168"><Shape><Polygon POINTS="168,122 168,2448 1531,2448 1531,122"/></Shape><TextLine ID="r1l2" BASELINE="158" HEIGHT="41" WIDTH="72" VPOS="117" HPOS="1446"><String ID="string_r1l2" HEIGHT="41" WIDTH="72" VPOS="117" HPOS="1446" CONTENT="40"/></TextLine><TextLine ID="r1l1" BASELINE="154" HEIGHT="45" WIDTH="403" VPOS="109" HPOS="646"><String ID="string_r1l1" HEIGHT="45" WIDTH="403" VPOS="109" HPOS="646" CONTENT="דברי ימי ישראל בתוגרמה"/></TextLine><TextLine ID="r1l6" BASELINE="269" HEIGHT="53" WIDTH="1353" VPOS="216" HPOS="172"><String ID="string_r1l6" HEIGHT="53" WIDTH="1353" VPOS="216" HPOS="172" CONTENT="תוגרמה לא יעשה משפט? ושפט בצדק דלים. ואם השיבו בערך הורדים דבר מועט,"/></TextLine><TextLine ID="r1l7" BASELINE="325" HEIGHT="58" WIDTH="1361" VPOS="267" HPOS="168"><String ID="string_r1l7" HEIGHT="58" WIDTH="1361" VPOS="267" HPOS="168" CONTENT="בן דרך העולם, העל זה ימותו האנשים הללו?... ועתה, אדוני המלך, תפול נא"/></TextLine><TextLine ID="r1l8" BASELINE="380" HEIGHT="58" WIDTH="1351" VPOS="322" HPOS="171"><String ID="string_r1l8" HEIGHT="58" WIDTH="1351" VPOS="322" HPOS="171" CONTENT="תחינתי, אם מצאתי חן בעיניך אל תהרגם ואל תעש בהם מאומה, ואם מעט"/></TextLine><TextLine ID="r1l9" BASELINE="434" HEIGHT="60" WIDTH="1351" VPOS="374" HPOS="176"><String ID="string_r1l9" HEIGHT="60" WIDTH="1351" VPOS="374" HPOS="176" CONTENT="בעיניך השויון שאמרו, ויוסיפו לך כהנה וכהנה. ויאמר המלך ליהודי: הנה"/></TextLine><TextLine ID="r1l10" BASELINE="487" HEIGHT="54" WIDTH="1351" VPOS="433" HPOS="166"><String ID="string_r1l10" HEIGHT="54" WIDTH="1351" VPOS="433" HPOS="166" CONTENT="נשאתי פניך גם לדבר הזה, ולך השב אותם, אם חיים המה עדנה יחיו, ואם מתו"/></TextLine><TextLine ID="r1l11" BASELINE="540" HEIGHT="54" WIDTH="1348" VPOS="486" HPOS="173"><String ID="string_r1l11" HEIGHT="54" WIDTH="1348" VPOS="486" HPOS="173" CONTENT="מתו. ויפול היהודי על פניו ארצה וישתחו ויברך את המלך, ויאמר: היום ידע עבדך כי"/></TextLine><TextLine ID="r1l12" BASELINE="595" HEIGHT="56" WIDTH="1350" VPOS="539" HPOS="170"><String ID="string_r1l12" HEIGHT="56" WIDTH="1350" VPOS="539" HPOS="170" CONTENT="מצאתי חן בעיניך, אדני המלך, אשר עשה המלך את דבר עבדו, וגם כל העם הזה על"/></TextLine><TextLine ID="r1l13" BASELINE="651" HEIGHT="56" WIDTH="1341" VPOS="595" HPOS="175"><String ID="string_r1l13" HEIGHT="56" WIDTH="1341" VPOS="595" HPOS="175" CONTENT="מקומו יבא בשלום. הרצים רוכבי הרכש היינצירי יצאו דחופים ומבוהלים בדבר המלך"/></TextLine><TextLine ID="r1l14" BASELINE="714" HEIGHT="63" WIDTH="1351" VPOS="651" HPOS="169"><String ID="string_r1l14" HEIGHT="63" WIDTH="1351" VPOS="651" HPOS="169" CONTENT="והדת נתנה בקוסדנטינא: הבשמים יחיו ולא יראו מות, ימלטו נפשם מיד שאול סלה,"/></TextLine><TextLine ID="r1l15" BASELINE="762" HEIGHT="59" WIDTH="1351" VPOS="703" HPOS="172"><String ID="string_r1l15" HEIGHT="59" WIDTH="1351" VPOS="703" HPOS="172" CONTENT="ויניפו משער המלך בסודרין, ויצעקו צעקות גדולות מטעם המלך: לאנשים האלה אל"/></TextLine><TextLine ID="r1l16" BASELINE="811" HEIGHT="54" WIDTH="1351" VPOS="757" HPOS="172"><String ID="string_r1l16" HEIGHT="54" WIDTH="1351" VPOS="757" HPOS="172" CONTENT="תעשו דבר הגבלה הזאת, הניחו להם ויחיו ותהי להם נפשם לשלל. ובהגיע הרצים אל"/></TextLine><TextLine ID="r1l17" BASELINE="876" HEIGHT="63" WIDTH="1353" VPOS="813" HPOS="170"><String ID="string_r1l17" HEIGHT="63" WIDTH="1353" VPOS="813" HPOS="170" CONTENT="העץ לא היה עד העת ההיא כי אם תוגר אחד תלוי, אכן חליים הוא נשא ומכאובים"/></TextLine><TextLine ID="r1l18" BASELINE="928" HEIGHT="60" WIDTH="1356" VPOS="868" HPOS="170"><String ID="string_r1l18" HEIGHT="60" WIDTH="1356" VPOS="868" HPOS="170" CONTENT="סבל, והנשארים היו עומדים בידי הקוסטיגר כפותים וקשורים כשור לטבח יובלו. ויפן"/></TextLine><TextLine ID="r1l19" BASELINE="982" HEIGHT="58" WIDTH="1337" VPOS="924" HPOS="180"><String ID="string_r1l19" HEIGHT="58" WIDTH="1337" VPOS="924" HPOS="180" CONTENT="הקוסטיגר אליהם ויאמר: מה לכם כי נזעקתם אחרי ? ויאמרו אליו: המלך דבר רדה"/></TextLine><TextLine ID="r1l20" BASELINE="1035" HEIGHT="56" WIDTH="1342" VPOS="979" HPOS="180"><String ID="string_r1l20" HEIGHT="56" WIDTH="1342" VPOS="979" HPOS="180" CONTENT="אליו אל תעמד, בל תשלח ידך אל האנשים האלה, ואלה ימלטו מידך. ויבא המגיד"/></TextLine><TextLine ID="r1l21" BASELINE="1089" HEIGHT="59" WIDTH="1357" VPOS="1030" HPOS="170"><String ID="string_r1l21" HEIGHT="59" WIDTH="1357" VPOS="1030" HPOS="170" CONTENT="למלך לאמר: נמלטו האנשים כמצותך, אדוננו המלך, אם טוב בעינך ישובו לקנות"/></TextLine><TextLine ID="r1l22" BASELINE="1144" HEIGHT="60" WIDTH="1350" VPOS="1084" HPOS="179"><String ID="string_r1l22" HEIGHT="60" WIDTH="1350" VPOS="1084" HPOS="179" CONTENT="הורדים, את אשר תאמר ישלמו, לא יפנו על ימין או על שמאל. ויאמר המלך: יסורו"/></TextLine><TextLine ID="r1l23" BASELINE="1198" HEIGHT="57" WIDTH="1138" VPOS="1141" HPOS="390"><String ID="string_r1l23" HEIGHT="57" WIDTH="1138" VPOS="1141" HPOS="390" CONTENT="אל ביתם ופני לא יראו. ויסבו הבשמים אל ביתם ופני המלך לא ראו״."/></TextLine><TextLine ID="r1l24" BASELINE="1254" HEIGHT="56" WIDTH="1244" VPOS="1198" HPOS="179"><String ID="string_r1l24" HEIGHT="56" WIDTH="1244" VPOS="1198" HPOS="179" CONTENT="„ויהי מקץ חדש ימים, וישלח המלך, ויאספו אליו כל הבשמים כבראשונה, ויאמר"/></TextLine><TextLine ID="r1l25" BASELINE="1310" HEIGHT="57" WIDTH="1351" VPOS="1253" HPOS="175"><String ID="string_r1l25" HEIGHT="57" WIDTH="1351" VPOS="1253" HPOS="175" CONTENT="אליהם לאמר: קנו לכם ורדים לבתיכם וחבצלת השרון לחניותיכם. ויאמר להם עבד"/></TextLine><TextLine ID="r1l26" BASELINE="1366" HEIGHT="57" WIDTH="1351" VPOS="1309" HPOS="171"><String ID="string_r1l26" HEIGHT="57" WIDTH="1351" VPOS="1309" HPOS="171" CONTENT="המלך: הודיעוני מה תתנו לי ? ויאמרו: הננו עבדים לאדוננו המלך, גם את הכל יקח,"/></TextLine><TextLine ID="r1l27" BASELINE="1424" HEIGHT="61" WIDTH="1355" VPOS="1363" HPOS="170"><String ID="string_r1l27" HEIGHT="61" WIDTH="1355" VPOS="1363" HPOS="170" CONTENT="אחרי אשר הציל את נפשותינו ממות, הרבה עלינו מוהר ומתן ונתנה ולא נוסיף ולא"/></TextLine><TextLine ID="r1l28" BASELINE="1476" HEIGHT="57" WIDTH="1375" VPOS="1419" HPOS="165"><String ID="string_r1l28" HEIGHT="57" WIDTH="1375" VPOS="1419" HPOS="165" CONTENT="נגרע. ויען עבד המלך אליהם: שוטים שבעולם! התחשבו כי המלך רוצה ליטול את"/></TextLine><TextLine ID="r1l29" BASELINE="1534" HEIGHT="58" WIDTH="1343" VPOS="1476" HPOS="175"><String ID="string_r1l29" HEIGHT="58" WIDTH="1343" VPOS="1476" HPOS="175" CONTENT="ממונכם בחזקה?... על זאת קצף המלך וחמתו בערה בו, כי גרעתם משויונם סך רב,"/></TextLine><TextLine ID="r1l30" BASELINE="1591" HEIGHT="58" WIDTH="1345" VPOS="1533" HPOS="179"><String ID="string_r1l30" HEIGHT="58" WIDTH="1345" VPOS="1533" HPOS="179" CONTENT="כל שומעו תצלנה אזניו. הלהתל קרא אתכם הלום ? וחוטאו חומס נפשו. ויאמרו: קנה"/></TextLine><TextLine ID="r1l31" BASELINE="1644" HEIGHT="58" WIDTH="1356" VPOS="1586" HPOS="164"><String ID="string_r1l31" HEIGHT="58" WIDTH="1356" VPOS="1586" HPOS="164" CONTENT="אותנו ואת ממוננו לעבדים, הרבה עלינו מאד מוהר ומתן ונתנה כאשר תאמר אלינו."/></TextLine><TextLine ID="r1l32" BASELINE="1699" HEIGHT="55" WIDTH="1360" VPOS="1644" HPOS="162"><String ID="string_r1l32" HEIGHT="55" WIDTH="1360" VPOS="1644" HPOS="162" CONTENT="ויצו המלך וימכרום בדרך שקנאום בשנה שעברה וישלחם. ויאמרו: השתחוינו נמצא חן"/></TextLine><TextLine ID="r1l33" BASELINE="1750" HEIGHT="49" WIDTH="297" VPOS="1701" HPOS="1229"><String ID="string_r1l33" HEIGHT="49" WIDTH="297" VPOS="1701" HPOS="1229" CONTENT="בעיני המלך 43)&#34;,"/></TextLine><TextLine ID="r1l34" BASELINE="1811" HEIGHT="62" WIDTH="1261" VPOS="1749" HPOS="160"><String ID="string_r1l34" HEIGHT="62" WIDTH="1261" VPOS="1749" HPOS="160" CONTENT="„בימים ההם בימי המלך (מחמד) הנ&#34;ל היה הדבר הולך וגדל בקוסטדינא, מנפש"/></TextLine><TextLine ID="r1l35" BASELINE="1868" HEIGHT="60" WIDTH="1360" VPOS="1808" HPOS="163"><String ID="string_r1l35" HEIGHT="60" WIDTH="1360" VPOS="1808" HPOS="163" CONTENT="ועד בשר כלה, כל עץ לח וכל עץ יבש, לא תכבה להבת שלהבת. ויאמר המלך לקרא"/></TextLine><TextLine ID="r1l36" BASELINE="1921" HEIGHT="57" WIDTH="1336" VPOS="1864" HPOS="181"><String ID="string_r1l36" HEIGHT="57" WIDTH="1336" VPOS="1864" HPOS="181" CONTENT="לחרטומים וחכמים להגיד למלך מה יעשה בדבר, אולי ישוב ה' מחרון אפו, ויבאו ויעמדו"/></TextLine><TextLine ID="r1l37" BASELINE="1981" HEIGHT="60" WIDTH="1365" VPOS="1921" HPOS="165"><String ID="string_r1l37" HEIGHT="60" WIDTH="1365" VPOS="1921" HPOS="165" CONTENT="לפני המלך ואין רואה ואין יודע. אז שלח המלך לקראת הרב (ר' משה קפסאלי) ויבא"/></TextLine><TextLine ID="r1l38" BASELINE="2035" HEIGHT="59" WIDTH="1359" VPOS="1976" HPOS="165"><String ID="string_r1l38" HEIGHT="59" WIDTH="1359" VPOS="1976" HPOS="165" CONTENT="וישתחו למלך על אפיו. ויאמר לו המלך: בא ברוך ה', הודיעני כפי דת היהודים מדוע"/></TextLine><TextLine ID="r1l39" BASELINE="2092" HEIGHT="58" WIDTH="1356" VPOS="2034" HPOS="168"><String ID="string_r1l39" HEIGHT="58" WIDTH="1356" VPOS="2034" HPOS="168" CONTENT="היה הדבר בעולם? ובמה נוכל לו? ויען הרב אליו: כל מקום שאתה מוצא זנות,"/></TextLine><TextLine ID="r1l40" BASELINE="2148" HEIGHT="60" WIDTH="1362" VPOS="2088" HPOS="160"><String ID="string_r1l40" HEIGHT="60" WIDTH="1362" VPOS="2088" HPOS="160" CONTENT="אנדרלמוסיא באה לעולם והורגת טובים ורעים. ויישרו דבריו לפני המלך, ודתא נפקת,"/></TextLine><TextLine ID="r1l41" BASELINE="2206" HEIGHT="60" WIDTH="1348" VPOS="2146" HPOS="176"><String ID="string_r1l41" HEIGHT="60" WIDTH="1348" VPOS="2146" HPOS="176" CONTENT="והזונים מתהרגים. וישבת המלך את עבדיו מחטא לעיני השמש. ביום ההוא נתן המלך"/></TextLine><TextLine ID="r1l42" BASELINE="2255" HEIGHT="58" WIDTH="1353" VPOS="2197" HPOS="163"><String ID="string_r1l42" HEIGHT="58" WIDTH="1353" VPOS="2197" HPOS="163" CONTENT="רשות לרב לחקור ולדרוש על כל היהודים אשר הרעו לעשות ויהרגם (צ&#34;ל להרגם)"/></TextLine><TextLine ID="r1l43" BASELINE="2316" HEIGHT="59" WIDTH="1362" VPOS="2257" HPOS="161"><String ID="string_r1l43" HEIGHT="59" WIDTH="1362" VPOS="2257" HPOS="161" CONTENT="ואת הנשארים יבדיל מעמי הארץ לבלתי התחבר עם הייניצירי עוד. אז ענה למלך כי"/></TextLine><TextLine ID="r1l44" BASELINE="2373" HEIGHT="59" WIDTH="1363" VPOS="2314" HPOS="171"><String ID="string_r1l44" HEIGHT="59" WIDTH="1363" VPOS="2314" HPOS="171" CONTENT="לפי דת משה אין משפט מות לאנשים האלה, כי צריכים התראה. ויען המלך אליו: עשה"/></TextLine><TextLine ID="r1l45" BASELINE="2449" HEIGHT="59" WIDTH="791" VPOS="2390" HPOS="637"><String ID="string_r1l45" HEIGHT="59" WIDTH="791" VPOS="2390" HPOS="637" CONTENT="43) רבי אליהו הנ&#34;ל פרק י&#34;ז, ובנדפס דף למ&#34;ד ע&#34;ב"/></TextLine></TextBlock></PrintSpace></Page></Layout></alto>