<?xml version="1.0" encoding="UTF-8"?><alto xmlns:xsi="http://www.w3.org/2001/XMLSchema-instance" xmlns="http://www.loc.gov/standards/alto/ns-v2#" xmlns:page="http://schema.primaresearch.org/PAGE/gts/pagecontent/2013-07-15" xsi:schemaLocation="http://schema.primaresearch.org/PAGE/gts/pagecontent/2013-07-15 http://schema.primaresearch.org/PAGE/gts/pagecontent/2013-07-15/pagecontent.xsd http://www.loc.gov/standards/alto/ns-v2# http://www.loc.gov/standards/alto/alto-v2.0.xsd"><Description><MeasurementUnit>pixel</MeasurementUnit></Description><Layout><Page ID="Page1" PHYSICAL_IMG_NR="1" HEIGHT="2611" WIDTH="1715"><TopMargin HEIGHT="0" WIDTH="1715" VPOS="0" HPOS="0"/><LeftMargin HEIGHT="2611" WIDTH="0" VPOS="0" HPOS="0"/><RightMargin HEIGHT="2611" WIDTH="0" VPOS="0" HPOS="1715"/><BottomMargin HEIGHT="0" WIDTH="1715" VPOS="2611" HPOS="0"/><PrintSpace HEIGHT="2611" WIDTH="1715" VPOS="0" HPOS="0"><TextBlock ID="r1" HEIGHT="2324" WIDTH="1343" VPOS="139" HPOS="263"><Shape><Polygon POINTS="263,139 263,2463 1606,2463 1606,139"/></Shape><TextLine ID="r1l2" BASELINE="187" HEIGHT="44" WIDTH="86" VPOS="143" HPOS="1525"><String ID="string_r1l2" HEIGHT="44" WIDTH="86" VPOS="143" HPOS="1525" CONTENT="26"/></TextLine><TextLine ID="r1l1" BASELINE="179" HEIGHT="49" WIDTH="415" VPOS="130" HPOS="717"><String ID="string_r1l1" HEIGHT="49" WIDTH="415" VPOS="130" HPOS="717" CONTENT="דברי ימי ישראל בתוגרמה"/></TextLine><TextLine ID="r1l4" BASELINE="295" HEIGHT="57" WIDTH="1337" VPOS="238" HPOS="271"><String ID="string_r1l4" HEIGHT="57" WIDTH="1337" VPOS="238" HPOS="271" CONTENT="התנאים אשר ערכו לפניהם המורים הרבנים, וילמדו אצלם. אך רוח ראש הרבנים ר׳"/></TextLine><TextLine ID="r1l5" BASELINE="355" HEIGHT="56" WIDTH="1338" VPOS="299" HPOS="270"><String ID="string_r1l5" HEIGHT="56" WIDTH="1338" VPOS="299" HPOS="270" CONTENT="משה קפסאלי לא היתה נוחה מהמעשה הזה אשר עשו חבריו הרבנים, ודבריו היו"/></TextLine><TextLine ID="r1l6" BASELINE="406" HEIGHT="59" WIDTH="1347" VPOS="347" HPOS="265"><String ID="string_r1l6" HEIGHT="59" WIDTH="1347" VPOS="347" HPOS="265" CONTENT="שאסור ללמד תורה למי שאין מאמין בה, ובכל אשר יראו ופחדו מחמת הרב, לא"/></TextLine><TextLine ID="r1l7" BASELINE="465" HEIGHT="64" WIDTH="1346" VPOS="401" HPOS="261"><String ID="string_r1l7" HEIGHT="64" WIDTH="1346" VPOS="401" HPOS="261" CONTENT="הטו אזן לדבריו בענין הזה, ועוד הפעם חזקו לבם והיו אומרים כי נכון וישר ללמד"/></TextLine><TextLine ID="r1l8" BASELINE="512" HEIGHT="56" WIDTH="1350" VPOS="456" HPOS="264"><String ID="string_r1l8" HEIGHT="56" WIDTH="1350" VPOS="456" HPOS="264" CONTENT="לכל מי שירצה, אם רק יקבל עליו קדם לכן שלא יחלל בפרהסיא המועדים המקודשים"/></TextLine><TextLine ID="r1l9" BASELINE="569" HEIGHT="60" WIDTH="1345" VPOS="509" HPOS="268"><String ID="string_r1l9" HEIGHT="60" WIDTH="1345" VPOS="509" HPOS="268" CONTENT="על פי הקביעות ושניות דרבנן, ושלא יזלזל בכבוד הרבנים. ולראיה לדבריהם, כי אין"/></TextLine><TextLine ID="r1l10" BASELINE="623" HEIGHT="57" WIDTH="1338" VPOS="566" HPOS="269"><String ID="string_r1l10" HEIGHT="57" WIDTH="1338" VPOS="566" HPOS="269" CONTENT="לרחקם מכל וכל מעדת ישראל, הראו מופת חותך כי מלים אותם בשבת, ולמורת רוח"/></TextLine><TextLine ID="r1l11" BASELINE="676" HEIGHT="56" WIDTH="1340" VPOS="620" HPOS="272"><String ID="string_r1l11" HEIGHT="56" WIDTH="1340" VPOS="620" HPOS="272" CONTENT="ראש הרבנים „היו מלמדים להם ומשתדלים לקרבם תחת כנפי השכינה, מאחר שהם"/></TextLine><TextLine ID="r1l12" BASELINE="735" HEIGHT="57" WIDTH="1335" VPOS="678" HPOS="275"><String ID="string_r1l12" HEIGHT="57" WIDTH="1335" VPOS="678" HPOS="275" CONTENT="מתרצים לשם יתברך, והשם יתברך מתרצה להם... והמשתדל בו משתדל בקרוב"/></TextLine><TextLine ID="r1l13" BASELINE="788" HEIGHT="46" WIDTH="256" VPOS="742" HPOS="1358"><String ID="string_r1l13" HEIGHT="46" WIDTH="256" VPOS="742" HPOS="1358" CONTENT="הרחוקים״ 13)."/></TextLine><TextLine ID="r1l14" BASELINE="848" HEIGHT="58" WIDTH="1239" VPOS="790" HPOS="266"><String ID="string_r1l14" HEIGHT="58" WIDTH="1239" VPOS="790" HPOS="266" CONTENT="הראש והראשון בין הרבנים בעיר הבירה היה ר' מרדכי בן ר׳ אליעזר כומטיאנו"/></TextLine><TextLine ID="r1l15" BASELINE="904" HEIGHT="55" WIDTH="1330" VPOS="849" HPOS="273"><String ID="string_r1l15" HEIGHT="55" WIDTH="1330" VPOS="849" HPOS="273" CONTENT="(ממשפחה צרפתית מן הכומיטת Comitat) אשר נולד קרוב לשנת ק״פ בעיר קושטנדינא."/></TextLine><TextLine ID="r1l16" BASELINE="958" HEIGHT="58" WIDTH="1340" VPOS="900" HPOS="266"><String ID="string_r1l16" HEIGHT="58" WIDTH="1340" VPOS="900" HPOS="266" CONTENT="הוא היה התלמיד הגדול לר' חנוך צפורתא ואצלו למד למודי חול ולמודי קדש, וכמו"/></TextLine><TextLine ID="r1l17" BASELINE="1014" HEIGHT="57" WIDTH="1342" VPOS="957" HPOS="264"><String ID="string_r1l17" HEIGHT="57" WIDTH="1342" VPOS="957" HPOS="264" CONTENT="רבו כן גם הוא הרבה להרביץ תורה בישראל והעמיד תלמידים רבים מבני הרבנים"/></TextLine><TextLine ID="r1l18" BASELINE="1067" HEIGHT="55" WIDTH="1343" VPOS="1012" HPOS="264"><String ID="string_r1l18" HEIGHT="55" WIDTH="1343" VPOS="1012" HPOS="264" CONTENT="ומבני הקראים. הוא כתב ספרים רבים יקרי ערך בכל המקצועות שנשארו בכתובים"/></TextLine><TextLine ID="r1l19" BASELINE="1120" HEIGHT="58" WIDTH="1348" VPOS="1062" HPOS="260"><String ID="string_r1l19" HEIGHT="58" WIDTH="1348" VPOS="1062" HPOS="260" CONTENT="ונמצאו בהביבליותיקות הקיסרית בפטרסבורג, בפאריז ובעיר ליידן (הוללאנדיה), והם:"/></TextLine><TextLine ID="r1l20" BASELINE="1168" HEIGHT="52" WIDTH="1348" VPOS="1116" HPOS="257"><String ID="string_r1l20" HEIGHT="52" WIDTH="1348" VPOS="1116" HPOS="257" CONTENT="א) ספרו היותר נכבד הוא הנודע בשם „כתר תורה&#34; או „פירוש על"/></TextLine><TextLine ID="r1l21" BASELINE="1228" HEIGHT="55" WIDTH="1332" VPOS="1173" HPOS="276"><String ID="string_r1l21" HEIGHT="55" WIDTH="1332" VPOS="1173" HPOS="276" CONTENT="התורה&#34; 14) וראוי לתת לו מקום בין מבחר פירושי חכמי ישראל על התורה. בראש"/></TextLine><TextLine ID="r1l22" BASELINE="1284" HEIGHT="54" WIDTH="529" VPOS="1230" HPOS="1083"><String ID="string_r1l22" HEIGHT="54" WIDTH="529" VPOS="1230" HPOS="1083" CONTENT="הספר כתב שיר קטן המתחיל:"/></TextLine><TextLine ID="r1l23" BASELINE="1333" HEIGHT="46" WIDTH="529" VPOS="1287" HPOS="706"><String ID="string_r1l23" HEIGHT="46" WIDTH="529" VPOS="1287" HPOS="706" CONTENT="זה ספר כליל יופי וחכמה רבה"/></TextLine><TextLine ID="r1l24" BASELINE="1397" HEIGHT="48" WIDTH="526" VPOS="1349" HPOS="706"><String ID="string_r1l24" HEIGHT="48" WIDTH="526" VPOS="1349" HPOS="706" CONTENT="כי ההגיון והדקדוק בקרבה"/></TextLine><TextLine ID="r1l25" BASELINE="1452" HEIGHT="57" WIDTH="522" VPOS="1395" HPOS="704"><String ID="string_r1l25" HEIGHT="57" WIDTH="522" VPOS="1395" HPOS="704" CONTENT="ועל פיהם מפורש, והיא הסבה"/></TextLine><TextLine ID="r1l26" BASELINE="1501" HEIGHT="50" WIDTH="527" VPOS="1451" HPOS="705"><String ID="string_r1l26" HEIGHT="50" WIDTH="527" VPOS="1451" HPOS="705" CONTENT="ללכת בדרכי ישר בלי דפי ודבה."/></TextLine><TextLine ID="r1l27" BASELINE="1564" HEIGHT="58" WIDTH="1345" VPOS="1506" HPOS="265"><String ID="string_r1l27" HEIGHT="58" WIDTH="1345" VPOS="1506" HPOS="265" CONTENT="אחרי השיר הולכת ומשתרעת הקדמה ארוכה בענין תכונת התירה ויקרתה בדרכים"/></TextLine><TextLine ID="r1l28" BASELINE="1621" HEIGHT="51" WIDTH="1337" VPOS="1570" HPOS="267"><String ID="string_r1l28" HEIGHT="51" WIDTH="1337" VPOS="1570" HPOS="267" CONTENT="שונים מאת המפרשים השונים והדרך אשר בחר בו המחבר בעצמו, וזו רק תמצית"/></TextLine><TextLine ID="r1l29" BASELINE="1675" HEIGHT="56" WIDTH="1341" VPOS="1619" HPOS="270"><String ID="string_r1l29" HEIGHT="56" WIDTH="1341" VPOS="1619" HPOS="270" CONTENT="דבריו: „ובראותי אני מרדכי בן אליעזר כומטינו הקשטנדיני את החלופים אשר בהם"/></TextLine><TextLine ID="r1l30" BASELINE="1728" HEIGHT="56" WIDTH="1336" VPOS="1672" HPOS="269"><String ID="string_r1l30" HEIGHT="56" WIDTH="1336" VPOS="1672" HPOS="269" CONTENT="אנשי חסר נאספים, ולא יכלו לברור דברי צדיקים מדברי האספסוף, וימרו על ים בים"/></TextLine><TextLine ID="r1l31" BASELINE="1783" HEIGHT="54" WIDTH="1350" VPOS="1729" HPOS="257"><String ID="string_r1l31" HEIGHT="54" WIDTH="1350" VPOS="1729" HPOS="257" CONTENT="סוף, הערתני רוחי לבאר הכתוב בדרך הנכונה האמיתית, והיה הבאור הזה נשרש על"/></TextLine><TextLine ID="r1l32" BASELINE="1840" HEIGHT="60" WIDTH="1347" VPOS="1780" HPOS="262"><String ID="string_r1l32" HEIGHT="60" WIDTH="1347" VPOS="1780" HPOS="262" CONTENT="פי מלאכת הדקדוק, ומכוון על פי מלאכת ההגיון, יושב בסתר עליון. ובמקום אשר לו"/></TextLine><TextLine ID="r1l33" BASELINE="1894" HEIGHT="54" WIDTH="1338" VPOS="1840" HPOS="275"><String ID="string_r1l33" HEIGHT="54" WIDTH="1338" VPOS="1840" HPOS="275" CONTENT="סור מהחכמה הטבעית ארמיזנו, וכי ארניע אריצנו, וכן במקומות אשר יהיה אליו צרך"/></TextLine><TextLine ID="r1l34" BASELINE="2001" HEIGHT="62" WIDTH="1243" VPOS="1939" HPOS="256"><String ID="string_r1l34" HEIGHT="62" WIDTH="1243" VPOS="1939" HPOS="256" CONTENT="13) שו&#34;ת הרא״ם (ר' אליהו מזרחי) סי׳ נ&#34;ז. החיוב הזה לקראים שלא לזלזל במועדים"/></TextLine><TextLine ID="r1l35" BASELINE="2047" HEIGHT="61" WIDTH="1332" VPOS="1986" HPOS="270"><String ID="string_r1l35" HEIGHT="61" WIDTH="1332" VPOS="1986" HPOS="270" CONTENT="על פי הקביעה היה לדורות ובתמידות בקושטנדינא, ורושמי הזכרונות כתבו שפעם אחת היה"/></TextLine><TextLine ID="r1l36" BASELINE="2092" HEIGHT="52" WIDTH="1343" VPOS="2040" HPOS="260"><String ID="string_r1l36" HEIGHT="52" WIDTH="1343" VPOS="2040" HPOS="260" CONTENT="מעשה בקושטנדינא בימי הרב יוסף מטראני (מהרימט) שדן שני קראים שפתחו חנויותיהם ביום"/></TextLine><TextLine ID="r1l37" BASELINE="2139" HEIGHT="56" WIDTH="1343" VPOS="2083" HPOS="262"><String ID="string_r1l37" HEIGHT="56" WIDTH="1343" VPOS="2083" HPOS="262" CONTENT="הכפורים לרבנים על פי הקביעה, ותלו אותם על העץ (לב שלמה, לר' שלמה הלוי, או״ח סי י&#34;א)."/></TextLine><TextLine ID="r1l38" BASELINE="2188" HEIGHT="56" WIDTH="1247" VPOS="2132" HPOS="257"><String ID="string_r1l38" HEIGHT="56" WIDTH="1247" VPOS="2132" HPOS="257" CONTENT="14) כ&#34;י זה נמצא בבבליותיקות בפריז ובפטרבורג וכן בידי אנשים פרטים בלי שם"/></TextLine><TextLine ID="r1l39" BASELINE="2229" HEIGHT="52" WIDTH="1338" VPOS="2177" HPOS="266"><String ID="string_r1l39" HEIGHT="52" WIDTH="1338" VPOS="2177" HPOS="266" CONTENT="החבור. אחרים יקראו לו „כליל יופי&#34; על שם השיר המתחיל בראש הספר, ואחרים „כתר"/></TextLine><TextLine ID="r1l40" BASELINE="2281" HEIGHT="54" WIDTH="1338" VPOS="2227" HPOS="267"><String ID="string_r1l40" HEIGHT="54" WIDTH="1338" VPOS="2227" HPOS="267" CONTENT="תורה&#34; (רשימת די רוסי), הכ&#34;י בפטרסבורג שממנו נעתקו הדברים המובאים פה, הוא של"/></TextLine><TextLine ID="r1l41" BASELINE="2328" HEIGHT="59" WIDTH="1348" VPOS="2269" HPOS="262"><String ID="string_r1l41" HEIGHT="59" WIDTH="1348" VPOS="2269" HPOS="262" CONTENT="קלף בתמונה מרובעת ובעל קצ״ד דפים, עלים רבים נרקבו או נאכלו משן העת. בסוף הספר"/></TextLine><TextLine ID="r1l42" BASELINE="2373" HEIGHT="56" WIDTH="1355" VPOS="2317" HPOS="257"><String ID="string_r1l42" HEIGHT="56" WIDTH="1355" VPOS="2317" HPOS="257" CONTENT="כתב המעתיק: ויתם הספר על ידי שבחי בכ״ד משה ז&#34;ל מאי קריטי ביום ארבע עשר לחדש"/></TextLine><TextLine ID="r1l43" BASELINE="2421" HEIGHT="58" WIDTH="1360" VPOS="2363" HPOS="254"><String ID="string_r1l43" HEIGHT="58" WIDTH="1360" VPOS="2363" HPOS="254" CONTENT="הרביעי שנת חמשת אלפים ורל&#34;ח וכתבתיו פה בעיר קושדינה לכה&#34;ר משה מצורי (קראי)"/></TextLine><TextLine ID="r1l44" BASELINE="2471" HEIGHT="61" WIDTH="652" VPOS="2410" HPOS="961"><String ID="string_r1l44" HEIGHT="61" WIDTH="652" VPOS="2410" HPOS="961" CONTENT="וקבלתי הפרעון משלם וה' יזכהו להנות בו."/></TextLine></TextBlock></PrintSpace></Page></Layout></alto>