<?xml version="1.0" encoding="UTF-8"?><alto xmlns:xsi="http://www.w3.org/2001/XMLSchema-instance" xmlns="http://www.loc.gov/standards/alto/ns-v2#" xmlns:page="http://schema.primaresearch.org/PAGE/gts/pagecontent/2013-07-15" xsi:schemaLocation="http://schema.primaresearch.org/PAGE/gts/pagecontent/2013-07-15 http://schema.primaresearch.org/PAGE/gts/pagecontent/2013-07-15/pagecontent.xsd http://www.loc.gov/standards/alto/ns-v2# http://www.loc.gov/standards/alto/alto-v2.0.xsd"><Description><MeasurementUnit>pixel</MeasurementUnit></Description><Layout><Page ID="Page1" PHYSICAL_IMG_NR="1" HEIGHT="2601" WIDTH="1740"><TopMargin HEIGHT="0" WIDTH="1740" VPOS="0" HPOS="0"/><LeftMargin HEIGHT="2601" WIDTH="0" VPOS="0" HPOS="0"/><RightMargin HEIGHT="2601" WIDTH="0" VPOS="0" HPOS="1740"/><BottomMargin HEIGHT="0" WIDTH="1740" VPOS="2601" HPOS="0"/><PrintSpace HEIGHT="2601" WIDTH="1740" VPOS="0" HPOS="0"><TextBlock ID="r1" HEIGHT="2318" WIDTH="1348" VPOS="160" HPOS="288"><Shape><Polygon POINTS="288,160 288,2478 1636,2478 1636,160"/></Shape><TextLine ID="line_1552483931986_960" BASELINE="194" HEIGHT="40" WIDTH="54" VPOS="154" HPOS="1588"><String ID="string_line_1552483931986_960" HEIGHT="40" WIDTH="54" VPOS="154" HPOS="1588" CONTENT="2"/></TextLine><TextLine ID="r1l1" BASELINE="196" HEIGHT="50" WIDTH="397" VPOS="146" HPOS="770"><String ID="string_r1l1" HEIGHT="50" WIDTH="397" VPOS="146" HPOS="770" CONTENT="דברי ימי ישראל בתוגרמה"/></TextLine><TextLine ID="r1l6" BASELINE="318" HEIGHT="60" WIDTH="1341" VPOS="258" HPOS="295"><String ID="string_r1l6" HEIGHT="60" WIDTH="1341" VPOS="258" HPOS="295" CONTENT="(הארמון השחור) ו י י נ י - ש י ה י ר (העיר החדשה), כמו כן איי ים השיש ק א ל ו ל י מנו."/></TextLine><TextLine ID="r1l7" BASELINE="366" HEIGHT="55" WIDTH="1342" VPOS="311" HPOS="299"><String ID="string_r1l7" HEIGHT="55" WIDTH="1342" VPOS="311" HPOS="299" CONTENT="נפלו בידו. אמנם בכל אלה המקומות לא ישבו מעולם יהודים, וברור נדע כי לא חסו"/></TextLine><TextLine ID="r1l8" BASELINE="423" HEIGHT="53" WIDTH="603" VPOS="370" HPOS="1042"><String ID="string_r1l8" HEIGHT="53" WIDTH="603" VPOS="370" HPOS="1042" CONTENT="בני ישראל תחת צל השלטן הראשון."/></TextLine><TextLine ID="r1l9" BASELINE="481" HEIGHT="59" WIDTH="1235" VPOS="422" HPOS="298"><String ID="string_r1l9" HEIGHT="59" WIDTH="1235" VPOS="422" HPOS="298" CONTENT="בסוף ימי חייו עלה בנו יורש העצר אורכאן למלחמה על העיר הגדולה ברושא"/></TextLine><TextLine ID="r1l10" BASELINE="530" HEIGHT="53" WIDTH="1339" VPOS="477" HPOS="301"><String ID="string_r1l10" HEIGHT="53" WIDTH="1339" VPOS="477" HPOS="301" CONTENT="(ברוסא), ובכל היותה עיר מבצר וחומות חזקות לא יכלה לעמוד ימים רבים לפני"/></TextLine><TextLine ID="r1l11" BASELINE="586" HEIGHT="51" WIDTH="1351" VPOS="535" HPOS="289"><String ID="string_r1l11" HEIGHT="51" WIDTH="1351" VPOS="535" HPOS="289" CONTENT="חיל התרכים, ותפתח לפניהם שעריה בסוף חדש אב שנת הפ&#34;ו (ראמאזאן משנת 1326)."/></TextLine><TextLine ID="r1l12" BASELINE="643" HEIGHT="55" WIDTH="1236" VPOS="588" HPOS="294"><String ID="string_r1l12" HEIGHT="55" WIDTH="1236" VPOS="588" HPOS="294" CONTENT="על ידי נצחון העיר הגדולה ברוסא (אשר נקראה מקרם פרוזה), נפגשו"/></TextLine><TextLine ID="r1l13" BASELINE="691" HEIGHT="47" WIDTH="1331" VPOS="644" HPOS="297"><String ID="string_r1l13" HEIGHT="47" WIDTH="1331" VPOS="644" HPOS="297" CONTENT="העשמאנים בפעם הראשונה עם היהודים. על פי דברי הברית אשר כרתה העיר עם המנצחים"/></TextLine><TextLine ID="r1l14" BASELINE="754" HEIGHT="54" WIDTH="1336" VPOS="700" HPOS="296"><String ID="string_r1l14" HEIGHT="54" WIDTH="1336" VPOS="700" HPOS="296" CONTENT="בעת נתנה בידם, כל תושביה מקטן ועד גדול טף ונשים יצאו מתוכה, אחרי אשר"/></TextLine><TextLine ID="r1l15" BASELINE="808" HEIGHT="54" WIDTH="1351" VPOS="754" HPOS="284"><String ID="string_r1l15" HEIGHT="54" WIDTH="1351" VPOS="754" HPOS="284" CONTENT="שלמו מם שלשים אלף פרחי זהב3). אך בעוד אשר היונים הנאים, מבלתי יכולת"/></TextLine><TextLine ID="r1l16" BASELINE="862" HEIGHT="52" WIDTH="1331" VPOS="810" HPOS="298"><String ID="string_r1l16" HEIGHT="52" WIDTH="1331" VPOS="810" HPOS="298" CONTENT="סבול עול זרים, לא הוסיפו לשוב לעיר מולדתם, היהודים שבו רובם ככולם, ועוד הביאו"/></TextLine><TextLine ID="r1l17" BASELINE="923" HEIGHT="57" WIDTH="1343" VPOS="866" HPOS="292"><String ID="string_r1l17" HEIGHT="57" WIDTH="1343" VPOS="866" HPOS="292" CONTENT="עמהם מבני בריתם מכל ערי הסביבות ויתישבו ברחוב מיוחד הנקרא יהודי -"/></TextLine><TextLine ID="r1l18" BASELINE="972" HEIGHT="51" WIDTH="749" VPOS="921" HPOS="893"><String ID="string_r1l18" HEIGHT="51" WIDTH="749" VPOS="921" HPOS="893" CONTENT="מאהאליםי (רחוב היהודים) עד היום הזה."/></TextLine><TextLine ID="r1l19" BASELINE="1034" HEIGHT="58" WIDTH="1239" VPOS="976" HPOS="297"><String ID="string_r1l19" HEIGHT="58" WIDTH="1239" VPOS="976" HPOS="297" CONTENT="על פי פ'ירמאן (כתב דת) פרטי, נתנה הרשות ליהודים לבנות להם בית תפלה"/></TextLine><TextLine ID="r1l20" BASELINE="1086" HEIGHT="47" WIDTH="1339" VPOS="1039" HPOS="296"><String ID="string_r1l20" HEIGHT="47" WIDTH="1339" VPOS="1039" HPOS="296" CONTENT="בקרב רחוב היהודים אשר בשם „ק&#34;ק עץ החיים״ 4) יקרא עד היום הזה. הבנין הזה"/></TextLine><TextLine ID="r1l21" BASELINE="1135" HEIGHT="47" WIDTH="1353" VPOS="1088" HPOS="286"><String ID="string_r1l21" HEIGHT="47" WIDTH="1353" VPOS="1088" HPOS="286" CONTENT="נכדל במינו מיתר בתי התפלה אשר ליהודים ביתר ערי תוגרמה, בהיותו רחב ידים"/></TextLine><TextLine ID="r1l22" BASELINE="1195" HEIGHT="54" WIDTH="1344" VPOS="1141" HPOS="286"><String ID="string_r1l22" HEIGHT="54" WIDTH="1344" VPOS="1141" HPOS="286" CONTENT="ויותר קרוב לבתי המסגד למחמדנים. סביב לארבעה הכתלים נמצאו ספסלים נמוכים,"/></TextLine><TextLine ID="r1l23" BASELINE="1252" HEIGHT="55" WIDTH="1339" VPOS="1197" HPOS="291"><String ID="string_r1l23" HEIGHT="55" WIDTH="1339" VPOS="1197" HPOS="291" CONTENT="ובתוך ימצא עוד עגול ספסלים משני עברים סביב הבית. באמצע הענול עומדת התיבה"/></TextLine><TextLine ID="r1l24" BASELINE="1306" HEIGHT="53" WIDTH="1344" VPOS="1253" HPOS="294"><String ID="string_r1l24" HEIGHT="53" WIDTH="1344" VPOS="1253" HPOS="294" CONTENT="לימי החול, ומשני עברים צפון ודרום עומדים השערים לבא אל הבית, זה לנגד זה,"/></TextLine><TextLine ID="r1l25" BASELINE="1359" HEIGHT="53" WIDTH="1349" VPOS="1306" HPOS="290"><String ID="string_r1l25" HEIGHT="53" WIDTH="1349" VPOS="1306" HPOS="290" CONTENT="וממעל עזרת הנשים רחבת ידים. במזרח בנוי ההיכל הגדול בהדר יופי, כסוי בפרכת"/></TextLine><TextLine ID="r1l26" BASELINE="1420" HEIGHT="57" WIDTH="1334" VPOS="1363" HPOS="303"><String ID="string_r1l26" HEIGHT="57" WIDTH="1334" VPOS="1363" HPOS="303" CONTENT="מרוקמת בפרחים ועלים של רקיעי כסף ומשי יקר מאד, ובמערב בנוי מקום התיבה"/></TextLine><TextLine ID="r1l27" BASELINE="1478" HEIGHT="61" WIDTH="1340" VPOS="1417" HPOS="297"><String ID="string_r1l27" HEIGHT="61" WIDTH="1340" VPOS="1417" HPOS="297" CONTENT="לשבתות ומוערים בנובה, ואליו יעלו בלולים משני עברים בתוך הכותל באופן אשר"/></TextLine><TextLine ID="r1l28" BASELINE="1530" HEIGHT="57" WIDTH="1339" VPOS="1473" HPOS="296"><String ID="string_r1l28" HEIGHT="57" WIDTH="1339" VPOS="1473" HPOS="296" CONTENT="לא יראו מן החוץ. התיבה עומדת למעלה במקום ההוא כעין אכסדרא בקו ישר עם"/></TextLine><TextLine ID="r1l29" BASELINE="1578" HEIGHT="44" WIDTH="675" VPOS="1534" HPOS="961"><String ID="string_r1l29" HEIGHT="44" WIDTH="675" VPOS="1534" HPOS="961" CONTENT="עזרת הנשים צפונית דרומית ונגד ההיכל."/></TextLine><TextLine ID="r1l30" BASELINE="1645" HEIGHT="57" WIDTH="1244" VPOS="1588" HPOS="287"><String ID="string_r1l30" HEIGHT="57" WIDTH="1244" VPOS="1588" HPOS="287" CONTENT="היהודי יכול לסחור הארץ באין מעצור, ובן יכול לקנות בעיר ובכפרים קרקעות"/></TextLine><TextLine ID="r1l31" BASELINE="1697" HEIGHT="52" WIDTH="1344" VPOS="1645" HPOS="287"><String ID="string_r1l31" HEIGHT="52" WIDTH="1344" VPOS="1645" HPOS="287" CONTENT="ובתים ויתר דברים, רק חל עליו החוב לשלם לממשלה הכרנא (חאראטש) הנחשב"/></TextLine><TextLine ID="r1l32" BASELINE="1746" HEIGHT="50" WIDTH="1115" VPOS="1696" HPOS="515"><String ID="string_r1l32" HEIGHT="50" WIDTH="1115" VPOS="1696" HPOS="515" CONTENT="לפי הונו, העני שלם עשרה דרהים, הבינוני עשרים והעשיר ארבעים 5)."/></TextLine><TextLine ID="r1l33" BASELINE="1807" HEIGHT="53" WIDTH="1246" VPOS="1754" HPOS="285"><String ID="string_r1l33" HEIGHT="53" WIDTH="1246" VPOS="1754" HPOS="285" CONTENT="אסיפת הכסף הזה הפקדה תמיד בידי העשירים וממוני העדה אשר שלמו על"/></TextLine><TextLine ID="r1l34" BASELINE="1861" HEIGHT="51" WIDTH="1347" VPOS="1810" HPOS="285"><String ID="string_r1l34" HEIGHT="51" WIDTH="1347" VPOS="1810" HPOS="285" CONTENT="הרוב בעד העניים, ובכן הגבאים השכילו לגרוע לפעמים מכסת בעלי הבתים ברשימות"/></TextLine><TextLine ID="r1l35" BASELINE="1919" HEIGHT="57" WIDTH="1339" VPOS="1862" HPOS="293"><String ID="string_r1l35" HEIGHT="57" WIDTH="1339" VPOS="1862" HPOS="293" CONTENT="אשר נתנו לממשלה, על כן חפש הדיואן בכל עת בזריזות עצומה אמיתת הדבר, כי"/></TextLine><TextLine ID="r1l36" BASELINE="1976" HEIGHT="58" WIDTH="1346" VPOS="1918" HPOS="289"><String ID="string_r1l36" HEIGHT="58" WIDTH="1346" VPOS="1918" HPOS="289" CONTENT="לפי זה יכלו להוסיף או לגרוע סכום הכסף לפי רצון הגבאים וראשי העדה, ולגרום"/></TextLine><TextLine ID="r1l37" BASELINE="2031" HEIGHT="55" WIDTH="1356" VPOS="1976" HPOS="288"><String ID="string_r1l37" HEIGHT="55" WIDTH="1356" VPOS="1976" HPOS="288" CONTENT="הפסד לממשלה או לראיאם (נתיני השלטן). מן העת אשר נלתה הממשלה הדבר הרע"/></TextLine><TextLine ID="r1l38" BASELINE="2202" HEIGHT="50" WIDTH="815" VPOS="2152" HPOS="726"><String ID="string_r1l38" HEIGHT="50" WIDTH="815" VPOS="2152" HPOS="726" CONTENT="Turquie (3 ע&#34;י Jouanin et Van Oaver ע׳ 22."/></TextLine><TextLine ID="r1l39" BASELINE="2250" HEIGHT="52" WIDTH="1247" VPOS="2198" HPOS="279"><String ID="string_r1l39" HEIGHT="52" WIDTH="1247" VPOS="2198" HPOS="279" CONTENT="4) בשם הזה כנו היהודים הקדמונים בתוגרמה בתי תפלותיהם בשאלוניק וסמירנא (איזמיר)"/></TextLine><TextLine ID="r1l40" BASELINE="2298" HEIGHT="54" WIDTH="872" VPOS="2244" HPOS="759"><String ID="string_r1l40" HEIGHT="54" WIDTH="872" VPOS="2244" HPOS="759" CONTENT="או בשם „עץ הדעת״, כאשר נמצא בשאלוניק וערים אחרות."/></TextLine><TextLine ID="r1l41" BASELINE="2344" HEIGHT="52" WIDTH="1254" VPOS="2292" HPOS="279"><String ID="string_r1l41" HEIGHT="52" WIDTH="1254" VPOS="2292" HPOS="279" CONTENT="5) ה„דרהים״ (אחד אחוז מארבע מאות מאוקה= 1.280 קילוגראם), שוה קרוב"/></TextLine><TextLine ID="r1l42" BASELINE="2391" HEIGHT="54" WIDTH="1347" VPOS="2337" HPOS="280"><String ID="string_r1l42" HEIGHT="54" WIDTH="1347" VPOS="2337" HPOS="280" CONTENT="לשלשה ורביע גראם כסף בעת ההיא, או לחלק עשירי מגרוש (בימי שלטן אורכאן), נקרא בפי"/></TextLine><TextLine ID="r1l43" BASELINE="2435" HEIGHT="53" WIDTH="1351" VPOS="2382" HPOS="286"><String ID="string_r1l43" HEIGHT="53" WIDTH="1351" VPOS="2382" HPOS="286" CONTENT="היהודים „לבן&#34; (ראה Historie des Israelites מאת הרב משה שואב פאריז 1866 ע׳ 236),"/></TextLine><TextLine ID="r1l44" BASELINE="2485" HEIGHT="52" WIDTH="996" VPOS="2433" HPOS="639"><String ID="string_r1l44" HEIGHT="52" WIDTH="996" VPOS="2433" HPOS="639" CONTENT="ובפי התרכים אקג׳י והיונים כמו כן האברופיים— אספרו, פרושו לבן."/></TextLine></TextBlock></PrintSpace></Page></Layout></alto>