<?xml version="1.0" encoding="UTF-8"?><alto xmlns:xsi="http://www.w3.org/2001/XMLSchema-instance" xmlns="http://www.loc.gov/standards/alto/ns-v2#" xmlns:page="http://schema.primaresearch.org/PAGE/gts/pagecontent/2013-07-15" xsi:schemaLocation="http://schema.primaresearch.org/PAGE/gts/pagecontent/2013-07-15 http://schema.primaresearch.org/PAGE/gts/pagecontent/2013-07-15/pagecontent.xsd http://www.loc.gov/standards/alto/ns-v2# http://www.loc.gov/standards/alto/alto-v2.0.xsd"><Description><MeasurementUnit>pixel</MeasurementUnit></Description><Layout><Page ID="Page1" PHYSICAL_IMG_NR="1" HEIGHT="2601" WIDTH="1698"><TopMargin HEIGHT="0" WIDTH="1698" VPOS="0" HPOS="0"/><LeftMargin HEIGHT="2601" WIDTH="0" VPOS="0" HPOS="0"/><RightMargin HEIGHT="2601" WIDTH="0" VPOS="0" HPOS="1698"/><BottomMargin HEIGHT="0" WIDTH="1698" VPOS="2601" HPOS="0"/><PrintSpace HEIGHT="2601" WIDTH="1698" VPOS="0" HPOS="0"><TextBlock ID="r1" HEIGHT="2348" WIDTH="1363" VPOS="167" HPOS="165"><Shape><Polygon POINTS="165,167 165,2515 1528,2515 1528,167"/></Shape><TextLine ID="r1l2" BASELINE="212" HEIGHT="46" WIDTH="77" VPOS="166" HPOS="1441"><String ID="string_r1l2" HEIGHT="46" WIDTH="77" VPOS="166" HPOS="1441" CONTENT="10"/></TextLine><TextLine ID="r1l1" BASELINE="208" HEIGHT="46" WIDTH="400" VPOS="162" HPOS="651"><String ID="string_r1l1" HEIGHT="46" WIDTH="400" VPOS="162" HPOS="651" CONTENT="דברז ימי ישראל בתוגרמה"/></TextLine><TextLine ID="r1l3" BASELINE="330" HEIGHT="60" WIDTH="1335" VPOS="270" HPOS="188"><String ID="string_r1l3" HEIGHT="60" WIDTH="1335" VPOS="270" HPOS="188" CONTENT="ולאסוף מאמינים חדשים. הוא הלך אל בתי המסגד, או אסף את העם ברחובות קריה"/></TextLine><TextLine ID="r1l4" BASELINE="381" HEIGHT="50" WIDTH="1345" VPOS="331" HPOS="185"><String ID="string_r1l4" HEIGHT="50" WIDTH="1345" VPOS="331" HPOS="185" CONTENT="ויפרש לפניהם התקנות, וכה היו דבריו: „אנכי אשכון בביתך כבביתי, ואתה תקח"/></TextLine><TextLine ID="r1l5" BASELINE="436" HEIGHT="57" WIDTH="1342" VPOS="379" HPOS="184"><String ID="string_r1l5" HEIGHT="57" WIDTH="1342" VPOS="379" HPOS="184" CONTENT="מלבושי וכלי המלחמה אשר לי ועגלותי, כאשר גם אני אוכל לעשות עם כליך. זה "/></TextLine><TextLine ID="r1l6" BASELINE="493" HEIGHT="57" WIDTH="681" VPOS="436" HPOS="849"><String ID="string_r1l6" HEIGHT="57" WIDTH="681" VPOS="436" HPOS="849" CONTENT="הוא העיקר, רק הנשים לא תתחלפנה&#34; 16)."/></TextLine><TextLine ID="r1l7" BASELINE="547" HEIGHT="58" WIDTH="1249" VPOS="489" HPOS="173"><String ID="string_r1l7" HEIGHT="58" WIDTH="1249" VPOS="489" HPOS="173" CONTENT="שלטן מחמד שלח לנגדם את המושל בסארוכאן שישמאן הבן המומר למלך"/></TextLine><TextLine ID="r1l8" BASELINE="602" HEIGHT="56" WIDTH="1342" VPOS="546" HPOS="178"><String ID="string_r1l8" HEIGHT="56" WIDTH="1342" VPOS="546" HPOS="178" CONTENT="בולגאריה, אך הוא נגף לפני הדרוישים וימת במלחמה. המורדים בראותם את הנצחון"/></TextLine><TextLine ID="r1l9" BASELINE="658" HEIGHT="58" WIDTH="1339" VPOS="600" HPOS="179"><String ID="string_r1l9" HEIGHT="58" WIDTH="1339" VPOS="600" HPOS="179" CONTENT="הזה הוסיפו להתאמץ בדעותיהם ויבראו תקנות חדשות מתנגדות מכל וכל אל רוח"/></TextLine><TextLine ID="r1l10" BASELINE="714" HEIGHT="57" WIDTH="1337" VPOS="657" HPOS="184"><String ID="string_r1l10" HEIGHT="57" WIDTH="1337" VPOS="657" HPOS="184" CONTENT="הקיראן ודת האיסלאם ויותר קרובות אל דת הנוצרים. עלי-ביי המושל החדש מאיידין"/></TextLine><TextLine ID="r1l11" BASELINE="770" HEIGHT="57" WIDTH="1339" VPOS="713" HPOS="187"><String ID="string_r1l11" HEIGHT="57" WIDTH="1339" VPOS="713" HPOS="187" CONTENT="וסארוכן בראש אנשי חיל רבים הפקד לרוצץ ולהפיץ המורדים, אך גם הוא נגף"/></TextLine><TextLine ID="r1l12" BASELINE="832" HEIGHT="64" WIDTH="1345" VPOS="768" HPOS="183"><String ID="string_r1l12" HEIGHT="64" WIDTH="1345" VPOS="768" HPOS="183" CONTENT="לפניהם וברוב עמל יכול להמלט למאנניסיה. ויהי כאשר שמע השלטן כי חיליו הכו"/></TextLine><TextLine ID="r1l13" BASELINE="882" HEIGHT="57" WIDTH="1340" VPOS="825" HPOS="183"><String ID="string_r1l13" HEIGHT="57" WIDTH="1340" VPOS="825" HPOS="183" CONTENT="פעם ושתים לפני בני האמונה החדשה, קצף עד מאד ויגמור בדעתו ליסרם קשה,"/></TextLine><TextLine ID="r1l14" BASELINE="938" HEIGHT="57" WIDTH="1333" VPOS="881" HPOS="185"><String ID="string_r1l14" HEIGHT="57" WIDTH="1333" VPOS="881" HPOS="185" CONTENT="ויצו לאסוף כל חילות אברופה ואסיא תחת פקודת יורש העצר מוראד, אשר היה"/></TextLine><TextLine ID="r1l15" BASELINE="997" HEIGHT="61" WIDTH="1338" VPOS="936" HPOS="179"><String ID="string_r1l15" HEIGHT="61" WIDTH="1338" VPOS="936" HPOS="179" CONTENT="בעת ההיא בן שתים עשרה שנה, ובלוית הויזיר הגדול באיאזיד פאשה, ולעלות"/></TextLine><TextLine ID="r1l16" BASELINE="1047" HEIGHT="53" WIDTH="1352" VPOS="994" HPOS="174"><String ID="string_r1l16" HEIGHT="53" WIDTH="1352" VPOS="994" HPOS="174" CONTENT="למלחמה. שתי המערכות נפגשו אצל קארה-בורנו אשר בסביבות איזמיר."/></TextLine><TextLine ID="r1l17" BASELINE="1096" HEIGHT="51" WIDTH="1337" VPOS="1045" HPOS="187"><String ID="string_r1l17" HEIGHT="51" WIDTH="1337" VPOS="1045" HPOS="187" CONTENT="המורדים נגפו כלה וינוסו לכל רוח וראשם מוסטפה נתפס חי, ובכל אשר יסרו"/></TextLine><TextLine ID="r1l18" BASELINE="1157" HEIGHT="57" WIDTH="1342" VPOS="1100" HPOS="188"><String ID="string_r1l18" HEIGHT="57" WIDTH="1342" VPOS="1100" HPOS="188" CONTENT="אותו בכל מיני יסורים קשים למען ישוב לדת מוחמד, הוא לא כפר באמונתו"/></TextLine><TextLine ID="r1l19" BASELINE="1213" HEIGHT="48" WIDTH="343" VPOS="1165" HPOS="1180"><String ID="string_r1l19" HEIGHT="48" WIDTH="343" VPOS="1165" HPOS="1180" CONTENT="החדשה אף במקצת."/></TextLine><TextLine ID="r1l20" BASELINE="1271" HEIGHT="63" WIDTH="1234" VPOS="1208" HPOS="177"><String ID="string_r1l20" HEIGHT="63" WIDTH="1234" VPOS="1208" HPOS="177" CONTENT="המומר שמואל, אשר היה בראש הדרוישים אצל מאנניסיא, הכה לפני חיל השלטן"/></TextLine><TextLine ID="r1l21" BASELINE="1324" HEIGHT="61" WIDTH="1347" VPOS="1263" HPOS="177"><String ID="string_r1l21" HEIGHT="61" WIDTH="1347" VPOS="1263" HPOS="177" CONTENT="בסביבות העיר הזאת, אך לא יכול להמלט על נפשו כיתר חבריו, כי נתפש חי ויתלה"/></TextLine><TextLine ID="r1l22" BASELINE="1380" HEIGHT="62" WIDTH="1344" VPOS="1318" HPOS="175"><String ID="string_r1l22" HEIGHT="62" WIDTH="1344" VPOS="1318" HPOS="175" CONTENT="על עץ בעיר מולדתו, בידרידין. מיסד האמונה החדשה גם הוא נתפס, ויחלה על"/></TextLine><TextLine ID="r1l23" BASELINE="1437" HEIGHT="56" WIDTH="1343" VPOS="1381" HPOS="178"><String ID="string_r1l23" HEIGHT="56" WIDTH="1343" VPOS="1381" HPOS="178" CONTENT="עץ אצל העיר, שירון (סירים) באברופה. ככה ספה תמה העדה הרעה הזאת אשר"/></TextLine><TextLine ID="r1l24" BASELINE="1486" HEIGHT="50" WIDTH="713" VPOS="1436" HPOS="824"><String ID="string_r1l24" HEIGHT="50" WIDTH="713" VPOS="1436" HPOS="824" CONTENT="הרעישה ממשלת תרכיה יותר משנה אחת."/></TextLine><TextLine ID="r1l25" BASELINE="1550" HEIGHT="61" WIDTH="1256" VPOS="1489" HPOS="165"><String ID="string_r1l25" HEIGHT="61" WIDTH="1256" VPOS="1489" HPOS="165" CONTENT="אחרי אשר שקט מחוז הרומ&#34;יליא כבראשונה, רצה השלטן מחמד לשוב אל"/></TextLine><TextLine ID="r1l26" BASELINE="1607" HEIGHT="62" WIDTH="1349" VPOS="1545" HPOS="170"><String ID="string_r1l26" HEIGHT="62" WIDTH="1349" VPOS="1545" HPOS="170" CONTENT="מחוזותיו באסיא בעברו דרך הבוספ'ורוס. המלך היוני עמנואל, אשר היה בברית שלום"/></TextLine><TextLine ID="r1l27" BASELINE="1664" HEIGHT="64" WIDTH="1359" VPOS="1600" HPOS="162"><String ID="string_r1l27" HEIGHT="64" WIDTH="1359" VPOS="1600" HPOS="162" CONTENT="בעת ההיא עם התרכים, נתרצה לשאלת השלטן וישלח לקראתו שלשה שרים בלוית"/></TextLine><TextLine ID="r1l28" BASELINE="1716" HEIGHT="59" WIDTH="1357" VPOS="1657" HPOS="163"><String ID="string_r1l28" HEIGHT="59" WIDTH="1357" VPOS="1657" HPOS="163" CONTENT="ארכונותים (מאגיסטרים) רבים, וביניהם היה היהודי יצחק חזן, אשר קבלו"/></TextLine><TextLine ID="r1l29" BASELINE="1771" HEIGHT="58" WIDTH="1360" VPOS="1713" HPOS="167"><String ID="string_r1l29" HEIGHT="58" WIDTH="1360" VPOS="1713" HPOS="167" CONTENT="אותו ויביאוהו עד שפת לשון הים הבוספורוס, ומשם העבירוהו באנית שיט בלוית המלך"/></TextLine><TextLine ID="r1l30" BASELINE="1827" HEIGHT="56" WIDTH="1350" VPOS="1771" HPOS="173"><String ID="string_r1l30" HEIGHT="56" WIDTH="1350" VPOS="1771" HPOS="173" CONTENT="עמנואל ובנו יורש העצר אל מול השפה האסיאתית (ק&#34;פ 1420). השלטן מחמד מת שנה"/></TextLine><TextLine ID="r1l31" BASELINE="1884" HEIGHT="56" WIDTH="948" VPOS="1828" HPOS="572"><String ID="string_r1l31" HEIGHT="56" WIDTH="948" VPOS="1828" HPOS="572" CONTENT="אחת אחרי כן בעזבו המלוכה לבנו שלטן מוראד (קפ&#34;א 1421)."/></TextLine><TextLine ID="r1l32" BASELINE="1940" HEIGHT="58" WIDTH="1249" VPOS="1882" HPOS="166"><String ID="string_r1l32" HEIGHT="58" WIDTH="1249" VPOS="1882" HPOS="166" CONTENT="השלטן מוראד ב' בעלותו על כסא המלוכה היה בן שמונה עשרה שנה,"/></TextLine><TextLine ID="r1l33" BASELINE="1995" HEIGHT="58" WIDTH="1355" VPOS="1937" HPOS="162"><String ID="string_r1l33" HEIGHT="58" WIDTH="1355" VPOS="1937" HPOS="162" CONTENT="ובכל זאת היה אמיץ לב, גבור מלחמות וחכם מדיני עד אשר הפליא לעשות להגדיל"/></TextLine><TextLine ID="r1l34" BASELINE="2044" HEIGHT="49" WIDTH="1352" VPOS="1995" HPOS="161"><String ID="string_r1l34" HEIGHT="49" WIDTH="1352" VPOS="1995" HPOS="161" CONTENT="ולהרחיב ארצותיו ככל אבותיו אשר מלכו לפניו. בראשית מלכו יסד חיל צבא חדש"/></TextLine><TextLine ID="r1l35" BASELINE="2107" HEIGHT="54" WIDTH="1352" VPOS="2053" HPOS="163"><String ID="string_r1l35" HEIGHT="54" WIDTH="1352" VPOS="2053" HPOS="163" CONTENT="הנקרא גוריבה 17) מאנשי חיל מתנדבים אשר לא מבני דת מחמד וביניהם נמצאו גם"/></TextLine><TextLine ID="r1l36" BASELINE="2158" HEIGHT="53" WIDTH="1354" VPOS="2105" HPOS="156"><String ID="string_r1l36" HEIGHT="53" WIDTH="1354" VPOS="2105" HPOS="156" CONTENT="יהודים רבים. עליהם ידבר אחד הסופרים כדברים האלה: „בכל עת ועוד לפני מאות"/></TextLine><TextLine ID="r1l37" BASELINE="2219" HEIGHT="57" WIDTH="1357" VPOS="2162" HPOS="161"><String ID="string_r1l37" HEIGHT="57" WIDTH="1357" VPOS="2162" HPOS="161" CONTENT="בשנים כבר נלחמו במערכות יהודי תרכיה ויקריבו הון רב להצלחת ממשלת קיסרות"/></TextLine><TextLine ID="r1l38" BASELINE="2275" HEIGHT="56" WIDTH="1349" VPOS="2219" HPOS="170"><String ID="string_r1l38" HEIGHT="56" WIDTH="1349" VPOS="2219" HPOS="170" CONTENT="עשמאן באברופה, כי תחת האדנות הזאת הם היו תמיד בטוחים כי יוכלו לעבוד"/></TextLine><TextLine ID="r1l39" BASELINE="2368" HEIGHT="55" WIDTH="1270" VPOS="2313" HPOS="161"><String ID="string_r1l39" HEIGHT="55" WIDTH="1270" VPOS="2313" HPOS="161" CONTENT="16) Tnrquie הנ&#34;ל דף נ&#34;ב-נ&#34;ג. רוב הדברים הנוגעים למומר שמואל נמצאים אצל"/></TextLine><TextLine ID="r1l40" BASELINE="2417" HEIGHT="54" WIDTH="770" VPOS="2363" HPOS="746"><String ID="string_r1l40" HEIGHT="54" WIDTH="770" VPOS="2363" HPOS="746" CONTENT="Hammer קורות תוגרמה חלק א׳ דף קפ״א-קפ&#34;ב."/></TextLine><TextLine ID="r1l41" BASELINE="2464" HEIGHT="58" WIDTH="1252" VPOS="2406" HPOS="157"><String ID="string_r1l41" HEIGHT="58" WIDTH="1252" VPOS="2406" HPOS="157" CONTENT="17) Turquie חנ&#34;ל, פרק .VIII דף ס&#34;ח, „גוריבה&#34; ענינו: זרים, לאסר חיל זרים"/></TextLine><TextLine ID="r1l42" BASELINE="2512" HEIGHT="45" WIDTH="215" VPOS="2467" HPOS="1304"><String ID="string_r1l42" HEIGHT="45" WIDTH="215" VPOS="2467" HPOS="1304" CONTENT="לדת מחמד."/></TextLine></TextBlock></PrintSpace></Page></Layout></alto>