<?xml version="1.0" encoding="UTF-8"?><alto xmlns:xsi="http://www.w3.org/2001/XMLSchema-instance" xmlns="http://www.loc.gov/standards/alto/ns-v2#" xmlns:page="http://schema.primaresearch.org/PAGE/gts/pagecontent/2013-07-15" xsi:schemaLocation="http://schema.primaresearch.org/PAGE/gts/pagecontent/2013-07-15 http://schema.primaresearch.org/PAGE/gts/pagecontent/2013-07-15/pagecontent.xsd http://www.loc.gov/standards/alto/ns-v2# http://www.loc.gov/standards/alto/alto-v2.0.xsd"><Description><MeasurementUnit>pixel</MeasurementUnit></Description><Layout><Page ID="Page1" PHYSICAL_IMG_NR="1" HEIGHT="2605" WIDTH="1677"><TopMargin HEIGHT="0" WIDTH="1677" VPOS="0" HPOS="0"/><LeftMargin HEIGHT="2605" WIDTH="0" VPOS="0" HPOS="0"/><RightMargin HEIGHT="2605" WIDTH="0" VPOS="0" HPOS="1677"/><BottomMargin HEIGHT="0" WIDTH="1677" VPOS="2605" HPOS="0"/><PrintSpace HEIGHT="2605" WIDTH="1677" VPOS="0" HPOS="0"><TextBlock ID="r1" HEIGHT="2295" WIDTH="1373" VPOS="181" HPOS="129"><Shape><Polygon POINTS="129,181 129,2476 1502,2476 1502,181"/></Shape><TextLine ID="r1l2" BASELINE="212" HEIGHT="42" WIDTH="538" VPOS="170" HPOS="561"><String ID="string_r1l2" HEIGHT="42" WIDTH="538" VPOS="170" HPOS="561" CONTENT="היהודים תחת ממשלת מחמד ב׳"/></TextLine><TextLine ID="r1l1" BASELINE="212" HEIGHT="43" WIDTH="87" VPOS="169" HPOS="156"><String ID="string_r1l1" HEIGHT="43" WIDTH="87" VPOS="169" HPOS="156" CONTENT="35"/></TextLine><TextLine ID="r1l5" BASELINE="330" HEIGHT="56" WIDTH="1250" VPOS="274" HPOS="155"><String ID="string_r1l5" HEIGHT="56" WIDTH="1250" VPOS="274" HPOS="155" CONTENT="„ובשנת הרל&#34;ו (צ&#34;ל הרכ״א 1461) עלה מלך האדיר זוכא זאן (צ&#34;ל אוזון-אזאן"/></TextLine><TextLine ID="r1l6" BASELINE="392" HEIGHT="65" WIDTH="1345" VPOS="327" HPOS="161"><String ID="string_r1l6" HEIGHT="65" WIDTH="1345" VPOS="327" HPOS="161" CONTENT="או חאסאן) והוא הנקרא היום שופי, ויבא בעם כבד וביד חזקה להלחם נגד"/></TextLine><TextLine ID="r1l7" BASELINE="441" HEIGHT="51" WIDTH="1354" VPOS="390" HPOS="152"><String ID="string_r1l7" HEIGHT="51" WIDTH="1354" VPOS="390" HPOS="152" CONTENT="התוגר וכו' ויהי כשמוע כל המלכים אשר היו כבושים תחת יד האדון כי זוכא זאן"/></TextLine><TextLine ID="r1l8" BASELINE="503" HEIGHT="57" WIDTH="1352" VPOS="446" HPOS="157"><String ID="string_r1l8" HEIGHT="57" WIDTH="1352" VPOS="446" HPOS="157" CONTENT="(צ&#34;ל אוזון-חאסאן) יורד עליו למלחמה, שמחו כשמחת קציר, ויאמרו עתה יספה מחמיט"/></TextLine><TextLine ID="r1l9" BASELINE="553" HEIGHT="58" WIDTH="1344" VPOS="495" HPOS="152"><String ID="string_r1l9" HEIGHT="58" WIDTH="1344" VPOS="495" HPOS="152" CONTENT="צ&#34;ל מחמד) בידו ולא יעצר כח נגדו, כאשר עשה לנו כן שלם לו אלהים, זה היום"/></TextLine><TextLine ID="r1l10" BASELINE="611" HEIGHT="61" WIDTH="1359" VPOS="550" HPOS="152"><String ID="string_r1l10" HEIGHT="61" WIDTH="1359" VPOS="550" HPOS="152" CONTENT="(שקוינוהו מצאנו ראינו, ויתנו כתף סוררת לתוגרמים, פעם בסתר פעם בגלוי, ויקלו"/></TextLine><TextLine ID="r1l11" BASELINE="665" HEIGHT="59" WIDTH="1346" VPOS="606" HPOS="156"><String ID="string_r1l11" HEIGHT="59" WIDTH="1346" VPOS="606" HPOS="156" CONTENT="במוראם אחת הנה ואחת הנה, ומכללם האדון של ולאכיה הקטנה, כי שני מלכי"/></TextLine><TextLine ID="r1l12" BASELINE="719" HEIGHT="57" WIDTH="1357" VPOS="662" HPOS="153"><String ID="string_r1l12" HEIGHT="57" WIDTH="1357" VPOS="662" HPOS="153" CONTENT="ולאכיה הם, של ולאכיה הגדולה ושל ולאכיה הקטנה, אך של ולאכיה הקטנה, עם היות"/></TextLine><TextLine ID="r1l13" BASELINE="774" HEIGHT="53" WIDTH="1343" VPOS="721" HPOS="155"><String ID="string_r1l13" HEIGHT="53" WIDTH="1343" VPOS="721" HPOS="155" CONTENT="ארצו עיר קטנה ואנשים בה מעט, כלם גבורים ושוכנים בהרים ובגיאיות, ומי ערב"/></TextLine><TextLine ID="r1l14" BASELINE="829" HEIGHT="57" WIDTH="1345" VPOS="772" HPOS="162"><String ID="string_r1l14" HEIGHT="57" WIDTH="1345" VPOS="772" HPOS="162" CONTENT="את לבו לנשת אליהם? וכשמוע כי זובא זאן (צ&#34;ל אוזון-חאסאן) בא נגד אדוניו שולטאן"/></TextLine><TextLine ID="r1l15" BASELINE="882" HEIGHT="53" WIDTH="1342" VPOS="829" HPOS="162"><String ID="string_r1l15" HEIGHT="53" WIDTH="1342" VPOS="829" HPOS="162" CONTENT="מחמיט, חשב מחשבות ועשתונות משתנות, ותחת יד השליך מוראו וסובלו מעל שכמו"/></TextLine><TextLine ID="r1l16" BASELINE="933" HEIGHT="52" WIDTH="1059" VPOS="881" HPOS="436"><String ID="string_r1l16" HEIGHT="52" WIDTH="1059" VPOS="881" HPOS="436" CONTENT="יסור, אך לא בפרסו כי אם בהחבא, מכסה טפח ומגלה טפחיים״."/></TextLine><TextLine ID="r1l17" BASELINE="987" HEIGHT="55" WIDTH="1240" VPOS="932" HPOS="156"><String ID="string_r1l17" HEIGHT="55" WIDTH="1240" VPOS="932" HPOS="156" CONTENT="„בימים ההם נמצאו יהודים סוחרים אשר הלכו סחור ארץ ולאכיה להסתתר."/></TextLine><TextLine ID="r1l18" BASELINE="1044" HEIGHT="56" WIDTH="1358" VPOS="988" HPOS="146"><String ID="string_r1l18" HEIGHT="56" WIDTH="1358" VPOS="988" HPOS="146" CONTENT="ויצו מלך ולאכיה ויאסור אותם במשמר שלשת ימים. ביום השלישי בהיותם כואבים"/></TextLine><TextLine ID="r1l19" BASELINE="1101" HEIGHT="57" WIDTH="1358" VPOS="1044" HPOS="143"><String ID="string_r1l19" HEIGHT="57" WIDTH="1358" VPOS="1044" HPOS="143" CONTENT="צוה המלך ויביאום לפניו, וידבר אתם קשות לתת לו כל אחד פדיון נפשו אלף כסף,"/></TextLine><TextLine ID="r1l20" BASELINE="1155" HEIGHT="57" WIDTH="1357" VPOS="1098" HPOS="140"><String ID="string_r1l20" HEIGHT="57" WIDTH="1357" VPOS="1098" HPOS="140" CONTENT="ואם אין, ינקור להם כל עין ימין, כפשוטו לא כדרך הדרש, וישימהו חרפה על כל"/></TextLine><TextLine ID="r1l21" BASELINE="1212" HEIGHT="58" WIDTH="1355" VPOS="1154" HPOS="144"><String ID="string_r1l21" HEIGHT="58" WIDTH="1355" VPOS="1154" HPOS="144" CONTENT="ישראל. ויענו אליו: עבדי התוגר אנחנו, למה תקח אותנו ואת ממוננו לעבדים? ויזעקו"/></TextLine><TextLine ID="r1l22" BASELINE="1266" HEIGHT="57" WIDTH="1354" VPOS="1209" HPOS="143"><String ID="string_r1l22" HEIGHT="57" WIDTH="1354" VPOS="1209" HPOS="143" CONTENT="אליו: הושיעה אדונינו המלך! ואין קול ואין עונה ואין קשב. בכל זאת לא שב מלך"/></TextLine><TextLine ID="r1l23" BASELINE="1321" HEIGHT="59" WIDTH="1357" VPOS="1262" HPOS="148"><String ID="string_r1l23" HEIGHT="59" WIDTH="1357" VPOS="1262" HPOS="148" CONTENT="ולאכיה מדרכו הרעה, עשה אשר זמם וינאץ בזעם אפו מלך ושרים, ולקח להם כל"/></TextLine><TextLine ID="r1l24" BASELINE="1373" HEIGHT="57" WIDTH="1351" VPOS="1316" HPOS="150"><String ID="string_r1l24" HEIGHT="57" WIDTH="1351" VPOS="1316" HPOS="150" CONTENT="ממונם תחת פדיון נפשם, ואשר אין לו כסף, נקר את אזנו או קצה את כפו, כמשמעו"/></TextLine><TextLine ID="r1l25" BASELINE="1428" HEIGHT="60" WIDTH="1348" VPOS="1368" HPOS="149"><String ID="string_r1l25" HEIGHT="60" WIDTH="1348" VPOS="1368" HPOS="149" CONTENT="לא כפירושו, ויעש בהם שפטים. ויודע הדבר ליהודים אשר בקושטנדינא, וירוצו לקראת"/></TextLine><TextLine ID="r1l26" BASELINE="1477" HEIGHT="57" WIDTH="1357" VPOS="1420" HPOS="144"><String ID="string_r1l26" HEIGHT="57" WIDTH="1357" VPOS="1420" HPOS="144" CONTENT="האדון וילכו ויעמדו למלך על הדרך ויתחפשו באפר ויתנו עפר על ראשיהם השמימה."/></TextLine><TextLine ID="r1l27" BASELINE="1536" HEIGHT="59" WIDTH="1357" VPOS="1477" HPOS="147"><String ID="string_r1l27" HEIGHT="59" WIDTH="1357" VPOS="1477" HPOS="147" CONTENT="ויהי המלך עובר והם צעקו אל המלך: הושיעה, אדוני המלך! עבדיך אנחנו ולך"/></TextLine><TextLine ID="r1l28" BASELINE="1589" HEIGHT="55" WIDTH="1360" VPOS="1534" HPOS="138"><String ID="string_r1l28" HEIGHT="55" WIDTH="1360" VPOS="1534" HPOS="138" CONTENT="אנחנו וכל אשר לנו, מה שקנה העבד קנה רבו, למה יקח אותנו מלך ולאכיה ואת"/></TextLine><TextLine ID="r1l29" BASELINE="1644" HEIGHT="55" WIDTH="1353" VPOS="1589" HPOS="142"><String ID="string_r1l29" HEIGHT="55" WIDTH="1353" VPOS="1589" HPOS="142" CONTENT="ממוננו לעבדים ? ויאמר המלך: בתת ה' את אוזון חאסאן בידי ודשתי את בשר ולאכו"/></TextLine><TextLine ID="r1l30" BASELINE="1705" HEIGHT="55" WIDTH="738" VPOS="1650" HPOS="758"><String ID="string_r1l30" HEIGHT="55" WIDTH="738" VPOS="1650" HPOS="758" CONTENT="(צ&#34;ל ולאדו) את קוצי המדבר ואת הברקנים״."/></TextLine><TextLine ID="r1l31" BASELINE="1762" HEIGHT="57" WIDTH="1267" VPOS="1705" HPOS="134"><String ID="string_r1l31" HEIGHT="57" WIDTH="1267" VPOS="1705" HPOS="134" CONTENT="נסיך או מלך ולאכיה בעת ההיא היה ולאד החמישי, איש אכזרי ורע"/></TextLine><TextLine ID="r1l32" BASELINE="1819" HEIGHT="57" WIDTH="1360" VPOS="1762" HPOS="130"><String ID="string_r1l32" HEIGHT="57" WIDTH="1360" VPOS="1762" HPOS="130" CONTENT="מעללים אשר כרת ברית עם ההונגרים אויבי תוגרמה. לשמע זאת צוה השלטן על מושל"/></TextLine><TextLine ID="r1l33" BASELINE="1875" HEIGHT="57" WIDTH="1362" VPOS="1818" HPOS="131"><String ID="string_r1l33" HEIGHT="57" WIDTH="1362" VPOS="1818" HPOS="131" CONTENT="וידין טשארקארשי חמוה-פחה לתפוס את הנסיך המורד בחזקה או בערמה; אך"/></TextLine><TextLine ID="r1l34" BASELINE="1929" HEIGHT="56" WIDTH="1362" VPOS="1873" HPOS="132"><String ID="string_r1l34" HEIGHT="56" WIDTH="1362" VPOS="1873" HPOS="132" CONTENT="הפחה ועוזרו המומר היוני קאתאבולינום נפלו בעצמם בפח אשר הכינו ונתלו"/></TextLine><TextLine ID="r1l35" BASELINE="1986" HEIGHT="58" WIDTH="1371" VPOS="1928" HPOS="126"><String ID="string_r1l35" HEIGHT="58" WIDTH="1371" VPOS="1928" HPOS="126" CONTENT="על עץ. אחרי כן עבר ולאד את נהר דאנוב ויבא לבולגאריה, ואחרי שרפו את הערים"/></TextLine><TextLine ID="r1l36" BASELINE="2041" HEIGHT="56" WIDTH="1365" VPOS="1985" HPOS="124"><String ID="string_r1l36" HEIGHT="56" WIDTH="1365" VPOS="1985" HPOS="124" CONTENT="והכפרים אשר עמדו על דרכו, משך אחריו חמשה ועשרים אלף שבוים תרכים בולגרים"/></TextLine><TextLine ID="r1l37" BASELINE="2098" HEIGHT="55" WIDTH="616" VPOS="2043" HPOS="872"><String ID="string_r1l37" HEIGHT="55" WIDTH="616" VPOS="2043" HPOS="872" CONTENT="ויהודים ויתלם על עץ בתוך היער 31)."/></TextLine><TextLine ID="r1l38" BASELINE="2203" HEIGHT="54" WIDTH="1362" VPOS="2149" HPOS="121"><String ID="string_r1l38" HEIGHT="54" WIDTH="1362" VPOS="2149" HPOS="121" CONTENT="ריחוק הדרך והזמנים, או כי מעתיקי הכ&#34;י טעו בעצמם. פה שנת רל&#34;ו צ״ל רכ״א או ר&#34;ך, כי"/></TextLine><TextLine ID="r1l39" BASELINE="2249" HEIGHT="54" WIDTH="1355" VPOS="2195" HPOS="128"><String ID="string_r1l39" HEIGHT="54" WIDTH="1355" VPOS="2195" HPOS="128" CONTENT="בשנת רכ״א בא שולטן מחמד בעצמו לולאכיאה ויגרש את הנסיך ולאדו מפניו. גם שם הנסיך"/></TextLine><TextLine ID="r1l40" BASELINE="2294" HEIGHT="45" WIDTH="1346" VPOS="2249" HPOS="132"><String ID="string_r1l40" HEIGHT="45" WIDTH="1346" VPOS="2249" HPOS="132" CONTENT="התרכמני המובא בכ&#34;י ונדפס זוכא זאן אין לו שחר, וכנראה הוא השחתת השם אוזון אזאן"/></TextLine><TextLine ID="r1l41" BASELINE="2342" HEIGHT="55" WIDTH="1364" VPOS="2287" HPOS="126"><String ID="string_r1l41" HEIGHT="55" WIDTH="1364" VPOS="2287" HPOS="126" CONTENT="או חאסאן הארוך, שופי או סופי הוא שם התואר ליורשי אוזון האסאן ממשפחת הטלה הלבן"/></TextLine><TextLine ID="r1l42" BASELINE="2388" HEIGHT="54" WIDTH="1221" VPOS="2334" HPOS="261"><String ID="string_r1l42" HEIGHT="54" WIDTH="1221" VPOS="2334" HPOS="261" CONTENT="אשר מלכו בפרס על שם המלך הראשון אשר מלך בשנת רס״א, שאך-איסמעיל-סופי."/></TextLine><TextLine ID="r1l43" BASELINE="2435" HEIGHT="53" WIDTH="1255" VPOS="2382" HPOS="126"><String ID="string_r1l43" HEIGHT="53" WIDTH="1255" VPOS="2382" HPOS="126" CONTENT="VaiIlant (31 בספרו La Romanie ספר א' דף 248, וכן הספר הרומני"/></TextLine><TextLine ID="r1l44" BASELINE="2485" HEIGHT="59" WIDTH="1370" VPOS="2426" HPOS="121"><String ID="string_r1l44" HEIGHT="59" WIDTH="1370" VPOS="2426" HPOS="121" CONTENT="קוגל ניפשאנא בספרו ע&#34;פ מקורי Engel, Bonfin וכרוניקה סכסונית משנת רל&#34;ז (1477)"/></TextLine></TextBlock></PrintSpace></Page></Layout></alto>