<?xml version="1.0" encoding="UTF-8"?><alto xmlns:xsi="http://www.w3.org/2001/XMLSchema-instance" xmlns="http://www.loc.gov/standards/alto/ns-v2#" xmlns:page="http://schema.primaresearch.org/PAGE/gts/pagecontent/2013-07-15" xsi:schemaLocation="http://schema.primaresearch.org/PAGE/gts/pagecontent/2013-07-15 http://schema.primaresearch.org/PAGE/gts/pagecontent/2013-07-15/pagecontent.xsd http://www.loc.gov/standards/alto/ns-v2# http://www.loc.gov/standards/alto/alto-v2.0.xsd"><Description><MeasurementUnit>pixel</MeasurementUnit></Description><Layout><Page ID="Page1" PHYSICAL_IMG_NR="1" HEIGHT="2603" WIDTH="1674"><TopMargin HEIGHT="0" WIDTH="1674" VPOS="0" HPOS="0"/><LeftMargin HEIGHT="2603" WIDTH="0" VPOS="0" HPOS="0"/><RightMargin HEIGHT="2603" WIDTH="0" VPOS="0" HPOS="1674"/><BottomMargin HEIGHT="0" WIDTH="1674" VPOS="2603" HPOS="0"/><PrintSpace HEIGHT="2603" WIDTH="1674" VPOS="0" HPOS="0"><TextBlock ID="r1" HEIGHT="2327" WIDTH="1469" VPOS="120" HPOS="128"><Shape><Polygon POINTS="128,120 128,2447 1597,2447 1597,120"/></Shape><TextLine ID="r1l1" BASELINE="157" HEIGHT="44" WIDTH="328" VPOS="113" HPOS="660"><String ID="string_r1l1" HEIGHT="44" WIDTH="328" VPOS="113" HPOS="660" CONTENT="השלטנים הראשונים"/></TextLine><TextLine ID="r1l2" BASELINE="155" HEIGHT="41" WIDTH="70" VPOS="114" HPOS="157"><String ID="string_r1l2" HEIGHT="41" WIDTH="70" VPOS="114" HPOS="157" CONTENT="15"/></TextLine><TextLine ID="r1l4" BASELINE="278" HEIGHT="64" WIDTH="1341" VPOS="214" HPOS="150"><String ID="string_r1l4" HEIGHT="64" WIDTH="1341" VPOS="214" HPOS="150" CONTENT="ורב מובהק לרבנים וחסיד מופלג, היה מלמד את בני הקראים מכל למוד שבקשו ממנו,"/></TextLine><TextLine ID="r1l5" BASELINE="335" HEIGHT="64" WIDTH="1342" VPOS="271" HPOS="150"><String ID="string_r1l5" HEIGHT="64" WIDTH="1342" VPOS="271" HPOS="150" CONTENT="בין התלמוד בין הפוסקים, בין רש&#34;י בין פשט התורה, בין החכמות (החיצוניות), ולא"/></TextLine><TextLine ID="r1l6" BASELINE="391" HEIGHT="48" WIDTH="441" VPOS="343" HPOS="1055"><String ID="string_r1l6" HEIGHT="48" WIDTH="441" VPOS="343" HPOS="1055" CONTENT="היה שום פקפוק בדבר 23)."/></TextLine><TextLine ID="r1l7" BASELINE="446" HEIGHT="63" WIDTH="1239" VPOS="383" HPOS="147"><String ID="string_r1l7" HEIGHT="63" WIDTH="1239" VPOS="383" HPOS="147" CONTENT="קרוב לימים ההם נמלטו לתוגרמה שני בחורים מאשכנז ר׳ קלמן ור' דוד,"/></TextLine><TextLine ID="r1l8" BASELINE="497" HEIGHT="58" WIDTH="1346" VPOS="439" HPOS="142"><String ID="string_r1l8" HEIGHT="58" WIDTH="1346" VPOS="439" HPOS="142" CONTENT="ויבואו לעיר הבירה אנדרינופלא, ובראותם כי הארץ טובה ורחבת ידים לפניהם, ארץ"/></TextLine><TextLine ID="r1l9" BASELINE="550" HEIGHT="55" WIDTH="1339" VPOS="495" HPOS="155"><String ID="string_r1l9" HEIGHT="55" WIDTH="1339" VPOS="495" HPOS="155" CONTENT="אשר לא תחסר כל בה, ויאמרו: לוא ידעו אחינו זאת היו משימים נפשם בכפם... לאמר"/></TextLine><TextLine ID="r1l10" BASELINE="608" HEIGHT="55" WIDTH="1341" VPOS="553" HPOS="146"><String ID="string_r1l10" HEIGHT="55" WIDTH="1341" VPOS="553" HPOS="146" CONTENT="טוב מלא כף נחת ממלוא חפנים עמל ורעות רוח, והיו מניחים ארץ העמים, ארץ ציה"/></TextLine><TextLine ID="r1l11" BASELINE="665" HEIGHT="59" WIDTH="1349" VPOS="606" HPOS="138"><String ID="string_r1l11" HEIGHT="59" WIDTH="1349" VPOS="606" HPOS="138" CONTENT="וצלמות, לבוא אל ארץ החיים. ויבואו שני הנודדים האלה אל הרב ר׳ יצחק צרפתי,"/></TextLine><TextLine ID="r1l12" BASELINE="721" HEIGHT="60" WIDTH="1353" VPOS="661" HPOS="133"><String ID="string_r1l12" HEIGHT="60" WIDTH="1353" VPOS="661" HPOS="133" CONTENT="ויבקשוהו כי יערוך קול קורא „אל קהילות הקדש היהודים הנמצאים באשכנז, להודיע"/></TextLine><TextLine ID="r1l13" BASELINE="775" HEIGHT="57" WIDTH="1344" VPOS="718" HPOS="142"><String ID="string_r1l13" HEIGHT="57" WIDTH="1344" VPOS="718" HPOS="142" CONTENT="להם מיטב ארץ תוגרמה ויתרון מלכות ישמעאל&#34;, וכן היה כי ר׳ יצחק כתב האגרת"/></TextLine><TextLine ID="r1l14" BASELINE="830" HEIGHT="58" WIDTH="1349" VPOS="772" HPOS="139"><String ID="string_r1l14" HEIGHT="58" WIDTH="1349" VPOS="772" HPOS="139" CONTENT="הזאת „אל קהלות הקדש היהודים הנמצאים באשכנז השוכנים בערי שובאן, רינום,"/></TextLine><TextLine ID="r1l15" BASELINE="879" HEIGHT="47" WIDTH="479" VPOS="832" HPOS="1018"><String ID="string_r1l15" HEIGHT="47" WIDTH="479" VPOS="832" HPOS="1018" CONTENT="שטיירמארק, מרין ואוגנריא״:"/></TextLine><TextLine ID="r1l16" BASELINE="929" HEIGHT="51" WIDTH="1244" VPOS="878" HPOS="136"><String ID="string_r1l16" HEIGHT="51" WIDTH="1244" VPOS="878" HPOS="136" CONTENT="„ספרו לי כל התלאות אשר מצאו ומוצאים מר ממות את אחינו בני ישראל"/></TextLine><TextLine ID="r1l17" BASELINE="990" HEIGHT="55" WIDTH="1342" VPOS="935" HPOS="145"><String ID="string_r1l17" HEIGHT="55" WIDTH="1342" VPOS="935" HPOS="145" CONTENT="היושבים באשכנז, והגזרות והקדושין והגרושין הנעשים בכל יום, ממקום למקום ומעיר"/></TextLine><TextLine ID="r1l18" BASELINE="1048" HEIGHT="58" WIDTH="1344" VPOS="990" HPOS="147"><String ID="string_r1l18" HEIGHT="58" WIDTH="1344" VPOS="990" HPOS="147" CONTENT="לעיר, ואין לדבר סוף... קול ענות אנכי שומע, גוי עריץ על גבי שומר אמונים יהפוך"/></TextLine><TextLine ID="line_1553461576425_554" BASELINE="1104" HEIGHT="58" WIDTH="1332" VPOS="1046" HPOS="151"><String ID="string_line_1553461576425_554" HEIGHT="58" WIDTH="1332" VPOS="1046" HPOS="151" CONTENT="ידו כל היום... וי מביתא וי מברא ! יוצאים עלינו באוכלוסין חדשים לבקרים חקים"/></TextLine><TextLine ID="r1l21" BASELINE="1161" HEIGHT="59" WIDTH="1346" VPOS="1102" HPOS="144"><String ID="string_r1l21" HEIGHT="59" WIDTH="1346" VPOS="1102" HPOS="144" CONTENT="ונמוסים ומשימים עלינו... קול גדול ולא יסף, קלא דלא פסיק, דחיק ואתא מרחיק,"/></TextLine><TextLine ID="r1l22" BASELINE="1215" HEIGHT="56" WIDTH="1348" VPOS="1159" HPOS="145"><String ID="string_r1l22" HEIGHT="56" WIDTH="1348" VPOS="1159" HPOS="145" CONTENT="קול המונה של רומי... על אחינו אנשי גלותינו היושבים באשכנז ובאיטליה של רומי,"/></TextLine><TextLine ID="r1l23" BASELINE="1273" HEIGHT="57" WIDTH="1339" VPOS="1216" HPOS="148"><String ID="string_r1l23" HEIGHT="57" WIDTH="1339" VPOS="1216" HPOS="148" CONTENT="איך קמו עליהם כהני הקתולים הכהנים חרדו ויצעקו צעקה גדולה ומרה, ובקשו להפוך"/></TextLine><TextLine ID="r1l24" BASELINE="1328" HEIGHT="56" WIDTH="1354" VPOS="1272" HPOS="139"><String ID="string_r1l24" HEIGHT="56" WIDTH="1354" VPOS="1272" HPOS="139" CONTENT="הקערה, אמרו נספה עלימו רעות... ושם ישראל לא יזכר עוד. אלה הם הנשרפים בבית"/></TextLine><TextLine ID="r1l25" BASELINE="1393" HEIGHT="72" WIDTH="1349" VPOS="1321" HPOS="141"><String ID="string_r1l25" HEIGHT="72" WIDTH="1349" VPOS="1321" HPOS="141" CONTENT="המוקד... קול מגיד מדן... השמיעו על ירושלים, קתולים באים מארץ מרחק, כדי הם"/></TextLine><TextLine ID="r1l26" BASELINE="1438" HEIGHT="71" WIDTH="1343" VPOS="1367" HPOS="147"><String ID="string_r1l26" HEIGHT="71" WIDTH="1343" VPOS="1367" HPOS="147" CONTENT="לסמוך עליהם בשעת הדחק, ועליהם יניעו ראש... אבדה האמונה... היהודים קנו"/></TextLine><TextLine ID="r1l27" BASELINE="1494" HEIGHT="57" WIDTH="1354" VPOS="1437" HPOS="135"><String ID="string_r1l27" HEIGHT="57" WIDTH="1354" VPOS="1437" HPOS="135" CONTENT="הר בית ציון, הבית והאפריון... עכשו נגזרה גזירה לנזירה ואינם מניחים שום יהודי לעבור,"/></TextLine><TextLine ID="r1l28" BASELINE="1550" HEIGHT="57" WIDTH="1344" VPOS="1493" HPOS="143"><String ID="string_r1l28" HEIGHT="57" WIDTH="1344" VPOS="1493" HPOS="143" CONTENT="ונבוכים הם בארץ, סגר עליהם הים ... קול מלחמה במחנה, ירשיע אל כל אשר יפנה"/></TextLine><TextLine ID="r1l29" BASELINE="1602" HEIGHT="54" WIDTH="1351" VPOS="1548" HPOS="134"><String ID="string_r1l29" HEIGHT="54" WIDTH="1351" VPOS="1548" HPOS="134" CONTENT="להשמיד להרוג ולאבד את כל היהודים... הנמצאים באדום וברומי, אכן גזרו כלא"/></TextLine><TextLine ID="r1l30" BASELINE="1657" HEIGHT="54" WIDTH="1353" VPOS="1603" HPOS="139"><String ID="string_r1l30" HEIGHT="54" WIDTH="1353" VPOS="1603" HPOS="139" CONTENT="כהלכתו על רב החובל להיות מקלקל ופטור כמבער וחובל, כל יהודי אשר ימצא"/></TextLine><TextLine ID="r1l31" BASELINE="1717" HEIGHT="57" WIDTH="797" VPOS="1660" HPOS="683"><String ID="string_r1l31" HEIGHT="57" WIDTH="797" VPOS="1660" HPOS="683" CONTENT="דרך ירושלים בירכתי הספינה להטילו אל הים&#34;."/></TextLine><TextLine ID="r1l32" BASELINE="1776" HEIGHT="60" WIDTH="1244" VPOS="1716" HPOS="135"><String ID="string_r1l32" HEIGHT="60" WIDTH="1244" VPOS="1716" HPOS="135" CONTENT="„על אלה אחי ורבותי אלופי ומיודעי אשכנזים וצרפתים בכל מקום שהם, הנה"/></TextLine><TextLine ID="r1l33" BASELINE="1829" HEIGHT="46" WIDTH="1349" VPOS="1783" HPOS="130"><String ID="string_r1l33" HEIGHT="46" WIDTH="1349" VPOS="1783" HPOS="130" CONTENT="אני עבדכם ואחיכם הקטן יצחק צרפתי, ואף כי משפחתי הצעירה היא מצרפת, באשכנז"/></TextLine><TextLine ID="r1l34" BASELINE="1887" HEIGHT="58" WIDTH="1341" VPOS="1829" HPOS="139"><String ID="string_r1l34" HEIGHT="58" WIDTH="1341" VPOS="1829" HPOS="139" CONTENT="נולדתי ויצקתי מים על יד רבותי רבני אשכנז נ&#34;ע, ושתיתי מי בורם, ותהיתי בקנקני"/></TextLine><TextLine ID="r1l35" BASELINE="1936" HEIGHT="51" WIDTH="1342" VPOS="1885" HPOS="138"><String ID="string_r1l35" HEIGHT="51" WIDTH="1342" VPOS="1885" HPOS="138" CONTENT="תלמידיהם חברי, אשר היו באמנה אתי, גדיים ונעשו תישים, והמערכת חייבה אותי"/></TextLine><TextLine ID="r1l36" BASELINE="1996" HEIGHT="57" WIDTH="1348" VPOS="1939" HPOS="136"><String ID="string_r1l36" HEIGHT="57" WIDTH="1348" VPOS="1939" HPOS="136" CONTENT="וגליתי מארץ מולדתי, ובאתי פה בארץ תוגרמה, ארץ לא תחסר כל טוב, אלהים"/></TextLine><TextLine ID="r1l37" BASELINE="2055" HEIGHT="61" WIDTH="1349" VPOS="1994" HPOS="131"><String ID="string_r1l37" HEIGHT="61" WIDTH="1349" VPOS="1994" HPOS="131" CONTENT="חשבה לטובה, כי למחיה שלחני לי ולכם, אם תאבו ושמעתם... דרך תוגרמה הוא דרך"/></TextLine><TextLine ID="r1l38" BASELINE="2108" HEIGHT="57" WIDTH="1344" VPOS="2051" HPOS="135"><String ID="string_r1l38" HEIGHT="57" WIDTH="1344" VPOS="2051" HPOS="135" CONTENT="ארץ החיים, כלו דרך יבשה עד ירושלים, רק מעבר ששה מלין דרך ים, ובכל יום"/></TextLine><TextLine ID="r1l39" BASELINE="2167" HEIGHT="58" WIDTH="1353" VPOS="2109" HPOS="130"><String ID="string_r1l39" HEIGHT="58" WIDTH="1353" VPOS="2109" HPOS="130" CONTENT="נמצאות אורחות ישמעאלים סוחרים ויהודים יוצאים בשיירות גדולות... הדרך קרוב"/></TextLine><TextLine ID="r1l40" BASELINE="2222" HEIGHT="58" WIDTH="1349" VPOS="2164" HPOS="131"><String ID="string_r1l40" HEIGHT="58" WIDTH="1349" VPOS="2164" HPOS="131" CONTENT="ובטוח, כמאן דקא אזיל לחיננא... ועתה אל תתעצלו ואל תתרשלו, שובה ישראל! קומה"/></TextLine><TextLine ID="r1l41" BASELINE="2359" HEIGHT="66" WIDTH="1249" VPOS="2293" HPOS="124"><String ID="string_r1l41" HEIGHT="66" WIDTH="1249" VPOS="2293" HPOS="124" CONTENT="23) שו״ת רא&#34;ם (ר' אליה מזרחי) פסק הקראין סי' ג&#34;ז, משם יוצא לנו זמן פעולת"/></TextLine><TextLine ID="r1l42" BASELINE="2406" HEIGHT="56" WIDTH="1356" VPOS="2350" HPOS="119"><String ID="string_r1l42" HEIGHT="56" WIDTH="1356" VPOS="2350" HPOS="119" CONTENT="ר' חנוך צפורתא, כי שם נזכר ר' מרדכי כומטיאנו (פעולתו בין ק&#34;ץ־ר”ן) ורבו ר׳ חנוך צפורתא"/></TextLine><TextLine ID="r1l43" BASELINE="2454" HEIGHT="59" WIDTH="972" VPOS="2395" HPOS="508"><String ID="string_r1l43" HEIGHT="59" WIDTH="972" VPOS="2395" HPOS="508" CONTENT="שהיה על כל פנים יותר זקן ממנו, אם כן קרוב לשנות ק&#34;ע־ק&#34;ץ."/></TextLine></TextBlock></PrintSpace></Page></Layout></alto>