<?xml version="1.0" encoding="UTF-8"?><alto xmlns:xsi="http://www.w3.org/2001/XMLSchema-instance" xmlns="http://www.loc.gov/standards/alto/ns-v2#" xmlns:page="http://schema.primaresearch.org/PAGE/gts/pagecontent/2013-07-15" xsi:schemaLocation="http://schema.primaresearch.org/PAGE/gts/pagecontent/2013-07-15 http://schema.primaresearch.org/PAGE/gts/pagecontent/2013-07-15/pagecontent.xsd http://www.loc.gov/standards/alto/ns-v2# http://www.loc.gov/standards/alto/alto-v2.0.xsd"><Description><MeasurementUnit>pixel</MeasurementUnit></Description><Layout><Page ID="Page1" PHYSICAL_IMG_NR="1" HEIGHT="2600" WIDTH="1668"><TopMargin HEIGHT="0" WIDTH="1668" VPOS="0" HPOS="0"/><LeftMargin HEIGHT="2600" WIDTH="0" VPOS="0" HPOS="0"/><RightMargin HEIGHT="2600" WIDTH="0" VPOS="0" HPOS="1668"/><BottomMargin HEIGHT="0" WIDTH="1668" VPOS="2600" HPOS="0"/><PrintSpace HEIGHT="2600" WIDTH="1668" VPOS="0" HPOS="0"><TextBlock ID="r1" HEIGHT="2339" WIDTH="1357" VPOS="137" HPOS="130"><Shape><Polygon POINTS="130,137 130,2476 1487,2476 1487,137"/></Shape><TextLine ID="r1l2" BASELINE="181" HEIGHT="55" WIDTH="314" VPOS="126" HPOS="660"><String ID="string_r1l2" HEIGHT="55" WIDTH="314" VPOS="126" HPOS="660" CONTENT="השלטנים הראשונים"/></TextLine><TextLine ID="r1l1" BASELINE="176" HEIGHT="46" WIDTH="53" VPOS="130" HPOS="144"><String ID="string_r1l1" HEIGHT="46" WIDTH="53" VPOS="130" HPOS="144" CONTENT="5"/></TextLine><TextLine ID="r1l3" BASELINE="302" HEIGHT="67" WIDTH="1229" VPOS="235" HPOS="150"><String ID="string_r1l3" HEIGHT="67" WIDTH="1229" VPOS="235" HPOS="150" CONTENT="שלטן מוראד  א' בשבתו על כסא המלוכה בעיר הבירה ברוסה, חשב לחזק"/></TextLine><TextLine ID="r1l4" BASELINE="359" HEIGHT="69" WIDTH="1342" VPOS="290" HPOS="150"><String ID="string_r1l4" HEIGHT="69" WIDTH="1342" VPOS="290" HPOS="150" CONTENT="מוסדות הקיסרות באסיא ואחרי כן להרחיב גבולותיו באברופה אשר פתח לפניו"/></TextLine><TextLine ID="r1l5" BASELINE="412" HEIGHT="61" WIDTH="1333" VPOS="351" HPOS="149"><String ID="string_r1l5" HEIGHT="61" WIDTH="1333" VPOS="351" HPOS="149" CONTENT="שעריה אחיו הגדול סוליימאן פחה, על כן ערך מלחמה נגד נסיך הקאראמאניה ויקח"/></TextLine><TextLine ID="r1l6" BASELINE="470" HEIGHT="58" WIDTH="1333" VPOS="412" HPOS="153"><String ID="string_r1l6" HEIGHT="58" WIDTH="1333" VPOS="412" HPOS="153" CONTENT="ממנו בחזקה העיר הבצורה אנגורה (אינגור, נקראה מקדם בפי היונים אנסיר) ובה"/></TextLine><TextLine ID="r1l7" BASELINE="524" HEIGHT="57" WIDTH="682" VPOS="467" HPOS="802"><String ID="string_r1l7" HEIGHT="57" WIDTH="682" VPOS="467" HPOS="802" CONTENT="היתה מימי קדם עדה יהודית קטנה ודלה."/></TextLine><TextLine ID="r1l8" BASELINE="578" HEIGHT="61" WIDTH="1258" VPOS="517" HPOS="129"><String ID="string_r1l8" HEIGHT="61" WIDTH="1258" VPOS="517" HPOS="129" CONTENT="אחרי הנצחון הזה, צוה השלטן לנסיך הנסיכים הבייליר ביי לאלה שאהין"/></TextLine><TextLine ID="r1l9" BASELINE="634" HEIGHT="61" WIDTH="1343" VPOS="573" HPOS="141"><String ID="string_r1l9" HEIGHT="61" WIDTH="1343" VPOS="573" HPOS="141" CONTENT="לנסוע מנאליפולי ולערוך מלחמה נגד העיר הגדולה אנדרינופלא, וכן היה, כי"/></TextLine><TextLine ID="r1l10" BASELINE="687" HEIGHT="56" WIDTH="1357" VPOS="631" HPOS="129"><String ID="string_r1l10" HEIGHT="56" WIDTH="1357" VPOS="631" HPOS="129" CONTENT="בעזרת פרחי אנשי חיל השלטן ובראשם המצביא חאג'-אילביקי, נפגשו עם חיל היונים"/></TextLine><TextLine ID="r1l11" BASELINE="737" HEIGHT="52" WIDTH="1355" VPOS="685" HPOS="130"><String ID="string_r1l11" HEIGHT="52" WIDTH="1355" VPOS="685" HPOS="130" CONTENT="קרוב לעיר, ויכו אותם עד בלתי השאיר להם שריד ויבואו העירה בלי כל מעצור."/></TextLine><TextLine ID="r1l12" BASELINE="797" HEIGHT="58" WIDTH="1348" VPOS="739" HPOS="136"><String ID="string_r1l12" HEIGHT="58" WIDTH="1348" VPOS="739" HPOS="136" CONTENT="על ידי הנצחון הזה שמו התרכים מוסדות הקיסרות באברופה בטח. השלטן ברוב"/></TextLine><TextLine ID="r1l13" BASELINE="852" HEIGHT="59" WIDTH="1343" VPOS="793" HPOS="138"><String ID="string_r1l13" HEIGHT="59" WIDTH="1343" VPOS="793" HPOS="138" CONTENT="שמחתו הואיל לבשר לכל הנסיכים האסיאתים כי העתיק כסא המלוכה מברוסה"/></TextLine><TextLine ID="r1l14" BASELINE="905" HEIGHT="60" WIDTH="1357" VPOS="845" HPOS="130"><String ID="string_r1l14" HEIGHT="60" WIDTH="1357" VPOS="845" HPOS="130" CONTENT="לאנדרינופלא ובה בחר להיות לעיר הבירה. אנדרינופלא, או כאשר יקראוה התרכים"/></TextLine><TextLine ID="r1l15" BASELINE="957" HEIGHT="53" WIDTH="1351" VPOS="904" HPOS="136"><String ID="string_r1l15" HEIGHT="53" WIDTH="1351" VPOS="904" HPOS="136" CONTENT="אידירני ***** אשר ממנו נשתבש השם בפי היהודים אינדירני, נוסדה על ידי הקיסר"/></TextLine><TextLine ID="r1l16" BASELINE="1006" HEIGHT="49" WIDTH="1340" VPOS="957" HPOS="141"><String ID="string_r1l16" HEIGHT="49" WIDTH="1340" VPOS="957" HPOS="141" CONTENT="הרומי אדריאנוס. היא היתה העיר היותר גדולה במלכות רומאניא ובה נמצאה העדה "/></TextLine><TextLine ID="r1l17" BASELINE="1069" HEIGHT="57" WIDTH="1344" VPOS="1012" HPOS="140"><String ID="string_r1l17" HEIGHT="57" WIDTH="1344" VPOS="1012" HPOS="140" CONTENT="היהודית היותר גדולה בחצי האי הבאלקאני בימים ההם, ולהם בית תפלה ק&#34;ק רומניא"/></TextLine><TextLine ID="r1l18" BASELINE="1126" HEIGHT="48" WIDTH="1353" VPOS="1078" HPOS="134"><String ID="string_r1l18" HEIGHT="48" WIDTH="1353" VPOS="1078" HPOS="134" CONTENT="או ק&#34;ק גריגום (ק&#34;ק יונים). היהודים ישבו בעיר מימי קדם ומזמן רב טרם התיסד"/></TextLine><TextLine ID="r1l19" BASELINE="1181" HEIGHT="56" WIDTH="1358" VPOS="1125" HPOS="131"><String ID="string_r1l19" HEIGHT="56" WIDTH="1358" VPOS="1125" HPOS="131" CONTENT="הקיסרות הביזאנטית, ובכן ראו פעמים רבות חלוף אדוני הארץ: רומיים, יונים,"/></TextLine><TextLine ID="r1l20" BASELINE="1239" HEIGHT="60" WIDTH="1353" VPOS="1179" HPOS="132"><String ID="string_r1l20" HEIGHT="60" WIDTH="1353" VPOS="1179" HPOS="132" CONTENT="בולגארים, ועוד הפעם יונים, אך באחרונה מצבם היה רע ומר תחת ממשלת ביזאנץ,"/></TextLine><TextLine ID="r1l21" BASELINE="1290" HEIGHT="53" WIDTH="1355" VPOS="1237" HPOS="140"><String ID="string_r1l21" HEIGHT="53" WIDTH="1355" VPOS="1237" HPOS="140" CONTENT="נרדפים ונבזים מהמון העם, עמוסי מסים כבדים מאת המושלמים; ביאת התרכים"/></TextLine><TextLine ID="r1l22" BASELINE="1345" HEIGHT="57" WIDTH="1349" VPOS="1288" HPOS="133"><String ID="string_r1l22" HEIGHT="57" WIDTH="1349" VPOS="1288" HPOS="133" CONTENT="לא היתה אצלם רק חלוף אדוני הארץ, כי אם גם חלוף גדול במצבם, ויצאו מאפלה"/></TextLine><TextLine ID="r1l23" BASELINE="1396" HEIGHT="55" WIDTH="1348" VPOS="1341" HPOS="133"><String ID="string_r1l23" HEIGHT="55" WIDTH="1348" VPOS="1341" HPOS="133" CONTENT="לאור גדול ומשעבוד לחירות. אחיהם, אשר באו מיתר ערי השדה להתישב בעיר הבירה,"/></TextLine><TextLine ID="r1l24" BASELINE="1456" HEIGHT="60" WIDTH="1340" VPOS="1396" HPOS="139"><String ID="string_r1l24" HEIGHT="60" WIDTH="1340" VPOS="1396" HPOS="139" CONTENT="הראו להם לדעת ערך התרכים. וכן היה, כי הם אהבו את המנצחים לא רק כאדוני הארץ"/></TextLine><TextLine ID="r1l25" BASELINE="1510" HEIGHT="57" WIDTH="1350" VPOS="1453" HPOS="136"><String ID="string_r1l25" HEIGHT="57" WIDTH="1350" VPOS="1453" HPOS="136" CONTENT="אך כאחים וכבני דת אחת קרובה לדתם בתכלית הקרוב. מן הצד השני נראה כי גם"/></TextLine><TextLine ID="r1l26" BASELINE="1565" HEIGHT="56" WIDTH="1348" VPOS="1509" HPOS="131"><String ID="string_r1l26" HEIGHT="56" WIDTH="1348" VPOS="1509" HPOS="131" CONTENT="התרכים הראו אותות אהבה לבני ישראל. בדעתם שנאת הנוצרים תושבי המקומות"/></TextLine><TextLine ID="r1l27" BASELINE="1621" HEIGHT="55" WIDTH="1350" VPOS="1566" HPOS="130"><String ID="string_r1l27" HEIGHT="55" WIDTH="1350" VPOS="1566" HPOS="130" CONTENT="המנוצחים להם ולאמונתם, היו יותר בטוחים ביהודים ובהם הכירו חמר יותר קרוב"/></TextLine><TextLine ID="r1l28" BASELINE="1675" HEIGHT="52" WIDTH="1346" VPOS="1623" HPOS="138"><String ID="string_r1l28" HEIGHT="52" WIDTH="1346" VPOS="1623" HPOS="138" CONTENT="למחמדנים. מצוות המילה, הפשטיות בבתי התפלה9), הטבילה ועוד מנהגים אחרים"/></TextLine><TextLine ID="r1l29" BASELINE="1739" HEIGHT="58" WIDTH="1355" VPOS="1681" HPOS="129"><String ID="string_r1l29" HEIGHT="58" WIDTH="1355" VPOS="1681" HPOS="129" CONTENT="בחיי המשפחה, השוים או קרובים אצל היהודים ובני דת האיסלם, הוסיפו לחזק עבותות"/></TextLine><TextLine ID="r1l30" BASELINE="1794" HEIGHT="55" WIDTH="579" VPOS="1739" HPOS="908"><String ID="string_r1l30" HEIGHT="55" WIDTH="579" VPOS="1739" HPOS="908" CONTENT="האהבה בין המנצחים ועם ישראל."/></TextLine><TextLine ID="r1l31" BASELINE="1851" HEIGHT="51" WIDTH="1254" VPOS="1800" HPOS="122"><String ID="string_r1l31" HEIGHT="51" WIDTH="1254" VPOS="1800" HPOS="122" CONTENT="בעיר, הבירה, כמו כן ביתר ערי המדינה, ישבו היהודים תמיד בעצם רחובות"/></TextLine><TextLine ID="r1l32" BASELINE="1905" HEIGHT="56" WIDTH="1355" VPOS="1849" HPOS="125"><String ID="string_r1l32" HEIGHT="56" WIDTH="1355" VPOS="1849" HPOS="125" CONTENT="התרכים או למצער, בקרבת הרבע ההוא 10), כי בשכונה ההיא היו יותר בטוחים"/></TextLine><TextLine ID="r1l33" BASELINE="1963" HEIGHT="59" WIDTH="1358" VPOS="1904" HPOS="124"><String ID="string_r1l33" HEIGHT="59" WIDTH="1358" VPOS="1904" HPOS="124" CONTENT="ממקרים רעים ויותר חפשים לעבוד אלוהיהם באין מפגיע ומעצור, ורק לפעמים רחוקות"/></TextLine><TextLine ID="r1l34" BASELINE="2017" HEIGHT="53" WIDTH="1358" VPOS="1964" HPOS="132"><String ID="string_r1l34" HEIGHT="53" WIDTH="1358" VPOS="1964" HPOS="132" CONTENT="פגעו בהם הקנאים ויחרפו אותם בשם הנבזה טשיפוט11), רבע היהודים באנדרינופלא"/></TextLine><TextLine ID="r1l35" BASELINE="2166" HEIGHT="63" WIDTH="1219" VPOS="2103" HPOS="130"><String ID="string_r1l35" HEIGHT="63" WIDTH="1219" VPOS="2103" HPOS="130" CONTENT="9) התוגרמים יקראו בתי תפלותיהם הגדולים „ג'אמי״  ***** שענינו: בית האסיפה"/></TextLine><TextLine ID="r1l36" BASELINE="2217" HEIGHT="55" WIDTH="1343" VPOS="2162" HPOS="128"><String ID="string_r1l36" HEIGHT="55" WIDTH="1343" VPOS="2162" HPOS="128" CONTENT="או בית הכנסת כאשר יקראו היהודים בתי תפלותיהם, והקטנים מידשיד. ענינו: בית תפלה,"/></TextLine><TextLine ID="r1l37" BASELINE="2262" HEIGHT="56" WIDTH="929" VPOS="2206" HPOS="552"><String ID="string_r1l37" HEIGHT="56" WIDTH="929" VPOS="2206" HPOS="552" CONTENT="שנחלף ליהודים בבית מסגד וללועזים מישקוטה או Mosche."/></TextLine><TextLine ID="r1l38" BASELINE="2308" HEIGHT="56" WIDTH="1252" VPOS="2252" HPOS="123"><String ID="string_r1l38" HEIGHT="56" WIDTH="1252" VPOS="2252" HPOS="123" CONTENT="10) ...וכל המאהלות אשר ישראל דרים שם הם מעורבות עם תוגרמים, כי אינה נקראת"/></TextLine><TextLine ID="r1l39" BASELINE="2364" HEIGHT="54" WIDTH="1345" VPOS="2310" HPOS="129"><String ID="string_r1l39" HEIGHT="54" WIDTH="1345" VPOS="2310" HPOS="129" CONTENT="מאהלח רק שיחיה בית ועד לתפילתם, ואותה היא הנקראת מאהלח, וכל היהודים הדרים"/></TextLine><TextLine ID="r1l40" BASELINE="2422" HEIGHT="56" WIDTH="1326" VPOS="2366" HPOS="158"><String ID="string_r1l40" HEIGHT="56" WIDTH="1326" VPOS="2366" HPOS="158" CONTENT="בארץ חלוו חם בתוך התוגרמים... (מהר' יוסף בן לב, שו״ת קושטנדינא שי״ג דף קמ״ח):"/></TextLine><TextLine ID="r1l41" BASELINE="2479" HEIGHT="56" WIDTH="1265" VPOS="2423" HPOS="223"><String ID="string_r1l41" HEIGHT="56" WIDTH="1265" VPOS="2423" HPOS="223" CONTENT="Beaucoup plus persecoutez des Turcs qui par derison les appellent...(11"/></TextLine></TextBlock></PrintSpace></Page></Layout></alto>