<?xml version="1.0" encoding="UTF-8"?><alto xmlns:xsi="http://www.w3.org/2001/XMLSchema-instance" xmlns="http://www.loc.gov/standards/alto/ns-v2#" xmlns:page="http://schema.primaresearch.org/PAGE/gts/pagecontent/2013-07-15" xsi:schemaLocation="http://schema.primaresearch.org/PAGE/gts/pagecontent/2013-07-15 http://schema.primaresearch.org/PAGE/gts/pagecontent/2013-07-15/pagecontent.xsd http://www.loc.gov/standards/alto/ns-v2# http://www.loc.gov/standards/alto/alto-v2.0.xsd"><Description><MeasurementUnit>pixel</MeasurementUnit></Description><Layout><Page ID="Page1" PHYSICAL_IMG_NR="1" HEIGHT="2601" WIDTH="1698"><TopMargin HEIGHT="0" WIDTH="1698" VPOS="0" HPOS="0"/><LeftMargin HEIGHT="2601" WIDTH="0" VPOS="0" HPOS="0"/><RightMargin HEIGHT="2601" WIDTH="0" VPOS="0" HPOS="1698"/><BottomMargin HEIGHT="0" WIDTH="1698" VPOS="2601" HPOS="0"/><PrintSpace HEIGHT="2601" WIDTH="1698" VPOS="0" HPOS="0"><TextBlock ID="r1" HEIGHT="2327" WIDTH="1347" VPOS="162" HPOS="237"><Shape><Polygon POINTS="237,162 237,2489 1584,2489 1584,162"/></Shape><TextLine ID="r1l1" BASELINE="200" HEIGHT="48" WIDTH="78" VPOS="152" HPOS="1499"><String ID="string_r1l1" HEIGHT="48" WIDTH="78" VPOS="152" HPOS="1499" CONTENT="12"/></TextLine><TextLine ID="r1l2" BASELINE="204" HEIGHT="51" WIDTH="407" VPOS="153" HPOS="713"><String ID="string_r1l2" HEIGHT="51" WIDTH="407" VPOS="153" HPOS="713" CONTENT="דברי ימי ישראל בתוגרמה"/></TextLine><TextLine ID="r1l5" BASELINE="320" HEIGHT="58" WIDTH="1332" VPOS="262" HPOS="250"><String ID="string_r1l5" HEIGHT="58" WIDTH="1332" VPOS="262" HPOS="250" CONTENT="להם מפלט במדינות המחמדנים בארצות הקדם: תוגרמה ומצרים. רבינו עובדיה"/></TextLine><TextLine ID="r1l6" BASELINE="375" HEIGHT="56" WIDTH="1334" VPOS="319" HPOS="245"><String ID="string_r1l6" HEIGHT="56" WIDTH="1334" VPOS="319" HPOS="245" CONTENT="מברטנורא (מפרש המשניות), שעלה ירושלימה בשנת רמ״ח, בעברו דרך מצרים כתב"/></TextLine><TextLine ID="r1l7" BASELINE="426" HEIGHT="50" WIDTH="1344" VPOS="376" HPOS="245"><String ID="string_r1l7" HEIGHT="50" WIDTH="1344" VPOS="376" HPOS="245" CONTENT="על הפליטים האלה : „יש במצרים היום כחמשים בעלי בתים, אשר היו בספרד כלם בעלי"/></TextLine><TextLine ID="r1l8" BASELINE="482" HEIGHT="43" WIDTH="1347" VPOS="439" HPOS="240"><String ID="string_r1l8" HEIGHT="43" WIDTH="1347" VPOS="439" HPOS="240" CONTENT="בתים, ועניים (הם) היום, והם עזבו את בתיהם ואת עשרם ואת אבותיהם ואת אבות"/></TextLine><TextLine ID="r1l9" BASELINE="535" HEIGHT="50" WIDTH="1218" VPOS="485" HPOS="370"><String ID="string_r1l9" HEIGHT="50" WIDTH="1218" VPOS="485" HPOS="370" CONTENT="אבותיהם, שהיו שומרים את בתי הגוים, והם באו לחסות תחת כנפי השכינה&#34;."/></TextLine><TextLine ID="r1l10" BASELINE="596" HEIGHT="55" WIDTH="1235" VPOS="541" HPOS="240"><String ID="string_r1l10" HEIGHT="55" WIDTH="1235" VPOS="541" HPOS="240" CONTENT="בשנת רמ״א התישב בקושטנדינא ר' גדליה בן יחיא איש לישבונה, אשר בא"/></TextLine><TextLine ID="r1l11" BASELINE="652" HEIGHT="52" WIDTH="1337" VPOS="600" HPOS="243"><String ID="string_r1l11" HEIGHT="52" WIDTH="1337" VPOS="600" HPOS="243" CONTENT="בהתחברות עם הרב ר׳ ישעיה השני בפטרק ושמע הרב האחרון הזה הגיע עד בן"/></TextLine><TextLine ID="r1l12" BASELINE="707" HEIGHT="57" WIDTH="1324" VPOS="650" HPOS="254"><String ID="string_r1l12" HEIGHT="57" WIDTH="1324" VPOS="650" HPOS="254" CONTENT="אחי ר׳ גדליה בפורטוגאל דון דור ן' יחיא, אשר כל זה יעיד שכבר היו היהודים"/></TextLine><TextLine ID="r1l13" BASELINE="757" HEIGHT="52" WIDTH="1337" VPOS="705" HPOS="249"><String ID="string_r1l13" HEIGHT="52" WIDTH="1337" VPOS="705" HPOS="249" CONTENT="הולכים ושבים מחצי האי הפיראני לתוגרמה בימים הראשונים להתפתחות הממשלה"/></TextLine><TextLine ID="r1l14" BASELINE="807" HEIGHT="37" WIDTH="130" VPOS="770" HPOS="1457"><String ID="string_r1l14" HEIGHT="37" WIDTH="130" VPOS="770" HPOS="1457" CONTENT="הזאת."/></TextLine><TextLine ID="r1l15" BASELINE="873" HEIGHT="54" WIDTH="1238" VPOS="819" HPOS="246"><String ID="string_r1l15" HEIGHT="54" WIDTH="1238" VPOS="819" HPOS="246" CONTENT="בעיד הבירה אנדרינופלא יסדו להם הנודדים האלה עדות נפרדות מעדת היונים"/></TextLine><TextLine ID="r1l16" BASELINE="929" HEIGHT="52" WIDTH="1353" VPOS="877" HPOS="236"><String ID="string_r1l16" HEIGHT="52" WIDTH="1353" VPOS="877" HPOS="236" CONTENT="אשר היתה מקדם, האשכנזים לבדם והאיטליאנים לבדם, ויבנו להם בתי כנסיות"/></TextLine><TextLine ID="r1l17" BASELINE="987" HEIGHT="59" WIDTH="1329" VPOS="928" HPOS="253"><String ID="string_r1l17" HEIGHT="59" WIDTH="1329" VPOS="928" HPOS="253" CONTENT="העומדים עד היום הזה ונקראים בשם ק&#34;ק אשכנזים וק&#34;ק איטליאני. ראש העדה"/></TextLine><TextLine ID="line_1553457037667_73" BASELINE="1039" HEIGHT="53" WIDTH="1332" VPOS="986" HPOS="253"><String ID="string_line_1553457037667_73" HEIGHT="53" WIDTH="1332" VPOS="986" HPOS="253" CONTENT="האשכנזית היה רבי יצחק צרפתי, אשר היה אחרי כן לראש הרבנים בעיר"/></TextLine><TextLine ID="r1l20" BASELINE="1093" HEIGHT="84" WIDTH="1338" VPOS="1009" HPOS="248"><String ID="string_r1l20" HEIGHT="84" WIDTH="1338" VPOS="1009" HPOS="248" CONTENT="הבירה ובערי המדינה. קרוב לימים ההם בא מספרד רב נכבד ויקר, ויתישב בראשונה"/></TextLine><TextLine ID="r1l21" BASELINE="1150" HEIGHT="55" WIDTH="1337" VPOS="1095" HPOS="247"><String ID="string_r1l21" HEIGHT="55" WIDTH="1337" VPOS="1095" HPOS="247" CONTENT="בקושטאנדינא, ואחרי כן באנדרינופלא, הוא ר' חנוך ספורתא (צאפורתא)"/></TextLine><TextLine ID="r1l22" BASELINE="1204" HEIGHT="56" WIDTH="1334" VPOS="1148" HPOS="251"><String ID="string_r1l22" HEIGHT="56" WIDTH="1334" VPOS="1148" HPOS="251" CONTENT="מקאטאלוניא, מגדולי ספרד וממיוחסיה, אשר החל להפיץ אור המדעים והחכמות"/></TextLine><TextLine ID="r1l23" BASELINE="1257" HEIGHT="54" WIDTH="1329" VPOS="1203" HPOS="255"><String ID="string_r1l23" HEIGHT="54" WIDTH="1329" VPOS="1203" HPOS="255" CONTENT="החיצוניות בתוגרמה. מחזה מפליא ונעים הוא לראות, כי רב אחד בשם חנוך היה"/></TextLine><TextLine ID="r1l24" BASELINE="1314" HEIGHT="56" WIDTH="1342" VPOS="1258" HPOS="239"><String ID="string_r1l24" HEIGHT="56" WIDTH="1342" VPOS="1258" HPOS="239" CONTENT="המוביל עמו חכמת ישראל מארצות הקדם לספרד בימי קדם, ורב אחד גם כן בשם"/></TextLine><TextLine ID="r1l25" BASELINE="1370" HEIGHT="56" WIDTH="1050" VPOS="1314" HPOS="531"><String ID="string_r1l25" HEIGHT="56" WIDTH="1050" VPOS="1314" HPOS="531" CONTENT="חנוך היה עתה המשיב חכמת ישראל מספרד לארצות הקדם! 23)"/></TextLine><TextLine ID="r1l26" BASELINE="1428" HEIGHT="56" WIDTH="1252" VPOS="1372" HPOS="238"><String ID="string_r1l26" HEIGHT="56" WIDTH="1252" VPOS="1372" HPOS="238" CONTENT="בשנת קפ״ט (1429) עמדו תושבי תיסאלוניק, אשר לא שבעו רצון ממושל"/></TextLine><TextLine ID="r1l27" BASELINE="1484" HEIGHT="57" WIDTH="1341" VPOS="1427" HPOS="241"><String ID="string_r1l27" HEIGHT="57" WIDTH="1341" VPOS="1427" HPOS="241" CONTENT="העיר אנדרוניק   פאליאולוג בן המלך עמנואל, ונתנו את העיר בידי"/></TextLine><TextLine ID="r1l28" BASELINE="1536" HEIGHT="56" WIDTH="1343" VPOS="1480" HPOS="242"><String ID="string_r1l28" HEIGHT="56" WIDTH="1343" VPOS="1480" HPOS="242" CONTENT="הויניצים. השלטן מוראד, אשר רע בעיניו כי נתנה העיר לאיש זולתו, שלח את"/></TextLine><TextLine ID="r1l29" BASELINE="1594" HEIGHT="56" WIDTH="1345" VPOS="1538" HPOS="246"><String ID="string_r1l29" HEIGHT="56" WIDTH="1345" VPOS="1538" HPOS="246" CONTENT="ממלא מקום השר המצביא תמזה בראש אנשי חיל לכבוש את העיר הזאת אשר"/></TextLine><TextLine ID="r1l30" BASELINE="1651" HEIGHT="56" WIDTH="1348" VPOS="1595" HPOS="245"><String ID="string_r1l30" HEIGHT="56" WIDTH="1348" VPOS="1595" HPOS="245" CONTENT="הובאה במצור, ובכל הלחץ והתלאות אשר סבלו האדונים החדשים הויניצים, הם מאנו"/></TextLine><TextLine ID="r1l31" BASELINE="1708" HEIGHT="59" WIDTH="1355" VPOS="1649" HPOS="235"><String ID="string_r1l31" HEIGHT="59" WIDTH="1355" VPOS="1649" HPOS="235" CONTENT="למסרה, עד שנלחמו מן השמים בעזרת התרכים, כי היה רעש גדול, וחלק אחד מן"/></TextLine><TextLine ID="r1l32" BASELINE="1761" HEIGHT="55" WIDTH="1348" VPOS="1706" HPOS="238"><String ID="string_r1l32" HEIGHT="55" WIDTH="1348" VPOS="1706" HPOS="238" CONTENT="החומות נתץ ארצה, ובכן היה נקל לתוגרמים לעבור דרך הפרצה. אנשי החיל"/></TextLine><TextLine ID="r1l33" BASELINE="1821" HEIGHT="61" WIDTH="1351" VPOS="1760" HPOS="237"><String ID="string_r1l33" HEIGHT="61" WIDTH="1351" VPOS="1760" HPOS="237" CONTENT="כבואם העירה בזזו כל הבתים ויותר משבעת אלפים תושבים נמכרו לעבדים, ואך"/></TextLine><TextLine ID="r1l34" BASELINE="1873" HEIGHT="56" WIDTH="1349" VPOS="1817" HPOS="236"><String ID="string_r1l34" HEIGHT="56" WIDTH="1349" VPOS="1817" HPOS="236" CONTENT="אחרי אשר שקטה המהומה, הרשה השלטן לתושבי העיר אשר נתפסו כאסורים לשוב"/></TextLine><TextLine ID="r1l35" BASELINE="1932" HEIGHT="64" WIDTH="1353" VPOS="1868" HPOS="233"><String ID="string_r1l35" HEIGHT="64" WIDTH="1353" VPOS="1868" HPOS="233" CONTENT="לבתיהם ולשבת בטוחים ושאננים. וכן היה, כי תיסאלוניק הנקראת מן העת"/></TextLine><TextLine ID="r1l36" BASELINE="1987" HEIGHT="59" WIDTH="1352" VPOS="1928" HPOS="237"><String ID="string_r1l36" HEIGHT="59" WIDTH="1352" VPOS="1928" HPOS="237" CONTENT="ההיא בפי התרכים סילאניק או שאלוניק, אשר נכבשה על ידי שלטן מוראד א׳"/></TextLine><TextLine ID="r1l37" BASELINE="2042" HEIGHT="59" WIDTH="1340" VPOS="1983" HPOS="244"><String ID="string_r1l37" HEIGHT="59" WIDTH="1340" VPOS="1983" HPOS="244" CONTENT="בשנת קמ&#34;ו, ושנית על ידי באיאזיד א׳ בשנת קנ&#34;ד, ושלישית על ידי מחמד א׳ בשנת "/></TextLine><TextLine ID="r1l38" BASELINE="2096" HEIGHT="55" WIDTH="1354" VPOS="2041" HPOS="235"><String ID="string_r1l38" HEIGHT="55" WIDTH="1354" VPOS="2041" HPOS="235" CONTENT="קע״א ונתנה אחרי כן בכל פעם ופעם ליונים, שבה ונלכדה בפעם הרביעית והאחרונה "/></TextLine><TextLine ID="r1l39" BASELINE="2144" HEIGHT="44" WIDTH="284" VPOS="2100" HPOS="1304"><String ID="string_r1l39" HEIGHT="44" WIDTH="284" VPOS="2100" HPOS="1304" CONTENT="בידי העשמאנים."/></TextLine><TextLine ID="r1l40" BASELINE="2207" HEIGHT="55" WIDTH="1262" VPOS="2152" HPOS="232"><String ID="string_r1l40" HEIGHT="55" WIDTH="1262" VPOS="2152" HPOS="232" CONTENT="בעת אשר נלכדה שאלוניק בידי התרכים היתה שם עדה יהודית יונית מימי"/></TextLine><TextLine ID="r1l41" BASELINE="2264" HEIGHT="56" WIDTH="1349" VPOS="2208" HPOS="239"><String ID="string_r1l41" HEIGHT="56" WIDTH="1349" VPOS="2208" HPOS="239" CONTENT="קדם. וכנראה התישבו שם היהודים מן העת שכבש אלכסנדר המקדוני, ארץ"/></TextLine><TextLine ID="r1l42" BASELINE="2393" HEIGHT="53" WIDTH="1274" VPOS="2340" HPOS="229"><String ID="string_r1l42" HEIGHT="53" WIDTH="1274" VPOS="2340" HPOS="229" CONTENT="23) כנודע בימי קדם, קרוב לשנת ארבע אלפים תש״ן, נפלו ארבעה חכמים מארצות"/></TextLine><TextLine ID="r1l43" BASELINE="2449" HEIGHT="63" WIDTH="1358" VPOS="2386" HPOS="229"><String ID="string_r1l43" HEIGHT="63" WIDTH="1358" VPOS="2386" HPOS="229" CONTENT="הקדם שבוים בידי שודדי הים, ונמכרו כל אחד ואחד למדינה אחרת, ור' חנוך, הנקרא אחרי כן"/></TextLine><TextLine ID="r1l44" BASELINE="2492" HEIGHT="57" WIDTH="1359" VPOS="2435" HPOS="231"><String ID="string_r1l44" HEIGHT="57" WIDTH="1359" VPOS="2435" HPOS="231" CONTENT="הספרדי, נמכר לקורטובה (ראה קורא הדורות לר' דוד קונפורטי, דפוס ויניציא דף ד׳ עמוד ב׳)."/></TextLine></TextBlock></PrintSpace></Page></Layout></alto>