<?xml version="1.0" encoding="UTF-8"?><alto xmlns:xsi="http://www.w3.org/2001/XMLSchema-instance" xmlns="http://www.loc.gov/standards/alto/ns-v2#" xmlns:page="http://schema.primaresearch.org/PAGE/gts/pagecontent/2013-07-15" xsi:schemaLocation="http://schema.primaresearch.org/PAGE/gts/pagecontent/2013-07-15 http://schema.primaresearch.org/PAGE/gts/pagecontent/2013-07-15/pagecontent.xsd http://www.loc.gov/standards/alto/ns-v2# http://www.loc.gov/standards/alto/alto-v2.0.xsd"><Description><MeasurementUnit>pixel</MeasurementUnit></Description><Layout><Page ID="Page1" PHYSICAL_IMG_NR="1" HEIGHT="2600" WIDTH="1668"><TopMargin HEIGHT="0" WIDTH="1668" VPOS="0" HPOS="0"/><LeftMargin HEIGHT="2600" WIDTH="0" VPOS="0" HPOS="0"/><RightMargin HEIGHT="2600" WIDTH="0" VPOS="0" HPOS="1668"/><BottomMargin HEIGHT="0" WIDTH="1668" VPOS="2600" HPOS="0"/><PrintSpace HEIGHT="2600" WIDTH="1668" VPOS="0" HPOS="0"><TextBlock ID="region_1552482456477_717" HEIGHT="122" WIDTH="1263" VPOS="1000" HPOS="169"><Shape><Polygon POINTS="169,1000 173,1122 1432,1122 1428,1000"/></Shape><TextLine ID="line_1552482456492_720" BASELINE="1122" HEIGHT="54" WIDTH="1259" VPOS="1068" HPOS="173"><String ID="string_line_1552482456492_720" HEIGHT="54" WIDTH="1259" VPOS="1068" HPOS="173" CONTENT="דברי ימי ישראל בתוגרמה"/></TextLine></TextBlock><TextBlock ID="region_1552482459190_725" HEIGHT="59" WIDTH="373" VPOS="1254" HPOS="625"><Shape><Polygon POINTS="625,1254 625,1313 998,1313 998,1254"/></Shape><TextLine ID="line_1552482459205_728" BASELINE="1313" HEIGHT="115" WIDTH="373" VPOS="1198" HPOS="625"><String ID="string_line_1552482459205_728" HEIGHT="115" WIDTH="373" VPOS="1198" HPOS="625" CONTENT="חלק ראשון"/></TextLine></TextBlock></PrintSpace></Page></Layout></alto>