<?xml version="1.0" encoding="UTF-8"?><alto xmlns:xsi="http://www.w3.org/2001/XMLSchema-instance" xmlns="http://www.loc.gov/standards/alto/ns-v2#" xmlns:page="http://schema.primaresearch.org/PAGE/gts/pagecontent/2013-07-15" xsi:schemaLocation="http://schema.primaresearch.org/PAGE/gts/pagecontent/2013-07-15 http://schema.primaresearch.org/PAGE/gts/pagecontent/2013-07-15/pagecontent.xsd http://www.loc.gov/standards/alto/ns-v2# http://www.loc.gov/standards/alto/alto-v2.0.xsd"><Description><MeasurementUnit>pixel</MeasurementUnit></Description><Layout><Page ID="Page1" PHYSICAL_IMG_NR="1" HEIGHT="2603" WIDTH="1674"><TopMargin HEIGHT="0" WIDTH="1674" VPOS="0" HPOS="0"/><LeftMargin HEIGHT="2603" WIDTH="0" VPOS="0" HPOS="0"/><RightMargin HEIGHT="2603" WIDTH="0" VPOS="0" HPOS="1674"/><BottomMargin HEIGHT="0" WIDTH="1674" VPOS="2603" HPOS="0"/><PrintSpace HEIGHT="2603" WIDTH="1674" VPOS="0" HPOS="0"><TextBlock ID="r1" HEIGHT="1967" WIDTH="1358" VPOS="500" HPOS="55"><Shape><Polygon POINTS="55,500 55,2467 1413,2467 1413,500"/></Shape><TextLine ID="r1l1" BASELINE="557" HEIGHT="85" WIDTH="242" VPOS="472" HPOS="629"><String ID="string_r1l1" HEIGHT="85" WIDTH="242" VPOS="472" HPOS="629" CONTENT="פרק ג'"/></TextLine><TextLine ID="r1l2" BASELINE="636" HEIGHT="73" WIDTH="1358" VPOS="563" HPOS="65"><String ID="string_r1l2" HEIGHT="73" WIDTH="1358" VPOS="563" HPOS="65" CONTENT="היהודים בימי שלטן באיאזיד ב' איל-סופי (החסיד) רמ״א —רע&#34;ב (1512-1481)"/></TextLine><TextLine ID="r1l3" BASELINE="691" HEIGHT="61" WIDTH="1133" VPOS="630" HPOS="178"><String ID="string_r1l3" HEIGHT="61" WIDTH="1133" VPOS="630" HPOS="178" CONTENT="נקם היניצירים בר' משה קפסאלי. —משה עשרים וארבע. —מחלוקת ר' יוסף"/></TextLine><TextLine ID="r1l4" BASELINE="744" HEIGHT="61" WIDTH="1133" VPOS="683" HPOS="177"><String ID="string_r1l4" HEIGHT="61" WIDTH="1133" VPOS="683" HPOS="177" CONTENT="קולון- ר' גדליה בן יחיא.— ר' אליהו בשייצי. — ר' כלב אפונדופולו.—"/></TextLine><TextLine ID="r1l5" BASELINE="797" HEIGHT="55" WIDTH="1137" VPOS="742" HPOS="176"><String ID="string_r1l5" HEIGHT="55" WIDTH="1137" VPOS="742" HPOS="176" CONTENT="ר' שמעון אשכנזי.—ר' יוסף קלטי.- גרוש ספרד. — מגורשי ספרד מתקבלים"/></TextLine><TextLine ID="r1l6" BASELINE="848" HEIGHT="51" WIDTH="1135" VPOS="797" HPOS="176"><String ID="string_r1l6" HEIGHT="51" WIDTH="1135" VPOS="797" HPOS="176" CONTENT="בתוגרמה — המדפיסים הראשונים יעקב ושמואל נחמיאס. - גרוש פורטוגל.—"/></TextLine><TextLine ID="r1l7" BASELINE="898" HEIGHT="46" WIDTH="1136" VPOS="852" HPOS="177"><String ID="string_r1l7" HEIGHT="46" WIDTH="1136" VPOS="852" HPOS="177" CONTENT="ר' אליהו מזרחי. - ר' דוד כהן— ר' יהודה בנבנשת.—ר' יוסף פאסי.—"/></TextLine><TextLine ID="r1l8" BASELINE="960" HEIGHT="57" WIDTH="1145" VPOS="903" HPOS="179"><String ID="string_r1l8" HEIGHT="57" WIDTH="1145" VPOS="903" HPOS="179" CONTENT="ר׳ יעקב חביב –ר' דוד טסיר ליאון-— הקאייא ר' שאלתיאל.— דון דוד יחיא.—"/></TextLine><TextLine ID="r1l9" BASELINE="1106" HEIGHT="63" WIDTH="1244" VPOS="1043" HPOS="57"><String ID="string_r1l9" HEIGHT="63" WIDTH="1244" VPOS="1043" HPOS="57" CONTENT="אחרי מות שלטן מחמד ב׳ אמר הוזיר הגדול מחמד קאראמאנלי להמליך את"/></TextLine><TextLine ID="r1l10" BASELINE="1162" HEIGHT="57" WIDTH="1356" VPOS="1105" HPOS="59"><String ID="string_r1l10" HEIGHT="57" WIDTH="1356" VPOS="1105" HPOS="59" CONTENT="הכן הקטן אשר לשלטן, את הנסיך ג'ים, במקום יורש העצר אשר לו משפט הבכורה,"/></TextLine><TextLine ID="r1l11" BASELINE="1216" HEIGHT="56" WIDTH="1343" VPOS="1160" HPOS="67"><String ID="string_r1l11" HEIGHT="56" WIDTH="1343" VPOS="1160" HPOS="67" CONTENT="במקום באיאזיד, ויעש בערמה להסתיר מות השלטן עד בא בחירו הרצוי בעיניו,"/></TextLine><TextLine ID="r1l12" BASELINE="1265" HEIGHT="50" WIDTH="1344" VPOS="1215" HPOS="65"><String ID="string_r1l12" HEIGHT="50" WIDTH="1344" VPOS="1215" HPOS="65" CONTENT="ואחרי אשר שם גוית המת במרכבת הכבוד, שב עם כל הכבודה לעיר הבירה בלוית"/></TextLine><TextLine ID="r1l13" BASELINE="1325" HEIGHT="54" WIDTH="1356" VPOS="1271" HPOS="57"><String ID="string_r1l13" HEIGHT="54" WIDTH="1356" VPOS="1271" HPOS="57" CONTENT="שרי המלכות, והודיע כי השלטן הגיד רצונו לנוח מעט מטרדת הדרך ולשים אחרי כן"/></TextLine><TextLine ID="r1l14" BASELINE="1378" HEIGHT="54" WIDTH="1358" VPOS="1324" HPOS="52"><String ID="string_r1l14" HEIGHT="54" WIDTH="1358" VPOS="1324" HPOS="52" CONTENT="פעמיו לשדה המלחמה. אך ערמתו לא עמדה לו, כי רוב האנשים הקרובים למלכות"/></TextLine><TextLine ID="r1l15" BASELINE="1431" HEIGHT="54" WIDTH="1351" VPOS="1377" HPOS="66"><String ID="string_r1l15" HEIGHT="54" WIDTH="1351" VPOS="1377" HPOS="66" CONTENT="הרגישו בערמתו, ואנשי חיל היאניצירים מרדו בשריהם. וכן היה, כי „בכל אלה הימים"/></TextLine><TextLine ID="r1l16" BASELINE="1486" HEIGHT="57" WIDTH="1352" VPOS="1429" HPOS="57"><String ID="string_r1l16" HEIGHT="57" WIDTH="1352" VPOS="1429" HPOS="57" CONTENT="נעשה שלל רב ובזה עצומה ליהודים ולגוים בקוסטדינא, אין מלך בקוסטדינא כל איש"/></TextLine><TextLine ID="r1l17" BASELINE="1535" HEIGHT="42" WIDTH="392" VPOS="1493" HPOS="1019"><String ID="string_r1l17" HEIGHT="42" WIDTH="392" VPOS="1493" HPOS="1019" CONTENT="הישר בעיניו יעשה״1)."/></TextLine><TextLine ID="r1l18" BASELINE="1590" HEIGHT="52" WIDTH="1244" VPOS="1538" HPOS="59"><String ID="string_r1l18" HEIGHT="52" WIDTH="1244" VPOS="1538" HPOS="59" CONTENT="„ביה בליליא ליל שני של שבועות, חקות קציר ישמור לנו, לא לנו ה' כי"/></TextLine><TextLine ID="r1l19" BASELINE="1649" HEIGHT="57" WIDTH="1351" VPOS="1592" HPOS="59"><String ID="string_r1l19" HEIGHT="57" WIDTH="1351" VPOS="1592" HPOS="59" CONTENT="לשמך תן כבוד חכמים ינחלו ותמימים יתמכו טוב; ויבקשו היינצירי לשלח יד להרוג"/></TextLine><TextLine ID="r1l20" BASELINE="1705" HEIGHT="59" WIDTH="1351" VPOS="1646" HPOS="59"><String ID="string_r1l20" HEIGHT="59" WIDTH="1351" VPOS="1646" HPOS="59" CONTENT="את האלוף מהר&#34;ר משה קפסאלי, וימררוהו ורובו וישטמוהו בעלי חצים, כי שומה"/></TextLine><TextLine ID="r1l21" BASELINE="1759" HEIGHT="57" WIDTH="1346" VPOS="1702" HPOS="63"><String ID="string_r1l21" HEIGHT="57" WIDTH="1346" VPOS="1702" HPOS="63" CONTENT="היתה על לבם מיום ענותו והכותו את בחורי ישראל אשר הי' מתחברים עם היינצירי"/></TextLine><TextLine ID="r1l22" BASELINE="1820" HEIGHT="58" WIDTH="1346" VPOS="1762" HPOS="59"><String ID="string_r1l22" HEIGHT="58" WIDTH="1346" VPOS="1762" HPOS="59" CONTENT="וימרר את חייהם בענוים קשים ורעים ויאסור אותם לעיניהם... על כן חרה אף היינצירי"/></TextLine><TextLine ID="r1l23" BASELINE="1870" HEIGHT="60" WIDTH="1348" VPOS="1810" HPOS="59"><String ID="string_r1l23" HEIGHT="60" WIDTH="1348" VPOS="1810" HPOS="59" CONTENT="על הרב ויאמרו: אך זה היום שקוינו מצאנו ראינו, והשב נשיב לו כל הרעה אשר"/></TextLine><TextLine ID="r1l24" BASELINE="1932" HEIGHT="63" WIDTH="1346" VPOS="1869" HPOS="55"><String ID="string_r1l24" HEIGHT="63" WIDTH="1346" VPOS="1869" HPOS="55" CONTENT="נמלנו. ויהי בחצות הלילה ואנשי הבליעל הייניצירי נסבו על הבית, מתדפקים על דלת"/></TextLine><TextLine ID="r1l25" BASELINE="1987" HEIGHT="62" WIDTH="1341" VPOS="1925" HPOS="59"><String ID="string_r1l25" HEIGHT="62" WIDTH="1341" VPOS="1925" HPOS="59" CONTENT="הרב ויגשו לשבור הדלת. המה מטיבים את לבם והנה אשה תוגרמית לקראתם, בעד"/></TextLine><TextLine ID="r1l26" BASELINE="2045" HEIGHT="63" WIDTH="1345" VPOS="1982" HPOS="52"><String ID="string_r1l26" HEIGHT="63" WIDTH="1345" VPOS="1982" HPOS="52" CONTENT="אשנבה נשקפה, ותאמר להם: מה לכם כי נזעקתם אחרי הדלת הזאת? אחי, מאין אתם?"/></TextLine><TextLine ID="r1l27" BASELINE="2100" HEIGHT="62" WIDTH="1353" VPOS="2038" HPOS="48"><String ID="string_r1l27" HEIGHT="62" WIDTH="1353" VPOS="2038" HPOS="48" CONTENT="ויאמרו: מחרון אף ה' אשר שלחנו בעיר לשחתה. ותצעק בקול גדול: אל נא אחי תרעו."/></TextLine><TextLine ID="r1l28" BASELINE="2157" HEIGHT="56" WIDTH="1350" VPOS="2101" HPOS="51"><String ID="string_r1l28" HEIGHT="56" WIDTH="1350" VPOS="2101" HPOS="51" CONTENT="הידעתם כי יש בבתים האלה רק תוגרמים, אין זר אתנו בשכונה הזאת, ועתה דעו מה"/></TextLine><TextLine ID="r1l29" BASELINE="2215" HEIGHT="48" WIDTH="1358" VPOS="2167" HPOS="46"><String ID="string_r1l29" HEIGHT="48" WIDTH="1358" VPOS="2167" HPOS="46" CONTENT="תעשו. כשמוע היינצירי את דברי הנערה וינוסו. ויסעו היינצירי ויבקשו סביב העיר,"/></TextLine><TextLine ID="r1l30" BASELINE="2275" HEIGHT="61" WIDTH="1356" VPOS="2214" HPOS="50"><String ID="string_r1l30" HEIGHT="61" WIDTH="1356" VPOS="2214" HPOS="50" CONTENT="ויקראו למשה ולאף חרון לילה, מגיד שהיו מחזירין על פתחי העיר וצועקים: היכן משה"/></TextLine><TextLine ID="r1l31" BASELINE="2331" HEIGHT="56" WIDTH="1338" VPOS="2275" HPOS="53"><String ID="string_r1l31" HEIGHT="56" WIDTH="1338" VPOS="2275" HPOS="53" CONTENT="שרוי? המה הרחיקו מבית הרב, והתוגרמים אשר בבתים עם בית הרב נזעקו ויקראו"/></TextLine><TextLine ID="r1l32" BASELINE="2470" HEIGHT="60" WIDTH="451" VPOS="2410" HPOS="827"><String ID="string_r1l32" HEIGHT="60" WIDTH="451" VPOS="2410" HPOS="827" CONTENT="1) רבי אליהו הנ&#34;ל פרק ל&#34;ז."/></TextLine></TextBlock></PrintSpace></Page></Layout></alto>