<?xml version="1.0" encoding="UTF-8"?><alto xmlns:xsi="http://www.w3.org/2001/XMLSchema-instance" xmlns="http://www.loc.gov/standards/alto/ns-v2#" xmlns:page="http://schema.primaresearch.org/PAGE/gts/pagecontent/2013-07-15" xsi:schemaLocation="http://schema.primaresearch.org/PAGE/gts/pagecontent/2013-07-15 http://schema.primaresearch.org/PAGE/gts/pagecontent/2013-07-15/pagecontent.xsd http://www.loc.gov/standards/alto/ns-v2# http://www.loc.gov/standards/alto/alto-v2.0.xsd"><Description><MeasurementUnit>pixel</MeasurementUnit></Description><Layout><Page ID="Page1" PHYSICAL_IMG_NR="1" HEIGHT="2600" WIDTH="1668"><TopMargin HEIGHT="0" WIDTH="1668" VPOS="0" HPOS="0"/><LeftMargin HEIGHT="2600" WIDTH="0" VPOS="0" HPOS="0"/><RightMargin HEIGHT="2600" WIDTH="0" VPOS="0" HPOS="1668"/><BottomMargin HEIGHT="0" WIDTH="1668" VPOS="2600" HPOS="0"/><PrintSpace HEIGHT="2600" WIDTH="1668" VPOS="0" HPOS="0"><TextBlock ID="r1" HEIGHT="2323" WIDTH="1372" VPOS="125" HPOS="151"><Shape><Polygon POINTS="151,125 151,2448 1523,2448 1523,125"/></Shape><TextLine ID="r1l2" BASELINE="163" HEIGHT="49" WIDTH="325" VPOS="114" HPOS="706"><String ID="string_r1l2" HEIGHT="49" WIDTH="325" VPOS="114" HPOS="706" CONTENT="השלטנים הראשונים"/></TextLine><TextLine ID="r1l1" BASELINE="156" HEIGHT="40" WIDTH="70" VPOS="116" HPOS="187"><String ID="string_r1l1" HEIGHT="40" WIDTH="70" VPOS="116" HPOS="187" CONTENT="3"/></TextLine><TextLine ID="r1l4" BASELINE="278" HEIGHT="56" WIDTH="1344" VPOS="222" HPOS="188"><String ID="string_r1l4" HEIGHT="56" WIDTH="1344" VPOS="222" HPOS="188" CONTENT="הזה, צותה כי בכל עת מסירת הכסף יבואו הגזברים אל פקיד האוצר עם ספר"/></TextLine><TextLine ID="r1l5" BASELINE="332" HEIGHT="49" WIDTH="1077" VPOS="283" HPOS="452"><String ID="string_r1l5" HEIGHT="49" WIDTH="1077" VPOS="283" HPOS="452" CONTENT="תורה בידם, וישבעו עליו כי חשבו באמונה עד סוף פרוטה אחרונה."/></TextLine><TextLine ID="r1l6" BASELINE="385" HEIGHT="57" WIDTH="1234" VPOS="328" HPOS="193"><String ID="string_r1l6" HEIGHT="57" WIDTH="1234" VPOS="328" HPOS="193" CONTENT="אמנם ברוב הימים הוטל מס הכרגא על הערים, ותושבי הערים חלקו אותו"/></TextLine><TextLine ID="r1l7" BASELINE="448" HEIGHT="64" WIDTH="1343" VPOS="384" HPOS="187"><String ID="string_r1l7" HEIGHT="64" WIDTH="1343" VPOS="384" HPOS="187" CONTENT="לבני דת, באופן שדרשו מן המחמדנים, הנוצרים והיהודים לשלם חלקם הנוגע להם,"/></TextLine><TextLine ID="r1l8" BASELINE="501" HEIGHT="61" WIDTH="1341" VPOS="440" HPOS="187"><String ID="string_r1l8" HEIGHT="61" WIDTH="1341" VPOS="440" HPOS="187" CONTENT="ובעל הזכרונות כתב: „אבל בנדון שלנו שתובעים כאראג'י, דהיינו כסף גילגלתא, הכל"/></TextLine><TextLine ID="r1l9" BASELINE="553" HEIGHT="56" WIDTH="1341" VPOS="497" HPOS="187"><String ID="string_r1l9" HEIGHT="56" WIDTH="1341" VPOS="497" HPOS="187" CONTENT="לפי מה שהם, כל עיר ועיר כפי סך הכאראג'ים הנתונים בפנקס המלך, אם כן מעולם"/></TextLine><TextLine ID="r1l10" BASELINE="611" HEIGHT="59" WIDTH="1346" VPOS="552" HPOS="181"><String ID="string_r1l10" HEIGHT="59" WIDTH="1346" VPOS="552" HPOS="181" CONTENT="לא אמר אדם שיהיה נגבה לפי ממון... ומה לו אם יקראו שם כאראג'י, ועוד דאמינא אם"/></TextLine><TextLine ID="r1l11" BASELINE="664" HEIGHT="54" WIDTH="1343" VPOS="610" HPOS="181"><String ID="string_r1l11" HEIGHT="54" WIDTH="1343" VPOS="610" HPOS="181" CONTENT="היו גובין המס לפי הגולגולת, דהיינו שהיה גבאי המלך בא לעיר ומונה כמה אנשים יש,"/></TextLine><TextLine ID="r1l12" BASELINE="720" HEIGHT="57" WIDTH="1353" VPOS="663" HPOS="175"><String ID="string_r1l12" HEIGHT="57" WIDTH="1353" VPOS="663" HPOS="175" CONTENT="וכל העובר על הפקודים היה נותן כך וכך, היה אפשר לצדד שיפדו לפי נפשות,"/></TextLine><TextLine ID="r1l13" BASELINE="776" HEIGHT="56" WIDTH="1340" VPOS="720" HPOS="184"><String ID="string_r1l13" HEIGHT="56" WIDTH="1340" VPOS="720" HPOS="184" CONTENT="אמנם מאחר דמוהרקייהו דהני בי גבי מלכא קצוב עיר פלונית כך וכך פאראג'ירים,"/></TextLine><TextLine ID="r1l14" BASELINE="823" HEIGHT="51" WIDTH="1348" VPOS="772" HPOS="176"><String ID="string_r1l14" HEIGHT="51" WIDTH="1348" VPOS="772" HPOS="176" CONTENT="וכן גובין מכל עיר בלי תוספת ומגרעת, אפילו יפחתו או יותירו הנמצאים בעיר על"/></TextLine><TextLine ID="r1l15" BASELINE="880" HEIGHT="54" WIDTH="1348" VPOS="826" HPOS="177"><String ID="string_r1l15" HEIGHT="54" WIDTH="1348" VPOS="826" HPOS="177" CONTENT="מה שכתוב בפנקס המלך... שהתביעה היא סך ממון אפילו שבשם כאראנ'י יכונה מכל"/></TextLine><TextLine ID="r1l16" BASELINE="936" HEIGHT="56" WIDTH="1350" VPOS="880" HPOS="178"><String ID="string_r1l16" HEIGHT="56" WIDTH="1350" VPOS="880" HPOS="178" CONTENT="מקום כונתם על הממון, ומה שאומרים כאראג'י היינו לפי שרואים שתתן כל עיר"/></TextLine><TextLine ID="r1l17" BASELINE="990" HEIGHT="55" WIDTH="1348" VPOS="935" HPOS="179"><String ID="string_r1l17" HEIGHT="55" WIDTH="1348" VPOS="935" HPOS="179" CONTENT="ועיר לפי ערכה, ואינם יכולים להעריך הממון, דמנא ידעי הממון שיש בעיר (למרות)"/></TextLine><TextLine ID="r1l18" BASELINE="1048" HEIGHT="57" WIDTH="1333" VPOS="991" HPOS="190"><String ID="string_r1l18" HEIGHT="57" WIDTH="1333" VPOS="991" HPOS="190" CONTENT="הכאראג'י העיקריי שמעיקרא נתקן על הגולגלות... ואין לומר מה שמטיל המלך זה"/></TextLine><TextLine ID="r1l19" BASELINE="1097" HEIGHT="50" WIDTH="1341" VPOS="1047" HPOS="178"><String ID="string_r1l19" HEIGHT="50" WIDTH="1341" VPOS="1047" HPOS="178" CONTENT="המס הוא לפטיר את היהודים והערלים שלא ילכו למלחמה... אפשר שהוא עזר וסיוע"/></TextLine><TextLine ID="r1l20" BASELINE="1162" HEIGHT="57" WIDTH="1343" VPOS="1105" HPOS="182"><String ID="string_r1l20" HEIGHT="57" WIDTH="1343" VPOS="1105" HPOS="182" CONTENT="למלחמה... וכשתתקרב מלחמה גדולה שצריך אנשים הרבה, מטילין כאראג'י נוסף"/></TextLine><TextLine ID="r1l21" BASELINE="1218" HEIGHT="56" WIDTH="1338" VPOS="1162" HPOS="185"><String ID="string_r1l21" HEIGHT="56" WIDTH="1338" VPOS="1162" HPOS="185" CONTENT="באקרפתא דגברי מוטל יחד עשיר ואביון... ולא נחתי לדקדק ולמנות נשים, רק"/></TextLine><TextLine ID="r1l22" BASELINE="1273" HEIGHT="56" WIDTH="1341" VPOS="1217" HPOS="183"><String ID="string_r1l22" HEIGHT="56" WIDTH="1341" VPOS="1217" HPOS="183" CONTENT="ככתוב בפנקס המלך בין יוסיפו בין יגרעוהו&#34; (לב שלמה לר' שלמה הלוי ח&#34;ם סו)."/></TextLine><TextLine ID="r1l23" BASELINE="1328" HEIGHT="54" WIDTH="1247" VPOS="1274" HPOS="166"><String ID="string_r1l23" HEIGHT="54" WIDTH="1247" VPOS="1274" HPOS="166" CONTENT="לכלכלת צרכי העדה, תקנו יהודי ברוסה תקנה אשר על פיה בררו להם אנשים מספר"/></TextLine><TextLine ID="r1l24" BASELINE="1382" HEIGHT="53" WIDTH="1339" VPOS="1329" HPOS="185"><String ID="string_r1l24" HEIGHT="53" WIDTH="1339" VPOS="1329" HPOS="185" CONTENT="למען יעריכו את כל אחד מיחידי הקהל, מה שיראה בעיניהם לשם שמים, כל אחד כפי"/></TextLine><TextLine ID="r1l25" BASELINE="1438" HEIGHT="54" WIDTH="1344" VPOS="1384" HPOS="176"><String ID="string_r1l25" HEIGHT="54" WIDTH="1344" VPOS="1384" HPOS="176" CONTENT="מעותיו, ויהיה על כל פנים קרוב (למדת האמת), והאנשים אשר אין להם קרן, רק שהם"/></TextLine><TextLine ID="r1l26" BASELINE="1495" HEIGHT="58" WIDTH="1338" VPOS="1437" HPOS="183"><String ID="string_r1l26" HEIGHT="58" WIDTH="1338" VPOS="1437" HPOS="183" CONTENT="מרויחים מזונותם, שמים אותם בערך שלשה לבנים, וקורים אותם גלגלת שקורין בא&#34;ש"/></TextLine><TextLine ID="r1l27" BASELINE="1552" HEIGHT="58" WIDTH="1360" VPOS="1494" HPOS="167"><String ID="string_r1l27" HEIGHT="58" WIDTH="1360" VPOS="1494" HPOS="167" CONTENT="אקג'י&#34;סי. ועוד יש להם מנהג פשוט שאחר שגומרים העריכה מכל הקהל מסירים"/></TextLine><TextLine ID="r1l28" BASELINE="1603" HEIGHT="56" WIDTH="1346" VPOS="1547" HPOS="174"><String ID="string_r1l28" HEIGHT="56" WIDTH="1346" VPOS="1547" HPOS="174" CONTENT="ששה   גלגלות, והטעם הוא כי... אין מטילין אותם על כל היחידים רק על"/></TextLine><TextLine ID="r1l29" BASELINE="1664" HEIGHT="60" WIDTH="1356" VPOS="1604" HPOS="167"><String ID="string_r1l29" HEIGHT="60" WIDTH="1356" VPOS="1604" HPOS="167" CONTENT="הקדשים אשר בק&#34;ק (היינו מכירת המצות והנדבות), והם מוכרחים למכור"/></TextLine><TextLine ID="r1l30" BASELINE="1716" HEIGHT="54" WIDTH="1353" VPOS="1662" HPOS="174"><String ID="string_r1l30" HEIGHT="54" WIDTH="1353" VPOS="1662" HPOS="174" CONTENT="אותם וכדי שלא יפסיד ההקדש, כי הגלגלות אשר כעת הם מרויחים מזונותם"/></TextLine><TextLine ID="r1l31" BASELINE="1774" HEIGHT="54" WIDTH="1361" VPOS="1720" HPOS="163"><String ID="string_r1l31" HEIGHT="54" WIDTH="1361" VPOS="1720" HPOS="163" CONTENT="אפשר שלא ירויחו (אחרי כן), או אם ילכו מחוץ לעיר ולא יוכלו ליקח מהם, ולכן"/></TextLine><TextLine ID="r1l32" BASELINE="1825" HEIGHT="51" WIDTH="1353" VPOS="1774" HPOS="170"><String ID="string_r1l32" HEIGHT="51" WIDTH="1353" VPOS="1774" HPOS="170" CONTENT="מסירים  ששה גלגלות וכו'. ולפעמים היו מרויחים כשהיו גובים בשלמות,"/></TextLine><TextLine ID="r1l33" BASELINE="1885" HEIGHT="54" WIDTH="1351" VPOS="1831" HPOS="173"><String ID="string_r1l33" HEIGHT="54" WIDTH="1351" VPOS="1831" HPOS="173" CONTENT="ו היו   מוסיפים על קדש הקדשים... כי כל גלגלות שכותבים בפנקס העריכה"/></TextLine><TextLine ID="r1l34" BASELINE="1942" HEIGHT="51" WIDTH="508" VPOS="1891" HPOS="1020"><String ID="string_r1l34" HEIGHT="51" WIDTH="508" VPOS="1891" HPOS="1020" CONTENT="אין פוטרין אותו עד שימית 6)."/></TextLine><TextLine ID="r1l35" BASELINE="1998" HEIGHT="56" WIDTH="1247" VPOS="1942" HPOS="165"><String ID="string_r1l35" HEIGHT="56" WIDTH="1247" VPOS="1942" HPOS="165" CONTENT="יהודי ברוסא היו כלם מכני הרומאנטים, אן בני רומאניא, לאמר, יונים מקסרות"/></TextLine><TextLine ID="r1l36" BASELINE="2052" HEIGHT="55" WIDTH="1356" VPOS="1997" HPOS="167"><String ID="string_r1l36" HEIGHT="55" WIDTH="1356" VPOS="1997" HPOS="167" CONTENT="הביזאנטית. הם דברו ביניהם בלשין היונית, אך ברוב הימים באו לברוסה, כמו ליתר"/></TextLine><TextLine ID="r1l37" BASELINE="2107" HEIGHT="45" WIDTH="1358" VPOS="2062" HPOS="158"><String ID="string_r1l37" HEIGHT="45" WIDTH="1358" VPOS="2062" HPOS="158" CONTENT="ערי תוגרמה, יהודי ערב, סיריא, צרפת ואשכנז, ובסוף גרושי ספרד במספר יותר רב"/></TextLine><TextLine ID="r1l38" BASELINE="2166" HEIGHT="58" WIDTH="1350" VPOS="2108" HPOS="166"><String ID="string_r1l38" HEIGHT="58" WIDTH="1350" VPOS="2108" HPOS="166" CONTENT="עד אשר נשכחה השפה היונית מפיהם, ובמקומה למדו הספרדית, אשר נתקבלה לשפה"/></TextLine><TextLine ID="r1l39" BASELINE="2222" HEIGHT="57" WIDTH="1350" VPOS="2165" HPOS="172"><String ID="string_r1l39" HEIGHT="57" WIDTH="1350" VPOS="2165" HPOS="172" CONTENT="כללית לכל יהודי תוגרמה. ימים אחדים אחרי נצחון ברוסה, השלטן אורכאן, ברצותו"/></TextLine><TextLine ID="r1l40" BASELINE="2276" HEIGHT="57" WIDTH="1358" VPOS="2219" HPOS="161"><String ID="string_r1l40" HEIGHT="57" WIDTH="1358" VPOS="2219" HPOS="161" CONTENT="לחזק יסודות הממשלה ולכבוש ארצות חדשות, חשב לאסוף אנשי חיל במספר רב."/></TextLine><TextLine ID="r1l41" BASELINE="2401" HEIGHT="59" WIDTH="1277" VPOS="2342" HPOS="143"><String ID="string_r1l41" HEIGHT="59" WIDTH="1277" VPOS="2342" HPOS="143" CONTENT="6) ר' חיים בנבנשתי (בעי חיי, חשן המשפט סי' ע&#34;ב, שאלה מברושא). המלות"/></TextLine><TextLine ID="r1l42" BASELINE="2448" HEIGHT="50" WIDTH="1077" VPOS="2398" HPOS="445"><String ID="string_r1l42" HEIGHT="50" WIDTH="1077" VPOS="2398" HPOS="445" CONTENT="המפוזרות הן מעצם השאלה ע&#34;פ הפנקס הישן הנמצא בעת ההיא בעיר."/></TextLine></TextBlock></PrintSpace></Page></Layout></alto>