<?xml version="1.0" encoding="UTF-8"?><alto xmlns:xsi="http://www.w3.org/2001/XMLSchema-instance" xmlns="http://www.loc.gov/standards/alto/ns-v2#" xmlns:page="http://schema.primaresearch.org/PAGE/gts/pagecontent/2013-07-15" xsi:schemaLocation="http://schema.primaresearch.org/PAGE/gts/pagecontent/2013-07-15 http://schema.primaresearch.org/PAGE/gts/pagecontent/2013-07-15/pagecontent.xsd http://www.loc.gov/standards/alto/ns-v2# http://www.loc.gov/standards/alto/alto-v2.0.xsd"><Description><MeasurementUnit>pixel</MeasurementUnit></Description><Layout><Page ID="Page1" PHYSICAL_IMG_NR="1" HEIGHT="2605" WIDTH="1676"><TopMargin HEIGHT="0" WIDTH="1676" VPOS="0" HPOS="0"/><LeftMargin HEIGHT="2605" WIDTH="0" VPOS="0" HPOS="0"/><RightMargin HEIGHT="2605" WIDTH="0" VPOS="0" HPOS="1676"/><BottomMargin HEIGHT="0" WIDTH="1676" VPOS="2605" HPOS="0"/><PrintSpace HEIGHT="2605" WIDTH="1676" VPOS="0" HPOS="0"><TextBlock ID="r1" HEIGHT="1959" WIDTH="1352" VPOS="493" HPOS="143"><Shape><Polygon POINTS="143,493 143,2452 1495,2452 1495,493"/></Shape><TextLine ID="r1l1" BASELINE="554" HEIGHT="84" WIDTH="263" VPOS="470" HPOS="689"><String ID="string_r1l1" HEIGHT="84" WIDTH="263" VPOS="470" HPOS="689" CONTENT="פרק א."/></TextLine><TextLine ID="r1l2" BASELINE="626" HEIGHT="56" WIDTH="1007" VPOS="570" HPOS="322"><String ID="string_r1l2" HEIGHT="56" WIDTH="1007" VPOS="570" HPOS="322" CONTENT="השלטנים הראשונים, ה״א ס׳—רי״א (1451-1300)."/></TextLine><TextLine ID="r1l3" BASELINE="703" HEIGHT="57" WIDTH="1134" VPOS="646" HPOS="263"><String ID="string_r1l3" HEIGHT="57" WIDTH="1134" VPOS="646" HPOS="263" CONTENT="צמיחת קיסרות העשמאנית ושלטן עשמאן— שלטן אורפאן—קהלת ברוסה, בנין"/></TextLine><TextLine ID="r1l4" BASELINE="757" HEIGHT="54" WIDTH="1139" VPOS="703" HPOS="252"><String ID="string_r1l4" HEIGHT="54" WIDTH="1139" VPOS="703" HPOS="252" CONTENT="בית הכנסת עץ חיים—חיל הייניטשרים— לכידת גאליפולי — שלטן מוראד א׳—"/></TextLine><TextLine ID="r1l5" BASELINE="811" HEIGHT="54" WIDTH="1128" VPOS="757" HPOS="259"><String ID="string_r1l5" HEIGHT="54" WIDTH="1128" VPOS="757" HPOS="259" CONTENT="לכידת אנגורה—לכידת אנדרינופלא—קהלת היהודים באנדרינופלא—המלחמה"/></TextLine><TextLine ID="r1l6" BASELINE="863" HEIGHT="50" WIDTH="1136" VPOS="813" HPOS="258"><String ID="string_r1l6" HEIGHT="50" WIDTH="1136" VPOS="813" HPOS="258" CONTENT="נגד הבולגארים—הנסיכה תמר בת המלכה היהודית תיאודורה— שלטן באיאזיד"/></TextLine><TextLine ID="r1l7" BASELINE="919" HEIGHT="56" WIDTH="1133" VPOS="863" HPOS="257"><String ID="string_r1l7" HEIGHT="56" WIDTH="1133" VPOS="863" HPOS="257" CONTENT="א׳— לכידת ניקופול ווידין—קהלות היהודים, מלחמת אזרחים —שלטן מחמד א׳—"/></TextLine><TextLine ID="r1l8" BASELINE="972" HEIGHT="53" WIDTH="1127" VPOS="919" HPOS="264"><String ID="string_r1l8" HEIGHT="53" WIDTH="1127" VPOS="919" HPOS="264" CONTENT="מרידת הדרוישים והמומר שמואל— הארכונות יצחק חזן— שלטן מוראד ב׳—"/></TextLine><TextLine ID="r1l9" BASELINE="1029" HEIGHT="54" WIDTH="1129" VPOS="975" HPOS="260"><String ID="string_r1l9" HEIGHT="54" WIDTH="1129" VPOS="975" HPOS="260" CONTENT="חיל הגוריבה—ר' חנוך צפורתא— לכידת שאלוניק—ר׳ שלום אשכנזי מנוושטט—"/></TextLine><TextLine ID="r1l10" BASELINE="1086" HEIGHT="56" WIDTH="1130" VPOS="1030" HPOS="261"><String ID="string_r1l10" HEIGHT="56" WIDTH="1130" VPOS="1030" HPOS="261" CONTENT="ר׳ דוסא חיוני—ר׳ יצחק צרפתי — יעקב רופא השלטן ויורש העצר — לכידת"/></TextLine><TextLine ID="r1l11" BASELINE="1138" HEIGHT="51" WIDTH="585" VPOS="1087" HPOS="528"><String ID="string_r1l11" HEIGHT="51" WIDTH="585" VPOS="1087" HPOS="528" CONTENT="פטרך והיהודים—מות שלטן מוראד ב'."/></TextLine><TextLine ID="r1l12" BASELINE="1264" HEIGHT="52" WIDTH="1255" VPOS="1212" HPOS="144"><String ID="string_r1l12" HEIGHT="52" WIDTH="1255" VPOS="1212" HPOS="144" CONTENT="ימי הבינים עוד לא ספו תמו, כנסת ישראל עוד לא שתתה כליל כוס התמרורים,"/></TextLine><TextLine ID="r1l13" BASELINE="1326" HEIGHT="59" WIDTH="1349" VPOS="1267" HPOS="145"><String ID="string_r1l13" HEIGHT="59" WIDTH="1349" VPOS="1267" HPOS="145" CONTENT="תלאות עד אין חקר, רדיפות איומות נכונו לבוא על היהודים בכל ארצות פזוריהם"/></TextLine><TextLine ID="r1l14" BASELINE="1375" HEIGHT="53" WIDTH="1352" VPOS="1322" HPOS="152"><String ID="string_r1l14" HEIGHT="53" WIDTH="1352" VPOS="1322" HPOS="152" CONTENT="ומכל עברים. צרפת ואשכנז עתידות היו לגרש מארצותיהן בני ישראל, ובחצי האי"/></TextLine><TextLine ID="r1l15" BASELINE="1432" HEIGHT="58" WIDTH="1346" VPOS="1374" HPOS="151"><String ID="string_r1l15" HEIGHT="58" WIDTH="1346" VPOS="1374" HPOS="151" CONTENT="הפיריני החלה ההצלחה לפנות עורף למאמיני דת האיסלאם, לאסון הערבים והעברים"/></TextLine><TextLine ID="r1l16" BASELINE="1485" HEIGHT="56" WIDTH="1349" VPOS="1429" HPOS="145"><String ID="string_r1l16" HEIGHT="56" WIDTH="1349" VPOS="1429" HPOS="145" CONTENT="גם יחד. כמעט אור חצי הירח החל להחשיך בספרד, ההשגחה האלהית, כמו להכין"/></TextLine><TextLine ID="r1l17" BASELINE="1540" HEIGHT="55" WIDTH="1354" VPOS="1485" HPOS="144"><String ID="string_r1l17" HEIGHT="55" WIDTH="1354" VPOS="1485" HPOS="144" CONTENT="מפלט ומנוס לשארית הגולה, החלה להבריק אור חצי הירח בקצה הארץ בקיסרית"/></TextLine><TextLine ID="r1l18" BASELINE="1596" HEIGHT="39" WIDTH="204" VPOS="1557" HPOS="1293"><String ID="string_r1l18" HEIGHT="39" WIDTH="204" VPOS="1557" HPOS="1293" CONTENT="העשמאנית."/></TextLine><TextLine ID="r1l19" BASELINE="1652" HEIGHT="55" WIDTH="1248" VPOS="1597" HPOS="142"><String ID="string_r1l19" HEIGHT="55" WIDTH="1248" VPOS="1597" HPOS="142" CONTENT="בשנת תרצ״ט להיג׳יר, היא שנת ששים לאלף הששי (1300), החלה לצמוח קרן"/></TextLine><TextLine ID="r1l20" BASELINE="1714" HEIGHT="58" WIDTH="1342" VPOS="1656" HPOS="143"><String ID="string_r1l20" HEIGHT="58" WIDTH="1342" VPOS="1656" HPOS="143" CONTENT="שבט תרכי בפאת ארץ אסיא הצעירה הנקרא „רום״ מיוצאי חלצי אוטש-אוק״1)"/></TextLine><TextLine ID="r1l21" BASELINE="1771" HEIGHT="58" WIDTH="1106" VPOS="1713" HPOS="393"><String ID="string_r1l21" HEIGHT="58" WIDTH="1106" VPOS="1713" HPOS="393" CONTENT="ובראשו ההימיר (נסיך) עשמאן2) בן אירטונרול מיסד הקיסרית הזאת."/></TextLine><TextLine ID="r1l22" BASELINE="1826" HEIGHT="57" WIDTH="1255" VPOS="1769" HPOS="136"><String ID="string_r1l22" HEIGHT="57" WIDTH="1255" VPOS="1769" HPOS="136" CONTENT="השלטן עשמאן בעלותו על כסא המלוכה נלחם פעמים רבות עם שכניו הביזאנטים"/></TextLine><TextLine ID="r1l23" BASELINE="1882" HEIGHT="56" WIDTH="1352" VPOS="1826" HPOS="147"><String ID="string_r1l23" HEIGHT="56" WIDTH="1352" VPOS="1826" HPOS="147" CONTENT="והתרכים הסלדשוסים, והנצחון עמד תמיד לימינו. ערי המבצר קארה-היסאר"/></TextLine><TextLine ID="r1l25" BASELINE="1986" HEIGHT="54" WIDTH="1248" VPOS="1932" HPOS="142"><String ID="string_r1l25" HEIGHT="54" WIDTH="1248" VPOS="1932" HPOS="142" CONTENT="1) אוטש-אוק, או שלשת חצים, הוא שם השבט אשר יצאו ממנו העשמאנים — לפי"/></TextLine><TextLine ID="r1l26" BASELINE="2028" HEIGHT="42" WIDTH="1356" VPOS="1986" HPOS="139"><String ID="string_r1l26" HEIGHT="42" WIDTH="1356" VPOS="1986" HPOS="139" CONTENT="האגדה איש נכבד „תורג&#34; או „תוגר&#34; (אשר ממנו נגזר הכנוי תוגר, תוגרמה, כאשר יכנו"/></TextLine><TextLine ID="r1l27" BASELINE="2076" HEIGHT="49" WIDTH="1349" VPOS="2027" HPOS="137"><String ID="string_r1l27" HEIGHT="49" WIDTH="1349" VPOS="2027" HPOS="137" CONTENT="היהודים את העם הזה) אבי התרכים היו לו ששה בנים, ויהי היום וישלחם השדה, והם הביאו"/></TextLine><TextLine ID="r1l28" BASELINE="2129" HEIGHT="55" WIDTH="1359" VPOS="2074" HPOS="137"><String ID="string_r1l28" HEIGHT="55" WIDTH="1359" VPOS="2074" HPOS="137" CONTENT="לו שלשה חצים וקשת אחת אשר מצאו בשדה, האב שבר הקשת ויתנה לשלשת בניו הגדולים"/></TextLine><TextLine ID="r1l29" BASELINE="2178" HEIGHT="55" WIDTH="1351" VPOS="2123" HPOS="142"><String ID="string_r1l29" HEIGHT="55" WIDTH="1351" VPOS="2123" HPOS="142" CONTENT="אשר נקראו „בוזוק&#34; (שבר), ואל שלשת בניו הצעירים נתן החצים, אשר על כן נקראו אוטש-אוק."/></TextLine><TextLine ID="r1l30" BASELINE="2223" HEIGHT="54" WIDTH="1250" VPOS="2169" HPOS="135"><String ID="string_r1l30" HEIGHT="54" WIDTH="1250" VPOS="2169" HPOS="135" CONTENT=" 2) עשמאן Osman (אוסמאן) *** (כמלה העברית עצם) אשר ממנו נשחת השם"/></TextLine><TextLine ID="r1l31" BASELINE="2269" HEIGHT="50" WIDTH="1351" VPOS="2219" HPOS="138"><String ID="string_r1l31" HEIGHT="50" WIDTH="1351" VPOS="2219" HPOS="138" CONTENT="אוטימאן, בהיות כי הערבים יבטאו השם הזה כמו אוצמאן (ראה ספר המלים התרכי-צרפתי"/></TextLine><TextLine ID="r1l32" BASELINE="2318" HEIGHT="57" WIDTH="1350" VPOS="2261" HPOS="136"><String ID="string_r1l32" HEIGHT="57" WIDTH="1350" VPOS="2261" HPOS="136" CONTENT="מאת החכם סאלופ' מלת עשמאן), היהודים הקדמונים היו קוראים העשמאנים, עותשמאנים או"/></TextLine><TextLine ID="r1l33" BASELINE="2366" HEIGHT="54" WIDTH="1354" VPOS="2312" HPOS="141"><String ID="string_r1l33" HEIGHT="54" WIDTH="1354" VPOS="2312" HPOS="141" CONTENT="עותמאנים (ראה זכרונות ר׳ יונה אשכנזי, קושטנדינא 5504 ע׳ 146, אזולאי שם הגדולים ב׳ י&#34;ט"/></TextLine><TextLine ID="r1l34" BASELINE="2412" HEIGHT="60" WIDTH="1354" VPOS="2352" HPOS="134"><String ID="string_r1l34" HEIGHT="60" WIDTH="1354" VPOS="2352" HPOS="134" CONTENT="ורבי אליהו לר׳ אליהו קפסאלי) לפי דברי הסופרים העברים שלשלת יוחסין של השלטן עשמאן"/></TextLine><TextLine ID="r1l35" BASELINE="2451" HEIGHT="50" WIDTH="565" VPOS="2401" HPOS="922"><String ID="string_r1l35" HEIGHT="50" WIDTH="565" VPOS="2401" HPOS="922" CONTENT="תעלה עד נח (זכרונות ר׳ יונה, שם)."/></TextLine></TextBlock></PrintSpace></Page></Layout></alto>