<?xml version="1.0" encoding="UTF-8"?><alto xmlns:xsi="http://www.w3.org/2001/XMLSchema-instance" xmlns="http://www.loc.gov/standards/alto/ns-v2#" xmlns:page="http://schema.primaresearch.org/PAGE/gts/pagecontent/2013-07-15" xsi:schemaLocation="http://schema.primaresearch.org/PAGE/gts/pagecontent/2013-07-15 http://schema.primaresearch.org/PAGE/gts/pagecontent/2013-07-15/pagecontent.xsd http://www.loc.gov/standards/alto/ns-v2# http://www.loc.gov/standards/alto/alto-v2.0.xsd"><Description><MeasurementUnit>pixel</MeasurementUnit></Description><Layout><Page ID="Page1" PHYSICAL_IMG_NR="1" HEIGHT="2617" WIDTH="1695"><TopMargin HEIGHT="0" WIDTH="1695" VPOS="0" HPOS="0"/><LeftMargin HEIGHT="2617" WIDTH="0" VPOS="0" HPOS="0"/><RightMargin HEIGHT="2617" WIDTH="0" VPOS="0" HPOS="1695"/><BottomMargin HEIGHT="0" WIDTH="1695" VPOS="2617" HPOS="0"/><PrintSpace HEIGHT="2617" WIDTH="1695" VPOS="0" HPOS="0"><TextBlock ID="r1" HEIGHT="2362" WIDTH="1466" VPOS="54" HPOS="179"><Shape><Polygon POINTS="179,56 179,2416 1645,2414 1645,54"/></Shape><TextLine ID="line_1553619701919_580" BASELINE="370" HEIGHT="145" WIDTH="1435" VPOS="225" HPOS="226"><String ID="string_line_1553619701919_580" HEIGHT="145" WIDTH="1435" VPOS="225" HPOS="226" CONTENT="דברי ימי ישראל בתוגרמה"/></TextLine><TextLine ID="r1l11" BASELINE="521" HEIGHT="73" WIDTH="673" VPOS="448" HPOS="592"><String ID="string_r1l11" HEIGHT="73" WIDTH="673" VPOS="448" HPOS="592" CONTENT="על-פי מקורות ראשונים"/></TextLine><TextLine ID="r1l12" BASELINE="729" HEIGHT="75" WIDTH="721" VPOS="654" HPOS="573"><String ID="string_r1l12" HEIGHT="75" WIDTH="721" VPOS="654" HPOS="573" CONTENT="מהדורה שניה מושלמת ומתוקנת"/></TextLine><TextLine ID="r1l13" BASELINE="808" HEIGHT="60" WIDTH="535" VPOS="748" HPOS="675"><String ID="string_r1l13" HEIGHT="60" WIDTH="535" VPOS="748" HPOS="675" CONTENT="בהוספות ומלואים רבים"/></TextLine><TextLine ID="r1l14" BASELINE="949" HEIGHT="39" WIDTH="124" VPOS="910" HPOS="883"><String ID="string_r1l14" HEIGHT="39" WIDTH="124" VPOS="910" HPOS="883" CONTENT="מאת"/></TextLine><TextLine ID="r1l15" BASELINE="1033" HEIGHT="72" WIDTH="434" VPOS="961" HPOS="216"><String ID="string_r1l15" HEIGHT="72" WIDTH="434" VPOS="961" HPOS="216" CONTENT="הועתק והוכנס לאינטרנט"/></TextLine><TextLine ID="r1l16" BASELINE="1092" HEIGHT="60" WIDTH="479" VPOS="1032" HPOS="188"><String ID="string_r1l16" HEIGHT="60" WIDTH="479" VPOS="1032" HPOS="188" CONTENT="yhebrewpooes.org"/></TextLine><TextLine ID="r1l17" BASELINE="1089" HEIGHT="72" WIDTH="411" VPOS="1017" HPOS="733"><String ID="string_r1l17" HEIGHT="72" WIDTH="411" VPOS="1017" HPOS="733" CONTENT="שלמה רוזאניס"/></TextLine><TextLine ID="r1l18" BASELINE="1138" HEIGHT="56" WIDTH="323" VPOS="1082" HPOS="269"><String ID="string_r1l18" HEIGHT="56" WIDTH="323" VPOS="1082" HPOS="269" CONTENT="ע&#34;י חיים תשס״ט"/></TextLine><TextLine ID="r1l19" BASELINE="1329" HEIGHT="124" WIDTH="523" VPOS="1205" HPOS="679"><String ID="string_r1l19" HEIGHT="124" WIDTH="523" VPOS="1205" HPOS="679" CONTENT="חלק ראשון"/></TextLine><TextLine ID="r1l20" BASELINE="1531" HEIGHT="58" WIDTH="1196" VPOS="1473" HPOS="325"><String ID="string_r1l20" HEIGHT="58" WIDTH="1196" VPOS="1473" HPOS="325" CONTENT="ימי הגרושים והנדודים והתישבות הפליטים בתוגרמה"/></TextLine><TextLine ID="r1l21" BASELINE="1598" HEIGHT="51" WIDTH="802" VPOS="1547" HPOS="528"><String ID="string_r1l21" HEIGHT="51" WIDTH="802" VPOS="1547" HPOS="528" CONTENT="(משנת ה' אלפים ס׳ עד ה׳ ר&#34;פ; 1520-1300)"/></TextLine><TextLine ID="r1l29" BASELINE="2285" HEIGHT="62" WIDTH="479" VPOS="2223" HPOS="695"><String ID="string_r1l29" HEIGHT="62" WIDTH="479" VPOS="2223" HPOS="695" CONTENT="הוצאת דביר תל-אביב"/></TextLine><TextLine ID="r1l30" BASELINE="2422" HEIGHT="69" WIDTH="224" VPOS="2353" HPOS="823"><String ID="string_r1l30" HEIGHT="69" WIDTH="224" VPOS="2353" HPOS="823" CONTENT="תר׳׳ץ"/></TextLine></TextBlock></PrintSpace></Page></Layout></alto>