<?xml version="1.0" encoding="UTF-8"?><alto xmlns:xsi="http://www.w3.org/2001/XMLSchema-instance" xmlns="http://www.loc.gov/standards/alto/ns-v2#" xmlns:page="http://schema.primaresearch.org/PAGE/gts/pagecontent/2013-07-15" xsi:schemaLocation="http://schema.primaresearch.org/PAGE/gts/pagecontent/2013-07-15 http://schema.primaresearch.org/PAGE/gts/pagecontent/2013-07-15/pagecontent.xsd http://www.loc.gov/standards/alto/ns-v2# http://www.loc.gov/standards/alto/alto-v2.0.xsd"><Description><MeasurementUnit>pixel</MeasurementUnit></Description><Layout><Page ID="Page1" PHYSICAL_IMG_NR="1" HEIGHT="2621" WIDTH="1702"><TopMargin HEIGHT="0" WIDTH="1702" VPOS="0" HPOS="0"/><LeftMargin HEIGHT="2621" WIDTH="0" VPOS="0" HPOS="0"/><RightMargin HEIGHT="2621" WIDTH="0" VPOS="0" HPOS="1702"/><BottomMargin HEIGHT="0" WIDTH="1702" VPOS="2621" HPOS="0"/><PrintSpace HEIGHT="2621" WIDTH="1702" VPOS="0" HPOS="0"><TextBlock ID="r1" HEIGHT="2330" WIDTH="1356" VPOS="142" HPOS="93"><Shape><Polygon POINTS="93,142 93,2472 1449,2472 1449,142"/></Shape><TextLine ID="r1l1" BASELINE="191" HEIGHT="53" WIDTH="515" VPOS="138" HPOS="529"><String ID="string_r1l1" HEIGHT="53" WIDTH="515" VPOS="138" HPOS="529" CONTENT="היהודים תחת ממשלת שולטן מחמד"/></TextLine><TextLine ID="line_1554121797156_510" BASELINE="185" HEIGHT="51" WIDTH="48" VPOS="134" HPOS="125"><String ID="string_line_1554121797156_510" HEIGHT="51" WIDTH="48" VPOS="134" HPOS="125" CONTENT="31"/></TextLine><TextLine ID="r1l3" BASELINE="306" HEIGHT="62" WIDTH="1342" VPOS="244" HPOS="109"><String ID="string_r1l3" HEIGHT="62" WIDTH="1342" VPOS="244" HPOS="109" CONTENT="הכל בדעותיו החפשיות וידיעותיו הרמות בכל מיני חכמות אשר למד לתלמידיו והפיץ"/></TextLine><TextLine ID="r1l4" BASELINE="368" HEIGHT="69" WIDTH="1335" VPOS="299" HPOS="117"><String ID="string_r1l4" HEIGHT="69" WIDTH="1335" VPOS="299" HPOS="117" CONTENT="בישראל, חשבון, תכונה, תשבורת, ואצטגנינות הוא היה מפרש ומדקדק גדול, וכן היה"/></TextLine><TextLine ID="r1l5" BASELINE="424" HEIGHT="68" WIDTH="1339" VPOS="356" HPOS="109"><String ID="string_r1l5" HEIGHT="68" WIDTH="1339" VPOS="356" HPOS="109" CONTENT="הראשון בתוגרמה שהמציא על פי חשבון כלי השעות, עשייתו ותקונו. מלבד ר׳"/></TextLine><TextLine ID="r1l6" BASELINE="475" HEIGHT="55" WIDTH="1342" VPOS="420" HPOS="106"><String ID="string_r1l6" HEIGHT="55" WIDTH="1342" VPOS="420" HPOS="106" CONTENT="מרדכי נמצאו עוד רבנים אחרים בתוגרמה, אך במדרגה יותר נמוכה, אשר עסקו גם הם"/></TextLine><TextLine ID="r1l7" BASELINE="528" HEIGHT="57" WIDTH="1345" VPOS="471" HPOS="101"><String ID="string_r1l7" HEIGHT="57" WIDTH="1345" VPOS="471" HPOS="101" CONTENT="בחכמות הטבעיות ופירושי התורה, והיו נשענים בחקירותיהם על החכם רבי אברהם אבן"/></TextLine><TextLine ID="r1l8" BASELINE="583" HEIGHT="55" WIDTH="1335" VPOS="528" HPOS="108"><String ID="string_r1l8" HEIGHT="55" WIDTH="1335" VPOS="528" HPOS="108" CONTENT="עזרה, המפרש היותר גדול ונכבד לכתבי הקדש על פי הפשט וההגיון. בימים ההם היה ר׳"/></TextLine><TextLine ID="r1l9" BASELINE="641" HEIGHT="58" WIDTH="1343" VPOS="583" HPOS="107"><String ID="string_r1l9" HEIGHT="58" WIDTH="1343" VPOS="583" HPOS="107" CONTENT="שלמה בן רבי אליהו שרביט הזהב יליד המוריאה, אשר נסע משם אחרי הסתפח חצי"/></TextLine><TextLine ID="r1l10" BASELINE="696" HEIGHT="62" WIDTH="1343" VPOS="634" HPOS="111"><String ID="string_r1l10" HEIGHT="62" WIDTH="1343" VPOS="634" HPOS="111" CONTENT="האי הזה לקיסרות העשמנים, ויתישב בעיר אופישו (אפס) באסיה הצעירה מול אי"/></TextLine><TextLine ID="r1l11" BASELINE="751" HEIGHT="61" WIDTH="1357" VPOS="690" HPOS="101"><String ID="string_r1l11" HEIGHT="61" WIDTH="1357" VPOS="690" HPOS="101" CONTENT="סאמום בשנת קפ״ו (1526). הוא היה מליץ. נכבד ומדקדק עצום, ראשון וראש למשוררי"/></TextLine><TextLine ID="r1l12" BASELINE="798" HEIGHT="47" WIDTH="1111" VPOS="751" HPOS="339"><String ID="string_r1l12" HEIGHT="47" WIDTH="1111" VPOS="751" HPOS="339" CONTENT="תוגרמה, ויחבר חבורים רבים אשר נשארו בכתובים ומהם נודעו לנו:"/></TextLine><TextLine ID="r1l13" BASELINE="851" HEIGHT="46" WIDTH="999" VPOS="805" HPOS="353"><String ID="string_r1l13" HEIGHT="46" WIDTH="999" VPOS="805" HPOS="353" CONTENT="א) ספר בתכונת השמים עם לוחות התכונה."/></TextLine><TextLine ID="r1l14" BASELINE="910" HEIGHT="55" WIDTH="1149" VPOS="855" HPOS="209"><String ID="string_r1l14" HEIGHT="55" WIDTH="1149" VPOS="855" HPOS="209" CONTENT="ב) ספר חשק שלמה, על חכמת הדקדוק על פי דרכי חכמי ספרד."/></TextLine><TextLine ID="r1l15" BASELINE="963" HEIGHT="54" WIDTH="953" VPOS="909" HPOS="407"><String ID="string_r1l15" HEIGHT="54" WIDTH="953" VPOS="909" HPOS="407" CONTENT="ג) פירוש על ספר השם, להר' אברהם אבן עזרא."/></TextLine><TextLine ID="r1l16" BASELINE="1013" HEIGHT="49" WIDTH="474" VPOS="964" HPOS="870"><String ID="string_r1l16" HEIGHT="49" WIDTH="474" VPOS="964" HPOS="870" CONTENT="ד) פירוש על התורה."/></TextLine><TextLine ID="r1l17" BASELINE="1067" HEIGHT="48" WIDTH="479" VPOS="1019" HPOS="870"><String ID="string_r1l17" HEIGHT="48" WIDTH="479" VPOS="1019" HPOS="870" CONTENT="ה) שיר כתר מלכות."/></TextLine><TextLine ID="r1l18" BASELINE="1123" HEIGHT="52" WIDTH="1246" VPOS="1071" HPOS="105"><String ID="string_r1l18" HEIGHT="52" WIDTH="1246" VPOS="1071" HPOS="105" CONTENT="יש לשער כי רבי שלמה שרביט הזהב כתב מלבד הספרים האלה עוד אחרים"/></TextLine><TextLine ID="r1l19" BASELINE="1185" HEIGHT="57" WIDTH="1347" VPOS="1128" HPOS="104"><String ID="string_r1l19" HEIGHT="57" WIDTH="1347" VPOS="1128" HPOS="104" CONTENT="אשר אבדו. קורות ימי חייו נעלמו גם הן מאתנו, בהיות כי עיר מושבו אופישו, או"/></TextLine><TextLine ID="r1l20" BASELINE="1235" HEIGHT="53" WIDTH="1343" VPOS="1182" HPOS="106"><String ID="string_r1l20" HEIGHT="53" WIDTH="1343" VPOS="1182" HPOS="106" CONTENT="אפס, נחרבה על ידי הרעשים ונשארה עד היום מעי-מפלה. רוב יושבי העיר נשארו"/></TextLine><TextLine ID="r1l21" BASELINE="1291" HEIGHT="51" WIDTH="1352" VPOS="1240" HPOS="98"><String ID="string_r1l21" HEIGHT="51" WIDTH="1352" VPOS="1240" HPOS="98" CONTENT="תחת בתיהם הנהרסים עד היסוד, ומעט מזעיר נסו לנפשם בעירום ובחסר כל באופן"/></TextLine><TextLine ID="r1l22" BASELINE="1348" HEIGHT="59" WIDTH="1350" VPOS="1289" HPOS="103"><String ID="string_r1l22" HEIGHT="59" WIDTH="1350" VPOS="1289" HPOS="103" CONTENT="אשר יקשה מאד למצוא עקבות תושבי העיר וקורותיהם. כל הנודע לנו בבירור הוא"/></TextLine><TextLine ID="r1l23" BASELINE="1398" HEIGHT="55" WIDTH="1341" VPOS="1343" HPOS="107"><String ID="string_r1l23" HEIGHT="55" WIDTH="1341" VPOS="1343" HPOS="107" CONTENT="כי חי בין שנת ק&#34;פ (1420) והאריך ימים למצער עד שנת רס״א או רס״ב 1502, 1501. 25)"/></TextLine><TextLine ID="r1l24" BASELINE="1449" HEIGHT="58" WIDTH="1249" VPOS="1391" HPOS="102"><String ID="string_r1l24" HEIGHT="58" WIDTH="1249" VPOS="1391" HPOS="102" CONTENT="ובסאלוניק נראו בעת ההיא קוי אור הראשונים לחכמת הראשונים לחכמת"/></TextLine><TextLine ID="r1l25" BASELINE="1505" HEIGHT="59" WIDTH="1357" VPOS="1446" HPOS="92"><String ID="string_r1l25" HEIGHT="59" WIDTH="1357" VPOS="1446" HPOS="92" CONTENT="ישראל, אם גם רפי כח. בין הרבנים אשר חיו בימים ההם נודע לנו רבי שבתי"/></TextLine><TextLine ID="r1l26" BASELINE="1567" HEIGHT="63" WIDTH="1357" VPOS="1504" HPOS="93"><String ID="string_r1l26" HEIGHT="63" WIDTH="1357" VPOS="1504" HPOS="93" CONTENT="בן מלכיאל הכהן יליד אי-יון שהעתיק שם מושבו. הוא עיין והרבה לחקור"/></TextLine><TextLine ID="r1l27" BASELINE="1623" HEIGHT="59" WIDTH="1352" VPOS="1564" HPOS="99"><String ID="string_r1l27" HEIGHT="59" WIDTH="1352" VPOS="1564" HPOS="99" CONTENT="בספרי אבן עזרא והיה חושב כי ירד לסוף דעתו יותר מחכמי, דורו, ובכן אזר חיל"/></TextLine><TextLine ID="r1l28" BASELINE="1680" HEIGHT="61" WIDTH="1364" VPOS="1619" HPOS="93"><String ID="string_r1l28" HEIGHT="61" WIDTH="1364" VPOS="1619" HPOS="93" CONTENT="לבקר ספרי החכם רבי מרדכי כומטיאנו אשר יצאו לאור בימים ההם, ומתוך זה באו"/></TextLine><TextLine ID="r1l29" BASELINE="1734" HEIGHT="56" WIDTH="1365" VPOS="1678" HPOS="89"><String ID="string_r1l29" HEIGHT="56" WIDTH="1365" VPOS="1678" HPOS="89" CONTENT="שני הרבנים האלה לידי מחלוקת ספרותית, עד אשר הוכרח ר׳ מרדכי לכתוב נגד בעל"/></TextLine><TextLine ID="r1l30" BASELINE="1796" HEIGHT="59" WIDTH="1348" VPOS="1737" HPOS="100"><String ID="string_r1l30" HEIGHT="59" WIDTH="1348" VPOS="1737" HPOS="100" CONTENT="ריבו ספר ההשגות, וכה יאמר בין יתר דבריו בלענו: „... זה מדרגת ההמון והפתאים"/></TextLine><TextLine ID="r1l31" BASELINE="1844" HEIGHT="52" WIDTH="1353" VPOS="1792" HPOS="95"><String ID="string_r1l31" HEIGHT="52" WIDTH="1353" VPOS="1792" HPOS="95" CONTENT="אשר לא זרח עליהם אור השבל, ומיסדים יסודם על כי לבם של ראשונים כפתחו"/></TextLine><TextLine ID="r1l32" BASELINE="1908" HEIGHT="60" WIDTH="1355" VPOS="1848" HPOS="89"><String ID="string_r1l32" HEIGHT="60" WIDTH="1355" VPOS="1848" HPOS="89" CONTENT="של אולם ושל אחרונים כמלא מחט סדקית... כי נסתמו החקירות והקושיות ואין אחר"/></TextLine><TextLine ID="r1l33" BASELINE="1959" HEIGHT="54" WIDTH="1357" VPOS="1905" HPOS="92"><String ID="string_r1l33" HEIGHT="54" WIDTH="1357" VPOS="1905" HPOS="92" CONTENT="מעשי הראשונים שארית, כי המושכלות תמו נכרתו, השכל סכל, וידיעה רעה התרועעה"/></TextLine><TextLine ID="r1l34" BASELINE="2020" HEIGHT="58" WIDTH="1349" VPOS="1962" HPOS="98"><String ID="string_r1l34" HEIGHT="58" WIDTH="1349" VPOS="1962" HPOS="98" CONTENT="והבינה איננה, ההיקש מוקש, הטענה שטנה... כי הסכלות מושל כי ההמון יתלונן"/></TextLine><TextLine ID="r1l35" BASELINE="2075" HEIGHT="58" WIDTH="1362" VPOS="2017" HPOS="84"><String ID="string_r1l35" HEIGHT="58" WIDTH="1362" VPOS="2017" HPOS="84" CONTENT="בצלו... וקרא זה אל זה: לא נשאל ולא ננסה, כי אין בודקין מן המזבח ולמעלה..."/></TextLine><TextLine ID="r1l36" BASELINE="2134" HEIGHT="58" WIDTH="1355" VPOS="2076" HPOS="88"><String ID="string_r1l36" HEIGHT="58" WIDTH="1355" VPOS="2076" HPOS="88" CONTENT="והראב&#34;ע הוא חכם גדול בכל חכמה וגם בדקדוק ובמקרא ידו רמה... ומי יחלוק"/></TextLine><TextLine ID="r1l37" BASELINE="2240" HEIGHT="59" WIDTH="1254" VPOS="2181" HPOS="92"><String ID="string_r1l37" HEIGHT="59" WIDTH="1254" VPOS="2181" HPOS="92" CONTENT="26) ברשימת חכמי הדקדוק בלשון ערב מונים את ר׳  שלמה שרביט הזהב שחבר"/></TextLine><TextLine ID="r1l38" BASELINE="2288" HEIGHT="57" WIDTH="1355" VPOS="2231" HPOS="86"><String ID="string_r1l38" HEIGHT="57" WIDTH="1355" VPOS="2231" HPOS="86" CONTENT="ספר חשק שלמה על הדקדוק (וולף עמוד ש&#34;ם). באורו על ספר השם להראב״ע נמצא"/></TextLine><TextLine ID="r1l39" BASELINE="2334" HEIGHT="54" WIDTH="1355" VPOS="2280" HPOS="84"><String ID="string_r1l39" HEIGHT="54" WIDTH="1355" VPOS="2280" HPOS="84" CONTENT="רשום ב„די רוסי״ (314.3) וברשימת כפרי הואטיקאן (ברטולוצצי ד׳ עמוד רס״ט) נמצא הכ&#34;י"/></TextLine><TextLine ID="r1l40" BASELINE="2379" HEIGHT="47" WIDTH="1350" VPOS="2332" HPOS="90"><String ID="string_r1l40" HEIGHT="47" WIDTH="1350" VPOS="2332" HPOS="90" CONTENT="הזה, ושם רשום ברומית כי מחברו היה מעיר אופישו, ונכתב בשנת ה״א סיפר' (ר&#34;ס). השיר"/></TextLine><TextLine ID="r1l41" BASELINE="2427" HEIGHT="56" WIDTH="1353" VPOS="2371" HPOS="94"><String ID="string_r1l41" HEIGHT="56" WIDTH="1353" VPOS="2371" HPOS="94" CONTENT="בדוגמת שיר כתר מלכות לר' שלמה בן גבירול הובא על ידי החכם ר׳ שמואל דוד לוצאטו"/></TextLine><TextLine ID="r1l42" BASELINE="2473" HEIGHT="54" WIDTH="555" VPOS="2419" HPOS="901"><String ID="string_r1l42" HEIGHT="54" WIDTH="555" VPOS="2419" HPOS="901" CONTENT="(שר&#34;ל) בכרם חמר (ד׳ עמוד ל״ט)."/></TextLine></TextBlock></PrintSpace></Page></Layout></alto>