<?xml version="1.0" encoding="UTF-8"?><alto xmlns:xsi="http://www.w3.org/2001/XMLSchema-instance" xmlns="http://www.loc.gov/standards/alto/ns-v2#" xmlns:page="http://schema.primaresearch.org/PAGE/gts/pagecontent/2013-07-15" xsi:schemaLocation="http://schema.primaresearch.org/PAGE/gts/pagecontent/2013-07-15 http://schema.primaresearch.org/PAGE/gts/pagecontent/2013-07-15/pagecontent.xsd http://www.loc.gov/standards/alto/ns-v2# http://www.loc.gov/standards/alto/alto-v2.0.xsd"><Description><MeasurementUnit>pixel</MeasurementUnit></Description><Layout><Page ID="Page1" PHYSICAL_IMG_NR="1" HEIGHT="2604" WIDTH="1703"><TopMargin HEIGHT="0" WIDTH="1703" VPOS="0" HPOS="0"/><LeftMargin HEIGHT="2604" WIDTH="0" VPOS="0" HPOS="0"/><RightMargin HEIGHT="2604" WIDTH="0" VPOS="0" HPOS="1703"/><BottomMargin HEIGHT="0" WIDTH="1703" VPOS="2604" HPOS="0"/><PrintSpace HEIGHT="2604" WIDTH="1703" VPOS="0" HPOS="0"><TextBlock ID="r1" HEIGHT="2339" WIDTH="1351" VPOS="150" HPOS="195"><Shape><Polygon POINTS="195,150 195,2489 1546,2489 1546,150"/></Shape><TextLine ID="r1l1" BASELINE="183" HEIGHT="44" WIDTH="65" VPOS="139" HPOS="1471"><String ID="string_r1l1" HEIGHT="44" WIDTH="65" VPOS="139" HPOS="1471" CONTENT="16"/></TextLine><TextLine ID="r1l2" BASELINE="189" HEIGHT="45" WIDTH="407" VPOS="144" HPOS="667"><String ID="string_r1l2" HEIGHT="45" WIDTH="407" VPOS="144" HPOS="667" CONTENT="דברי ימי ישראל בתוגרמה"/></TextLine><TextLine ID="r1l3" BASELINE="305" HEIGHT="59" WIDTH="1340" VPOS="246" HPOS="201"><String ID="string_r1l3" HEIGHT="59" WIDTH="1340" VPOS="246" HPOS="201" CONTENT="למנוחתך ויפוצו אויביך מפניך! קול ענות גבורה... על הגורמים לנפשם חטאת שארית"/></TextLine><TextLine ID="r1l4" BASELINE="356" HEIGHT="57" WIDTH="1333" VPOS="299" HPOS="209"><String ID="string_r1l4" HEIGHT="57" WIDTH="1333" VPOS="299" HPOS="209" CONTENT="בני ישראל היושבים תחת בני אירופא, ולא תחת ישמעאל, יושבים לבטח איש תחת"/></TextLine><TextLine ID="r1l5" BASELINE="410" HEIGHT="56" WIDTH="1337" VPOS="354" HPOS="208"><String ID="string_r1l5" HEIGHT="56" WIDTH="1337" VPOS="354" HPOS="208" CONTENT="תאנתו ותחת גפנו, וכמה מעלות טובות למקום הזה וחן על יושביו, מה שאין כן במדינות"/></TextLine><TextLine ID="r1l6" BASELINE="463" HEIGHT="50" WIDTH="1347" VPOS="413" HPOS="199"><String ID="string_r1l6" HEIGHT="50" WIDTH="1347" VPOS="413" HPOS="199" CONTENT="אשכנז וכל סביבה, בכל עריהם לא ילבש היהודי ירוק ואדום... אם יהיה אדום יאדים"/></TextLine><TextLine ID="r1l7" BASELINE="522" HEIGHT="59" WIDTH="1345" VPOS="463" HPOS="206"><String ID="string_r1l7" HEIGHT="59" WIDTH="1345" VPOS="463" HPOS="206" CONTENT="גופו בדם, ואם יהיה ירוק, ירוק ירק בפניו, על אחת כמה וכמה דלא לבישי מדא כלי"/></TextLine><TextLine ID="r1l8" BASELINE="577" HEIGHT="59" WIDTH="1342" VPOS="518" HPOS="206"><String ID="string_r1l8" HEIGHT="59" WIDTH="1342" VPOS="518" HPOS="206" CONTENT="מילת ובגדי שש ורקמה... עשר שמור לבעליו לרעתו, ולא יועיל הון ביום עברתו,"/></TextLine><TextLine ID="r1l9" BASELINE="630" HEIGHT="58" WIDTH="1338" VPOS="572" HPOS="205"><String ID="string_r1l9" HEIGHT="58" WIDTH="1338" VPOS="572" HPOS="205" CONTENT="ואבד העשר ההוא, דלכון אמרי דלהון הוא, כי יעלילו עלילות ברשע על לא פשע..."/></TextLine><TextLine ID="r1l10" BASELINE="686" HEIGHT="57" WIDTH="1334" VPOS="629" HPOS="206"><String ID="string_r1l10" HEIGHT="57" WIDTH="1334" VPOS="629" HPOS="206" CONTENT="כל זמן דאתיהיב ליה יתראה כאוהב, גדולה מזו אמרו כי גזרו שלא ישנו התלמידים"/></TextLine><TextLine ID="r1l11" BASELINE="736" HEIGHT="51" WIDTH="1337" VPOS="685" HPOS="203"><String ID="string_r1l11" HEIGHT="51" WIDTH="1337" VPOS="685" HPOS="203" CONTENT="ברבים... ושלא יהא שום יהודי רשאי לעשות מלאכה ולפתוח חנות בימי חגיהם, ועתה"/></TextLine><TextLine ID="r1l12" BASELINE="797" HEIGHT="56" WIDTH="1347" VPOS="741" HPOS="199"><String ID="string_r1l12" HEIGHT="56" WIDTH="1347" VPOS="741" HPOS="199" CONTENT="ישראל מה לך נרדם! באו ורשו את הארץ אשר ה' נותן לכם... הכון לקראת אלהיך"/></TextLine><TextLine ID="r1l13" BASELINE="855" HEIGHT="59" WIDTH="1342" VPOS="796" HPOS="200"><String ID="string_r1l13" HEIGHT="59" WIDTH="1342" VPOS="796" HPOS="200" CONTENT="ישראל, כי הבאים ישרש יעקב יציץ ופרח ישראל, ובאו האובדים בארץ אשכנז והנדחים"/></TextLine><TextLine ID="r1l14" BASELINE="909" HEIGHT="57" WIDTH="896" VPOS="852" HPOS="657"><String ID="string_r1l14" HEIGHT="57" WIDTH="896" VPOS="852" HPOS="657" CONTENT="בארץ צרפת, והשתחוו לה׳ בהר הקדש בירושלים״ 29)."/></TextLine><TextLine ID="r1l15" BASELINE="963" HEIGHT="55" WIDTH="1242" VPOS="908" HPOS="198"><String ID="string_r1l15" HEIGHT="55" WIDTH="1242" VPOS="908" HPOS="198" CONTENT="תוצאות קול הקורא הזה היו כי לא ארכו הימים ובני ישראל יושבי מדינות אשכנז"/></TextLine><TextLine ID="r1l16" BASELINE="1035" HEIGHT="71" WIDTH="1300" VPOS="964" HPOS="242"><String ID="string_r1l16" HEIGHT="71" WIDTH="1300" VPOS="964" HPOS="242" CONTENT="והריגום באו במספר רב לתוגרמה ויתישבו בעיר הבירה אנדרינופלא ובערי המדינה."/></TextLine><TextLine ID="r1l18" BASELINE="1071" HEIGHT="56" WIDTH="1238" VPOS="1015" HPOS="204"><String ID="string_r1l18" HEIGHT="56" WIDTH="1238" VPOS="1015" HPOS="204" CONTENT="בימים ההם נסע איש יהודי חכם ונכבד ורופא (ושמו יעקב) 30) מארץ מולדתו"/></TextLine><TextLine ID="r1l19" BASELINE="1142" HEIGHT="57" WIDTH="1245" VPOS="1085" HPOS="196"><String ID="string_r1l19" HEIGHT="57" WIDTH="1245" VPOS="1085" HPOS="196" CONTENT="29) האגרת הזאת נדפסה בפעם הראשונה בסוף ספר גזרת תחנ&#34;ו (לייפצוג תר&#34;ד)"/></TextLine><TextLine ID="r1l20" BASELINE="1183" HEIGHT="52" WIDTH="1342" VPOS="1131" HPOS="198"><String ID="string_r1l20" HEIGHT="52" WIDTH="1342" VPOS="1131" HPOS="198" CONTENT="מתוך כתבי יד ר׳ אליעזר בר נתן הלוי ונעתקה ע&#34;י החכם דר. צבי גרץ, ההעתקה אשר"/></TextLine><TextLine ID="r1l21" BASELINE="1231" HEIGHT="56" WIDTH="1340" VPOS="1175" HPOS="206"><String ID="string_r1l21" HEIGHT="56" WIDTH="1340" VPOS="1175" HPOS="206" CONTENT="נתתי פה היא ע״פ המעתיק לעברית שפ&#34;ר (ר׳ שאול פנחס רבינוביץ — דברי ימי ישראל חלק ו׳"/></TextLine><TextLine ID="r1l22" BASELINE="1273" HEIGHT="44" WIDTH="270" VPOS="1229" HPOS="1281"><String ID="string_r1l22" HEIGHT="44" WIDTH="270" VPOS="1229" HPOS="1281" CONTENT="ע׳ רמ&#34;א-רמ״ב)."/></TextLine><TextLine ID="r1l23" BASELINE="1325" HEIGHT="57" WIDTH="1254" VPOS="1268" HPOS="193"><String ID="string_r1l23" HEIGHT="57" WIDTH="1254" VPOS="1268" HPOS="193" CONTENT="החכם גרץ והמעתיק שפ&#34;ר יחשבו כי האגרת הזאת נכתבה קרוב לשנת רי&#34;ד,"/></TextLine><TextLine ID="r1l24" BASELINE="1381" HEIGHT="65" WIDTH="1338" VPOS="1316" HPOS="202"><String ID="string_r1l24" HEIGHT="65" WIDTH="1338" VPOS="1316" HPOS="202" CONTENT="אך לפי השערה יותר מתאמת היה זה זמן רב לפגו המועד הזה, כי בעצם המכתב ידובר כדבר"/></TextLine><TextLine ID="r1l26" BASELINE="1425" HEIGHT="75" WIDTH="1335" VPOS="1350" HPOS="208"><String ID="string_r1l26" HEIGHT="75" WIDTH="1335" VPOS="1350" HPOS="208" CONTENT="חדש. דבר בעתו, הגזרה על כל רב-חובל ינוצרו לבלתי קבל באניותיו יהודים נוסעים לארץ"/></TextLine><TextLine ID="r1l27" BASELINE="1471" HEIGHT="64" WIDTH="1340" VPOS="1407" HPOS="203"><String ID="string_r1l27" HEIGHT="64" WIDTH="1340" VPOS="1407" HPOS="203" CONTENT="ישראל, או להשליך אותם אל הים וידוע כי הפקודה הזאת נתנה ע&#34;י דוכס ויניציא בשנת "/></TextLine><TextLine ID="r1l28" BASELINE="1513" HEIGHT="56" WIDTH="1105" VPOS="1457" HPOS="449"><String ID="string_r1l28" HEIGHT="56" WIDTH="1105" VPOS="1457" HPOS="449" CONTENT="1427 (קפ&#34;ן) אם כן ברור הוא כי קול קורא זה נכתב בין שנות קפ״ז-־ק&#34;ץ."/></TextLine><TextLine ID="r1l29" BASELINE="1557" HEIGHT="55" WIDTH="1248" VPOS="1502" HPOS="190"><String ID="string_r1l29" HEIGHT="55" WIDTH="1248" VPOS="1502" HPOS="190" CONTENT="30) לפי ר׳ צבי גרץ, וכן דר' בריל  Jahrbuch zur Geschichte VII ע׳ 49"/></TextLine><TextLine ID="r1l30" BASELINE="1603" HEIGHT="54" WIDTH="1347" VPOS="1549" HPOS="204"><String ID="string_r1l30" HEIGHT="54" WIDTH="1347" VPOS="1549" HPOS="204" CONTENT="ולהלן) מייחס את חסד השלטנים מוראד ומחמד השני בנו לרופא „חכים יאקוב&#34;. אמנם ר׳ צבי"/></TextLine><TextLine ID="r1l31" BASELINE="1653" HEIGHT="57" WIDTH="1345" VPOS="1596" HPOS="197"><String ID="string_r1l31" HEIGHT="57" WIDTH="1345" VPOS="1596" HPOS="197" CONTENT="גרץ מקשה עליו (בציון ח' לחלק ז', הערה 8 בתרגום העברי) כי במקור במהרשד״ם לא יזכר"/></TextLine><TextLine ID="r1l32" BASELINE="1694" HEIGHT="52" WIDTH="1337" VPOS="1642" HPOS="203"><String ID="string_r1l32" HEIGHT="52" WIDTH="1337" VPOS="1642" HPOS="203" CONTENT="שם הרופא, ומזרעו לא נודע איש בשמו, ויותר נראה הדבר כי הדברים מתייחסים אל ראש"/></TextLine><TextLine ID="r1l33" BASELINE="1737" HEIGHT="48" WIDTH="1330" VPOS="1689" HPOS="206"><String ID="string_r1l33" HEIGHT="48" WIDTH="1330" VPOS="1689" HPOS="206" CONTENT="בית המון, שבניו ובני בניו נוסעים לשם בתור רופאי השלטנים״. גם אי אפשר לדחות ידיעת"/></TextLine><TextLine ID="r1l34" BASELINE="1787" HEIGHT="50" WIDTH="1345" VPOS="1737" HPOS="201"><String ID="string_r1l34" HEIGHT="50" WIDTH="1345" VPOS="1737" HPOS="201" CONTENT="האמר (בספרו ,Geschichte des Osman, Reich) כי חכים יעקב המיר דתו בדת מחמד,"/></TextLine><TextLine ID="r1l35" BASELINE="1835" HEIGHT="54" WIDTH="707" VPOS="1781" HPOS="839"><String ID="string_r1l35" HEIGHT="54" WIDTH="707" VPOS="1781" HPOS="839" CONTENT="כי בודאי כתב האמר על פי מקור שהיה לפניו."/></TextLine><TextLine ID="r1l36" BASELINE="1896" HEIGHT="68" WIDTH="1257" VPOS="1828" HPOS="188"><String ID="string_r1l36" HEIGHT="68" WIDTH="1257" VPOS="1828" HPOS="188" CONTENT="והנה ההשערה הזאת בטלה מכמה טעמים כי לא נודע לנו רופא ממשפחת המון,"/></TextLine><TextLine ID="r1l37" BASELINE="1929" HEIGHT="63" WIDTH="1343" VPOS="1866" HPOS="194"><String ID="string_r1l37" HEIGHT="63" WIDTH="1343" VPOS="1866" HPOS="194" CONTENT="ששרת בחצר השלטנים קודם ר' משה המון רופא השלטן שולימאן שמלך בשנת רפ&#34;ב והוא"/></TextLine><TextLine ID="r1l38" BASELINE="1975" HEIGHT="59" WIDTH="1348" VPOS="1916" HPOS="191"><String ID="string_r1l38" HEIGHT="59" WIDTH="1348" VPOS="1916" HPOS="191" CONTENT="נולד בגראגדה שנה או שנתים קודם הגרוש, כאשר הבאתי בראיות ברורות בחלק ב׳ ציון ד׳,"/></TextLine><TextLine ID="r1l39" BASELINE="2023" HEIGHT="55" WIDTH="1340" VPOS="1968" HPOS="196"><String ID="string_r1l39" HEIGHT="55" WIDTH="1340" VPOS="1968" HPOS="196" CONTENT="שהפירמאן או כתב דת החפשה הניתן לרופא משה המון וכתב הדת הניתן לרופא (יעקב), אשר"/></TextLine><TextLine ID="r1l40" BASELINE="2070" HEIGHT="57" WIDTH="1349" VPOS="2013" HPOS="195"><String ID="string_r1l40" HEIGHT="57" WIDTH="1349" VPOS="2013" HPOS="195" CONTENT="עליו יסובו דברי מהרשד״ם, אין להם כל יחס, ומן הראיות היותר מכריעות כי בני המון נקראו"/></TextLine><TextLine ID="r1l41" BASELINE="2115" HEIGHT="57" WIDTH="1353" VPOS="2058" HPOS="191"><String ID="string_r1l41" HEIGHT="57" WIDTH="1353" VPOS="2058" HPOS="191" CONTENT="„מושלימים״ לאמר „בני משה&#34; בפירמאן שנתן להם, ובשאלות מהרשד״ם לא בא הזכר הזה,"/></TextLine><TextLine ID="r1l42" BASELINE="2160" HEIGHT="53" WIDTH="1343" VPOS="2107" HPOS="197"><String ID="string_r1l42" HEIGHT="53" WIDTH="1343" VPOS="2107" HPOS="197" CONTENT="ועוד שבכתב החפשה שנתן השלטן מחמד ב׳ לרופאו כבר נזכר שהוא לעולמים לכל צאצאיו,"/></TextLine><TextLine ID="r1l43" BASELINE="2205" HEIGHT="52" WIDTH="1347" VPOS="2153" HPOS="192"><String ID="string_r1l43" HEIGHT="52" WIDTH="1347" VPOS="2153" HPOS="192" CONTENT="ולא היה מן הצורך שיתן השלטן שולימאן כשבעים שנה אחרי כן פירמאן שני, ויותר מזה"/></TextLine><TextLine ID="r1l44" BASELINE="2256" HEIGHT="57" WIDTH="1357" VPOS="2199" HPOS="186"><String ID="string_r1l44" HEIGHT="57" WIDTH="1357" VPOS="2199" HPOS="186" CONTENT="שבפירמאן שלטן מחמד ב׳ נזכר שפטור הוא מכל העולים, בעוד שהשלטן שולימאן פטר את"/></TextLine><TextLine ID="r1l45" BASELINE="2304" HEIGHT="59" WIDTH="1352" VPOS="2245" HPOS="188"><String ID="string_r1l45" HEIGHT="59" WIDTH="1352" VPOS="2245" HPOS="188" CONTENT="רופאו וצאצאיו חצי המסים. אם כן ברור הדבר שהענין הזה מיוחס לרופא יעקב, ומכיון"/></TextLine><TextLine ID="r1l46" BASELINE="2343" HEIGHT="51" WIDTH="1351" VPOS="2292" HPOS="189"><String ID="string_r1l46" HEIGHT="51" WIDTH="1351" VPOS="2292" HPOS="189" CONTENT="שנודע לנו זאת בברור, יש לדחות מה שכתב האמר, שהרופא הזה המיר דתו בדת מחמד,"/></TextLine><TextLine ID="r1l47" BASELINE="2394" HEIGHT="54" WIDTH="1350" VPOS="2340" HPOS="191"><String ID="string_r1l47" HEIGHT="54" WIDTH="1350" VPOS="2340" HPOS="191" CONTENT="שאם היה כן איך אפשר שבשנת של״א בערך, בניו ויורשיו של הרופא המומר לדת מחמד יציעו"/></TextLine><TextLine ID="r1l48" BASELINE="2439" HEIGHT="53" WIDTH="1345" VPOS="2386" HPOS="194"><String ID="string_r1l48" HEIGHT="53" WIDTH="1345" VPOS="2386" HPOS="194" CONTENT="השאלה לפני רבני ישראל לפטור אותם מעולי צבור בכח כתב החפשה הניתן לזקן משפחתם"/></TextLine><TextLine ID="r1l49" BASELINE="2487" HEIGHT="54" WIDTH="1223" VPOS="2433" HPOS="320"><String ID="string_r1l49" HEIGHT="54" WIDTH="1223" VPOS="2433" HPOS="320" CONTENT="אחרי שיצא מדתו, ואיך לא דחה ר׳ שמואל די מדינה שאלתם על פי הסבה הזאת."/></TextLine></TextBlock></PrintSpace></Page></Layout></alto>