<?xml version="1.0" encoding="UTF-8"?><alto xmlns:xsi="http://www.w3.org/2001/XMLSchema-instance" xmlns="http://www.loc.gov/standards/alto/ns-v2#" xmlns:page="http://schema.primaresearch.org/PAGE/gts/pagecontent/2013-07-15" xsi:schemaLocation="http://schema.primaresearch.org/PAGE/gts/pagecontent/2013-07-15 http://schema.primaresearch.org/PAGE/gts/pagecontent/2013-07-15/pagecontent.xsd http://www.loc.gov/standards/alto/ns-v2# http://www.loc.gov/standards/alto/alto-v2.0.xsd"><Description><MeasurementUnit>pixel</MeasurementUnit></Description><Layout><Page ID="Page1" PHYSICAL_IMG_NR="1" HEIGHT="2600" WIDTH="1668"><TopMargin HEIGHT="0" WIDTH="1668" VPOS="0" HPOS="0"/><LeftMargin HEIGHT="2600" WIDTH="0" VPOS="0" HPOS="0"/><RightMargin HEIGHT="2600" WIDTH="0" VPOS="0" HPOS="1668"/><BottomMargin HEIGHT="0" WIDTH="1668" VPOS="2600" HPOS="0"/><PrintSpace HEIGHT="2600" WIDTH="1668" VPOS="0" HPOS="0"><TextBlock ID="r1" HEIGHT="2339" WIDTH="1371" VPOS="160" HPOS="132"><Shape><Polygon POINTS="132,160 132,2499 1503,2499 1503,160"/></Shape><TextLine ID="r1l2" BASELINE="204" HEIGHT="55" WIDTH="514" VPOS="149" HPOS="585"><String ID="string_r1l2" HEIGHT="55" WIDTH="514" VPOS="149" HPOS="585" CONTENT="היהודים תחת ממשלת מחמד ב׳"/></TextLine><TextLine ID="r1l1" BASELINE="196" HEIGHT="43" WIDTH="84" VPOS="153" HPOS="149"><String ID="string_r1l1" HEIGHT="43" WIDTH="84" VPOS="153" HPOS="149" CONTENT="23"/></TextLine><TextLine ID="r1l3" BASELINE="320" HEIGHT="61" WIDTH="1360" VPOS="259" HPOS="141"><String ID="string_r1l3" HEIGHT="61" WIDTH="1360" VPOS="259" HPOS="141" CONTENT="יהיו נפרעים עוליו בכל שנה ושנה, וכאשר לא יספיקו הפירות כי רבו העולות"/></TextLine><TextLine ID="r1l4" BASELINE="377" HEIGHT="59" WIDTH="1348" VPOS="318" HPOS="147"><String ID="string_r1l4" HEIGHT="59" WIDTH="1348" VPOS="318" HPOS="147" CONTENT="והאואריזים אשר יתחדשו כי תקראנה מלחמה למלך, יתנו גם כן מהקרן עד כי אפשר "/></TextLine><TextLine ID="r1l5" BASELINE="435" HEIGHT="65" WIDTH="1357" VPOS="370" HPOS="142"><String ID="string_r1l5" HEIGHT="65" WIDTH="1357" VPOS="370" HPOS="142" CONTENT="שבמעט זמן יכלה גם הקרן, וישארו עולי המת ההוא על אנשי קהלו, אמנם מצד מה"/></TextLine><TextLine ID="r1l6" BASELINE="487" HEIGHT="56" WIDTH="1362" VPOS="431" HPOS="138"><String ID="string_r1l6" HEIGHT="56" WIDTH="1362" VPOS="431" HPOS="138" CONTENT="שלא נשאר למת ההוא איש אשר יקבל עליו, יסכימו בהכרח תחת הסך הזה מעזבונו. "/></TextLine><TextLine ID="r1l7" BASELINE="543" HEIGHT="55" WIDTH="1348" VPOS="488" HPOS="153"><String ID="string_r1l7" HEIGHT="55" WIDTH="1348" VPOS="488" HPOS="153" CONTENT="ומנהגם גם כן הוא אף אם נמצא המת ההוא חייב בעת מותו חובות ונדונית אשתו"/></TextLine><TextLine ID="r1l8" BASELINE="597" HEIGHT="62" WIDTH="1358" VPOS="535" HPOS="143"><String ID="string_r1l8" HEIGHT="62" WIDTH="1358" VPOS="535" HPOS="143" CONTENT="ואין עזבונו כדי החובות או הנדוניא, עם כל זה הסך הנזכר יקחו אנשי קהלו תחילה"/></TextLine><TextLine ID="r1l9" BASELINE="646" HEIGHT="52" WIDTH="1351" VPOS="594" HPOS="145"><String ID="string_r1l9" HEIGHT="52" WIDTH="1351" VPOS="594" HPOS="145" CONTENT="מעזבונו, ולא יעכב בידם לא בעלי החובות ולא אשתו בעלת הנדוניא, גם כי תקראנה"/></TextLine><TextLine ID="r1l10" BASELINE="709" HEIGHT="63" WIDTH="1353" VPOS="646" HPOS="142"><String ID="string_r1l10" HEIGHT="63" WIDTH="1353" VPOS="646" HPOS="142" CONTENT="מלחמה למלך מזמן לזמן, יטיל על כל עם ועם גם על היהודים, על שמות פורעי"/></TextLine><TextLine ID="r1l11" BASELINE="760" HEIGHT="58" WIDTH="1357" VPOS="702" HPOS="142"><String ID="string_r1l11" HEIGHT="58" WIDTH="1357" VPOS="702" HPOS="142" CONTENT="הכרנא על פי הפנקס אשר בידו אוארים או סאלגין, על דרך משל שיתנו כל כך"/></TextLine><TextLine ID="r1l12" BASELINE="812" HEIGHT="55" WIDTH="1362" VPOS="757" HPOS="149"><String ID="string_r1l12" HEIGHT="55" WIDTH="1362" VPOS="757" HPOS="149" CONTENT="פורעי מס סך אחד, והקהלות יפרעוהו על פי פנקס עריכתם אשר עשו כרב אחג'אסי"/></TextLine><TextLine ID="r1l13" BASELINE="865" HEIGHT="56" WIDTH="1357" VPOS="809" HPOS="141"><String ID="string_r1l13" HEIGHT="56" WIDTH="1357" VPOS="809" HPOS="141" CONTENT="השוה כל אחד לפי כחו וימלאום למלך על שמות פורעי המס, כי כן דבר המלך"/></TextLine><TextLine ID="r1l14" BASELINE="916" HEIGHT="54" WIDTH="665" VPOS="862" HPOS="838"><String ID="string_r1l14" HEIGHT="54" WIDTH="665" VPOS="862" HPOS="838" CONTENT="שלא יפרע השוה רק כל אחד לפי כחו״."/></TextLine><TextLine ID="r1l15" BASELINE="969" HEIGHT="54" WIDTH="1247" VPOS="915" HPOS="139"><String ID="string_r1l15" HEIGHT="54" WIDTH="1247" VPOS="915" HPOS="139" CONTENT="בעל הזכרונות מוסיף ומבאר ענין הכרנא ואופן הנביה ושהם שני מיני מסים,"/></TextLine><TextLine ID="r1l16" BASELINE="1020" HEIGHT="52" WIDTH="1357" VPOS="968" HPOS="135"><String ID="string_r1l16" HEIGHT="52" WIDTH="1357" VPOS="968" HPOS="135" CONTENT="הכאראג' על הגלגלת (תנגמית באש-חאראג') ואם לצרכי המלחמה, וכה דבריו: א&#34;כ"/></TextLine><TextLine ID="r1l17" BASELINE="1081" HEIGHT="56" WIDTH="1355" VPOS="1025" HPOS="142"><String ID="string_r1l17" HEIGHT="56" WIDTH="1355" VPOS="1025" HPOS="142" CONTENT="היו גובין המס (השני) לפי הגלגולת, דהיינו שהיה גבאי המלך בא לעיר ומונה כמה"/></TextLine><TextLine ID="r1l18" BASELINE="1136" HEIGHT="56" WIDTH="1348" VPOS="1080" HPOS="147"><String ID="string_r1l18" HEIGHT="56" WIDTH="1348" VPOS="1080" HPOS="147" CONTENT="אנשים יש. וכל העובר על הפקודים היה נותן כך וכך, אז היה אפשר לצדד שיגבו"/></TextLine><TextLine ID="r1l19" BASELINE="1192" HEIGHT="60" WIDTH="1361" VPOS="1132" HPOS="137"><String ID="string_r1l19" HEIGHT="60" WIDTH="1361" VPOS="1132" HPOS="137" CONTENT="לפי נפשות, אמנם מאחר דבפנקס המלך כתוב נטר פלינים כך וכך כאראג'ירוש וכן"/></TextLine><TextLine ID="r1l20" BASELINE="1242" HEIGHT="54" WIDTH="1362" VPOS="1188" HPOS="136"><String ID="string_r1l20" HEIGHT="54" WIDTH="1362" VPOS="1188" HPOS="136" CONTENT="גובין מכל עיר בלי תוספת ומגרעת, אפילו שיפחתו או יוסיפו הנמצאים בעיר... חזר"/></TextLine><TextLine ID="r1l21" BASELINE="1303" HEIGHT="59" WIDTH="1360" VPOS="1244" HPOS="133"><String ID="string_r1l21" HEIGHT="59" WIDTH="1360" VPOS="1244" HPOS="133" CONTENT="הדין שבתביעה היא כך ממון אפילו שבשם כאראג' תכונה, לפי שרוצים שתתן כל"/></TextLine><TextLine ID="r1l22" BASELINE="1362" HEIGHT="68" WIDTH="1370" VPOS="1294" HPOS="133"><String ID="string_r1l22" HEIGHT="68" WIDTH="1370" VPOS="1294" HPOS="133" CONTENT="עיר לפי ערכה ... מה שאינו כן בכאראג'י העיקרי, שמעיקרא נתקן על הגלגלות, ואין"/></TextLine><TextLine ID="r1l23" BASELINE="1402" HEIGHT="56" WIDTH="1360" VPOS="1346" HPOS="137"><String ID="string_r1l23" HEIGHT="56" WIDTH="1360" VPOS="1346" HPOS="137" CONTENT="לומר שמה שמטיל המלך זה המס הוא לפטר את היהודים והגוים שלא ילכו"/></TextLine><TextLine ID="r1l24" BASELINE="1464" HEIGHT="66" WIDTH="1357" VPOS="1398" HPOS="138"><String ID="string_r1l24" HEIGHT="66" WIDTH="1357" VPOS="1398" HPOS="138" CONTENT="למלחמה, ולפיכך בשם כאראג'י יכונה, דמרגלא בפי אינשי שהכאראג'י נתקן לפטור"/></TextLine><TextLine ID="r1l25" BASELINE="1517" HEIGHT="63" WIDTH="1353" VPOS="1454" HPOS="142"><String ID="string_r1l25" HEIGHT="63" WIDTH="1353" VPOS="1454" HPOS="142" CONTENT="אותנו מלצאת ולבוא במלחמה, וכשמתחדשת מלחמה גדולה, שצריך אנשים רבים"/></TextLine><TextLine ID="r1l26" BASELINE="1568" HEIGHT="57" WIDTH="1353" VPOS="1511" HPOS="142"><String ID="string_r1l26" HEIGHT="57" WIDTH="1353" VPOS="1511" HPOS="142" CONTENT="ומטילים כאראג'י נוסף.., דמאן מפים לנו דבמס הזה (השני) הוא לפטור אותנו"/></TextLine><TextLine ID="r1l27" BASELINE="1627" HEIGHT="59" WIDTH="1365" VPOS="1568" HPOS="130"><String ID="string_r1l27" HEIGHT="59" WIDTH="1365" VPOS="1568" HPOS="130" CONTENT="מלצאת למלחמה, אפשר שהוא עזר בסיוע למלחמה... כיון שאין תובעים אנשים 5)"/></TextLine><TextLine ID="r1l28" BASELINE="1682" HEIGHT="57" WIDTH="915" VPOS="1625" HPOS="583"><String ID="string_r1l28" HEIGHT="57" WIDTH="915" VPOS="1625" HPOS="583" CONTENT="כי אם ממון, ובכן נגבה מכל איש ואיש לפי הונו והונו."/></TextLine><TextLine ID="r1l29" BASELINE="1734" HEIGHT="52" WIDTH="1254" VPOS="1682" HPOS="130"><String ID="string_r1l29" HEIGHT="52" WIDTH="1254" VPOS="1682" HPOS="130" CONTENT="הרב הכולל ורב הרבנים מטעם הממשלה על כל היהודים בתוגרמה בימים ההם,"/></TextLine><TextLine ID="r1l30" BASELINE="1798" HEIGHT="57" WIDTH="1356" VPOS="1741" HPOS="136"><String ID="string_r1l30" HEIGHT="57" WIDTH="1356" VPOS="1741" HPOS="136" CONTENT="היה איש זקן ונכבד רבי משה בן רבי אליה קפסאלי היוני, בבחרותו יצא מעיר מולדתו"/></TextLine><TextLine ID="r1l31" BASELINE="1853" HEIGHT="56" WIDTH="1357" VPOS="1797" HPOS="134"><String ID="string_r1l31" HEIGHT="56" WIDTH="1357" VPOS="1797" HPOS="134" CONTENT="וילך לבקר הישיבות באשכנז הנודעות בעת ההיא לשם ולתהלה, ואחרי שובו הביתה,"/></TextLine><TextLine ID="r1l32" BASELINE="1910" HEIGHT="58" WIDTH="1360" VPOS="1852" HPOS="126"><String ID="string_r1l32" HEIGHT="58" WIDTH="1360" VPOS="1852" HPOS="126" CONTENT="היה לשופט על היהודים היושבים בקושטנדינא בימי המלכים היונים, ושם נשאר על"/></TextLine><TextLine ID="r1l33" BASELINE="1969" HEIGHT="59" WIDTH="1372" VPOS="1910" HPOS="130"><String ID="string_r1l33" HEIGHT="59" WIDTH="1372" VPOS="1910" HPOS="130" CONTENT="כנו 6) והוא היה דן את כל בני העיר בהורמנא דמלכא המלך התוגר, וחכמי העיר"/></TextLine><TextLine ID="r1l34" BASELINE="2016" HEIGHT="50" WIDTH="1355" VPOS="1966" HPOS="137"><String ID="string_r1l34" HEIGHT="50" WIDTH="1355" VPOS="1966" HPOS="137" CONTENT="שהיו בדורו כלם היו כפופים אליו מחמת המלכות, ולא היה להם כח ויכולת בידם"/></TextLine><TextLine ID="r1l35" BASELINE="2081" HEIGHT="58" WIDTH="1253" VPOS="2023" HPOS="233"><String ID="string_r1l35" HEIGHT="58" WIDTH="1253" VPOS="2023" HPOS="233" CONTENT="לדבר בפניו על איזה ענין או איזה דין שהיה דן ולא היה מתבשר בעיניהם 7)."/></TextLine><TextLine ID="r1l36" BASELINE="2145" HEIGHT="65" WIDTH="1260" VPOS="2080" HPOS="127"><String ID="string_r1l36" HEIGHT="65" WIDTH="1260" VPOS="2080" HPOS="127" CONTENT="כנראה הפקיד ר' משה קפסאלי מצדו את בא כחו, את הרב בעיר אנדרינופלא,"/></TextLine><TextLine ID="r1l37" BASELINE="2193" HEIGHT="56" WIDTH="1358" VPOS="2137" HPOS="130"><String ID="string_r1l37" HEIGHT="56" WIDTH="1358" VPOS="2137" HPOS="130" CONTENT="לרב הכולל בעיר ההיא, ולו העז והמשרה על כל יתר קהלות היהודים ברומיליא."/></TextLine><TextLine ID="r1l38" BASELINE="2250" HEIGHT="56" WIDTH="1365" VPOS="2194" HPOS="124"><String ID="string_r1l38" HEIGHT="56" WIDTH="1365" VPOS="2194" HPOS="124" CONTENT="המשרה הזאת נתנה לרבי יצחק צרפתי ולבני משפחתו אחריו, ואף כי הרבנות "/></TextLine><TextLine ID="r1l39" BASELINE="2400" HEIGHT="53" WIDTH="543" VPOS="2347" HPOS="839"><String ID="string_r1l39" HEIGHT="53" WIDTH="543" VPOS="2347" HPOS="839" CONTENT="5) לב שלמה, חשן משפט דף ס״ח."/></TextLine><TextLine ID="r1l40" BASELINE="2450" HEIGHT="53" WIDTH="712" VPOS="2397" HPOS="675"><String ID="string_r1l40" HEIGHT="53" WIDTH="712" VPOS="2397" HPOS="675" CONTENT="6) לקוטים שונים מס׳ רבי אליהו הנ&#34;ל דף ו׳."/></TextLine><TextLine ID="r1l41" BASELINE="2502" HEIGHT="54" WIDTH="1162" VPOS="2448" HPOS="229"><String ID="string_r1l41" HEIGHT="54" WIDTH="1162" VPOS="2448" HPOS="229" CONTENT="7) ר' דוד קוופ&#34;ורטי — קורא הדורות (דפוס ויניציא תק&#34;) דף כ&#34;ח עמוד ב׳."/></TextLine></TextBlock></PrintSpace></Page></Layout></alto>