<?xml version="1.0" encoding="UTF-8"?><alto xmlns:xsi="http://www.w3.org/2001/XMLSchema-instance" xmlns="http://www.loc.gov/standards/alto/ns-v2#" xmlns:page="http://schema.primaresearch.org/PAGE/gts/pagecontent/2013-07-15" xsi:schemaLocation="http://schema.primaresearch.org/PAGE/gts/pagecontent/2013-07-15 http://schema.primaresearch.org/PAGE/gts/pagecontent/2013-07-15/pagecontent.xsd http://www.loc.gov/standards/alto/ns-v2# http://www.loc.gov/standards/alto/alto-v2.0.xsd"><Description><MeasurementUnit>pixel</MeasurementUnit></Description><Layout><Page ID="Page1" PHYSICAL_IMG_NR="1" HEIGHT="2601" WIDTH="1698"><TopMargin HEIGHT="0" WIDTH="1698" VPOS="0" HPOS="0"/><LeftMargin HEIGHT="2601" WIDTH="0" VPOS="0" HPOS="0"/><RightMargin HEIGHT="2601" WIDTH="0" VPOS="0" HPOS="1698"/><BottomMargin HEIGHT="0" WIDTH="1698" VPOS="2601" HPOS="0"/><PrintSpace HEIGHT="2601" WIDTH="1698" VPOS="0" HPOS="0"><TextBlock ID="r1" HEIGHT="2332" WIDTH="1359" VPOS="115" HPOS="173"><Shape><Polygon POINTS="173,115 173,2447 1532,2447 1532,115"/></Shape><TextLine ID="r1l1" BASELINE="154" HEIGHT="48" WIDTH="74" VPOS="106" HPOS="1430"><String ID="string_r1l1" HEIGHT="48" WIDTH="74" VPOS="106" HPOS="1430" CONTENT="44"/></TextLine><TextLine ID="r1l2" BASELINE="161" HEIGHT="44" WIDTH="392" VPOS="117" HPOS="604"><String ID="string_r1l2" HEIGHT="44" WIDTH="392" VPOS="117" HPOS="604" CONTENT="דברי ימי ישראל בתוגרמה"/></TextLine><TextLine ID="r1l4" BASELINE="276" HEIGHT="58" WIDTH="1332" VPOS="218" HPOS="175"><String ID="string_r1l4" HEIGHT="58" WIDTH="1332" VPOS="218" HPOS="175" CONTENT="בקול גדול: משה! משה! ויאמר: הנני. -ויאמרו: אל תקרב הלום, של נעלך מעל רגליך"/></TextLine><TextLine ID="r1l5" BASELINE="329" HEIGHT="56" WIDTH="1339" VPOS="273" HPOS="172"><String ID="string_r1l5" HEIGHT="56" WIDTH="1339" VPOS="273" HPOS="172" CONTENT="ולבוש בגדיך עליך, מהר המלט שמה פן תספה בעון העיר, מהרה חושה אל תעמוד,"/></TextLine><TextLine ID="r1l6" BASELINE="384" HEIGHT="58" WIDTH="1334" VPOS="326" HPOS="179"><String ID="string_r1l6" HEIGHT="58" WIDTH="1334" VPOS="326" HPOS="179" CONTENT="קום צא מתוך קוסטדינא גם אתה גם בני ביתך ולכו עבדו את ה' אלהיכם אשר עשה"/></TextLine><TextLine ID="r1l7" BASELINE="432" HEIGHT="48" WIDTH="1334" VPOS="384" HPOS="176"><String ID="string_r1l7" HEIGHT="48" WIDTH="1334" VPOS="384" HPOS="176" CONTENT="עמכם להפליא ולא נתנכם ביד אויב, וברכתם גם אותנו, אשר מנענו את הינצירים מבא"/></TextLine><TextLine ID="r1l8" BASELINE="484" HEIGHT="50" WIDTH="1331" VPOS="434" HPOS="175"><String ID="string_r1l8" HEIGHT="50" WIDTH="1331" VPOS="434" HPOS="175" CONTENT="בדמים. וישמע משה וייטב בעיניו. והאיש משה לא ידע מאומה מכל המעשה הנורא"/></TextLine><TextLine ID="r1l9" BASELINE="546" HEIGHT="58" WIDTH="1337" VPOS="488" HPOS="171"><String ID="string_r1l9" HEIGHT="58" WIDTH="1337" VPOS="488" HPOS="171" CONTENT="הזה, כי היה בחצות לילה בנפול תרדמה על אנשים, ופתח בית הרב היה רחוק"/></TextLine><TextLine ID="r1l10" BASELINE="601" HEIGHT="60" WIDTH="1339" VPOS="541" HPOS="173"><String ID="string_r1l10" HEIGHT="60" WIDTH="1339" VPOS="541" HPOS="173" CONTENT="מן הבית אשר היה דר שם, כי היה לבית חצר גדול מאד, אשר שם היו מתקבצים"/></TextLine><TextLine ID="r1l11" BASELINE="657" HEIGHT="59" WIDTH="1339" VPOS="598" HPOS="168"><String ID="string_r1l11" HEIGHT="59" WIDTH="1339" VPOS="598" HPOS="168" CONTENT="הקהלות הכלולות לשמוע הוראה מפיו בבא כל ישראל לראות פני ה'... על כן לא"/></TextLine><TextLine ID="r1l12" BASELINE="711" HEIGHT="60" WIDTH="1332" VPOS="651" HPOS="171"><String ID="string_r1l12" HEIGHT="60" WIDTH="1332" VPOS="651" HPOS="171" CONTENT="ידע מאומה משבירת הדלת הנ&#34;ל, ואין רואה ואין יודע ממיתת האדון (השלטן) ואין"/></TextLine><TextLine ID="r1l13" BASELINE="765" HEIGHT="57" WIDTH="1349" VPOS="708" HPOS="168"><String ID="string_r1l13" HEIGHT="57" WIDTH="1349" VPOS="708" HPOS="168" CONTENT="מקיץ, כי כלם ישנים כי תרדמת ה׳ נפלה עליהם, וימהר משה ויקד ארצה וישתחו..."/></TextLine><TextLine ID="r1l14" BASELINE="820" HEIGHT="47" WIDTH="1337" VPOS="773" HPOS="179"><String ID="string_r1l14" HEIGHT="47" WIDTH="1337" VPOS="773" HPOS="179" CONTENT="ויבקשוהו היניצירי סביבות העיר ויביטו אחרי משה, היש בזה הרואה ? ויאמר: אין. ויעברו"/></TextLine><TextLine ID="r1l15" BASELINE="877" HEIGHT="57" WIDTH="482" VPOS="820" HPOS="1031"><String ID="string_r1l15" HEIGHT="57" WIDTH="482" VPOS="820" HPOS="1031" CONTENT="בשאר הקהלות, ולא מצאו״2)."/></TextLine><TextLine ID="r1l16" BASELINE="929" HEIGHT="54" WIDTH="1229" VPOS="875" HPOS="179"><String ID="string_r1l16" HEIGHT="54" WIDTH="1229" VPOS="875" HPOS="179" CONTENT="בעוד אשר שררה השערוריה בקרב עיר הבירה, נתבשר שלטן באיאזיד שמונה"/></TextLine><TextLine ID="r1l17" BASELINE="980" HEIGHT="49" WIDTH="1339" VPOS="931" HPOS="172"><String ID="string_r1l17" HEIGHT="49" WIDTH="1339" VPOS="931" HPOS="172" CONTENT="ימים אחרי המאורע על דבר מות אביו, כי היה בעת ההוא באמאסיה, והמרחק בין"/></TextLine><TextLine ID="r1l18" BASELINE="1041" HEIGHT="63" WIDTH="1334" VPOS="978" HPOS="183"><String ID="string_r1l18" HEIGHT="63" WIDTH="1334" VPOS="978" HPOS="183" CONTENT="קושטנדינא ובין העיר הזאת רב. ביום השני נסע בלוית ארבעת אלפים רוכבים, ואחר"/></TextLine><TextLine ID="r1l19" BASELINE="1090" HEIGHT="54" WIDTH="795" VPOS="1036" HPOS="724"><String ID="string_r1l19" HEIGHT="54" WIDTH="795" VPOS="1036" HPOS="724" CONTENT="תשעה ימים הגיע לעיר הבירה וימלוך תחת אביו."/></TextLine><TextLine ID="r1l20" BASELINE="1148" HEIGHT="63" WIDTH="1242" VPOS="1085" HPOS="175"><String ID="string_r1l20" HEIGHT="63" WIDTH="1242" VPOS="1085" HPOS="175" CONTENT="„והמלך שלטן בייזיד (באיאזיד) דרך אבותיו בידו... וכמו ששלטן מחמיט אסף"/></TextLine><TextLine ID="r1l21" BASELINE="1200" HEIGHT="55" WIDTH="1345" VPOS="1145" HPOS="169"><String ID="string_r1l21" HEIGHT="55" WIDTH="1345" VPOS="1145" HPOS="169" CONTENT="היהודים השוכנים בשאר הקהלות והביאם להיות עמו בקוסטדינא ויאמר: באו חסו"/></TextLine><TextLine ID="r1l22" BASELINE="1258" HEIGHT="55" WIDTH="1327" VPOS="1203" HPOS="193"><String ID="string_r1l22" HEIGHT="55" WIDTH="1327" VPOS="1203" HPOS="193" CONTENT="בצלי כאשר כתבנו, כן בנו זה  שולטאן בייזיד הטיב עם זרע אברהם עבדי"/></TextLine><TextLine ID="r1l23" BASELINE="1313" HEIGHT="58" WIDTH="1318" VPOS="1255" HPOS="204"><String ID="string_r1l23" HEIGHT="58" WIDTH="1318" VPOS="1255" HPOS="204" CONTENT="ה' בני יעקב בחיריו ולא השליכם מעל פניו כאשר עשו לנו קצת מלכי הגוים״3)."/></TextLine><TextLine ID="r1l24" BASELINE="1372" HEIGHT="58" WIDTH="1230" VPOS="1314" HPOS="179"><String ID="string_r1l24" HEIGHT="58" WIDTH="1230" VPOS="1314" HPOS="179" CONTENT="והנסיך ג'ים שמע כי אחיו ישב על כסא המלוכה ובזה אבדה תקותו למלוך"/></TextLine><TextLine ID="r1l25" BASELINE="1425" HEIGHT="54" WIDTH="1346" VPOS="1371" HPOS="173"><String ID="string_r1l25" HEIGHT="54" WIDTH="1346" VPOS="1371" HPOS="173" CONTENT="במקום אביו, כאשר השלה הויזיר הגדול את נפשו בשוא, ויאסוף אנשי חיל ככל אשר"/></TextLine><TextLine ID="r1l26" BASELINE="1482" HEIGHT="56" WIDTH="1344" VPOS="1426" HPOS="178"><String ID="string_r1l26" HEIGHT="56" WIDTH="1344" VPOS="1426" HPOS="178" CONTENT="עלה בידו ויערוך מלחמה נגד השלטן אחיו, ואולם הוכה מכה נצחת עד אשר לא נשאר"/></TextLine><TextLine ID="r1l27" BASELINE="1539" HEIGHT="56" WIDTH="1359" VPOS="1483" HPOS="164"><String ID="string_r1l27" HEIGHT="56" WIDTH="1359" VPOS="1483" HPOS="164" CONTENT="לו שארית, וינס וימלט מצרימה אל השלטן הממלוך ויהי שם עד כ&#34;ח לחדש טבת"/></TextLine><TextLine ID="r1l28" BASELINE="1589" HEIGHT="42" WIDTH="492" VPOS="1547" HPOS="1038"><String ID="string_r1l28" HEIGHT="42" WIDTH="492" VPOS="1547" HPOS="1038" CONTENT="שנת רמ״א (10 דצמבר 1481)."/></TextLine><TextLine ID="r1l29" BASELINE="1654" HEIGHT="57" WIDTH="1257" VPOS="1597" HPOS="168"><String ID="string_r1l29" HEIGHT="57" WIDTH="1257" VPOS="1597" HPOS="168" CONTENT="המקרה קל-הערך הזה הביא סבסוך גדול בין שתי הממשלות המשלמיות,"/></TextLine><TextLine ID="r1l30" BASELINE="1707" HEIGHT="56" WIDTH="1336" VPOS="1651" HPOS="184"><String ID="string_r1l30" HEIGHT="56" WIDTH="1336" VPOS="1651" HPOS="184" CONTENT="מצרים ותוגרמה, והיה השביב להדליק אש המלחמה ביניהן, מלחמה גדולה וכבדה,"/></TextLine><TextLine ID="r1l31" BASELINE="1761" HEIGHT="58" WIDTH="1346" VPOS="1703" HPOS="179"><String ID="string_r1l31" HEIGHT="58" WIDTH="1346" VPOS="1703" HPOS="179" CONTENT="אשר החלה בימי השלטן באיאזיד וכלתה בימי בנו שלטן שילים, אשר ספח את מצרים"/></TextLine><TextLine ID="r1l32" BASELINE="1804" HEIGHT="47" WIDTH="450" VPOS="1757" HPOS="1079"><String ID="string_r1l32" HEIGHT="47" WIDTH="450" VPOS="1757" HPOS="1079" CONTENT="אל יתר מדינות הממשלה."/></TextLine><TextLine ID="r1l33" BASELINE="1872" HEIGHT="55" WIDTH="1244" VPOS="1817" HPOS="176"><String ID="string_r1l33" HEIGHT="55" WIDTH="1244" VPOS="1817" HPOS="176" CONTENT="מצב היהודים בארץ ישראל, אשר נחשבה למדינה מצרית, היה בימים ההם ברע מאד"/></TextLine><TextLine ID="r1l34" BASELINE="1927" HEIGHT="57" WIDTH="1336" VPOS="1870" HPOS="186"><String ID="string_r1l34" HEIGHT="57" WIDTH="1336" VPOS="1870" HPOS="186" CONTENT="ובשפל המדרגה, ותחת אשר ישבו בה מלפנים שלש מאות בעלי בתים יהודים, לא נשארו בה"/></TextLine><TextLine ID="r1l35" BASELINE="1987" HEIGHT="59" WIDTH="1348" VPOS="1928" HPOS="181"><String ID="string_r1l35" HEIGHT="59" WIDTH="1348" VPOS="1928" HPOS="181" CONTENT="עתה כי אם שבעים איש מדלת העם אשר חיו במצוק, וכמעט לא נשאר בה איש אשר"/></TextLine><TextLine ID="r1l36" BASELINE="2049" HEIGHT="67" WIDTH="1357" VPOS="1982" HPOS="177"><String ID="string_r1l36" HEIGHT="67" WIDTH="1357" VPOS="1982" HPOS="177" CONTENT="לא יחסר לחמו, על כן הכרחו לשלח שליח בתפוצות ישראל לצבור נדבות לעניי ארץ"/></TextLine><TextLine ID="r1l37" BASELINE="2102" HEIGHT="64" WIDTH="1348" VPOS="2038" HPOS="178"><String ID="string_r1l37" HEIGHT="64" WIDTH="1348" VPOS="2038" HPOS="178" CONTENT="ישראל. שם השליח אשר יצא להשמיע על הנדבות מוזר מאד: „משה עשרים וארבע״,"/></TextLine><TextLine ID="r1l38" BASELINE="2153" HEIGHT="62" WIDTH="1352" VPOS="2091" HPOS="181"><String ID="string_r1l38" HEIGHT="62" WIDTH="1352" VPOS="2091" HPOS="181" CONTENT="על כי לא ידע דבר חוץ מכתבי הקדש העשרים וארבע 4). בראשונה בא אל הבירה"/></TextLine><TextLine ID="r1l39" BASELINE="2255" HEIGHT="53" WIDTH="539" VPOS="2202" HPOS="876"><String ID="string_r1l39" HEIGHT="53" WIDTH="539" VPOS="2202" HPOS="876" CONTENT="2) שם פרק ל&#34;ה ובנדפס דף י-י&#34;ב."/></TextLine><TextLine ID="r1l40" BASELINE="2299" HEIGHT="50" WIDTH="307" VPOS="2249" HPOS="1110"><String ID="string_r1l40" HEIGHT="50" WIDTH="307" VPOS="2249" HPOS="1110" CONTENT="3) רבי אליהו שם."/></TextLine><TextLine ID="r1l41" BASELINE="2358" HEIGHT="59" WIDTH="1241" VPOS="2299" HPOS="184"><String ID="string_r1l41" HEIGHT="59" WIDTH="1241" VPOS="2299" HPOS="184" CONTENT="4) גם בספר נועם וחובלים לר' אליה קפסאלי כתב, כי בגלל אשר לא היה לו"/></TextLine><TextLine ID="r1l42" BASELINE="2405" HEIGHT="49" WIDTH="1358" VPOS="2356" HPOS="182"><String ID="string_r1l42" HEIGHT="49" WIDTH="1358" VPOS="2356" HPOS="182" CONTENT="יד רק בעשרים וארבע ספרי הקדש ע״כ יכונה בשם עשרים וארבע (ראה תולדות חכמי ישראל"/></TextLine><TextLine ID="r1l43" BASELINE="2453" HEIGHT="54" WIDTH="1354" VPOS="2399" HPOS="185"><String ID="string_r1l43" HEIGHT="54" WIDTH="1354" VPOS="2399" HPOS="185" CONTENT="ח&#34;ד עמ׳ 131 ובהערה שם, ובהערה רביעית עמ׳ 125) אולם באמת היה כן שם משפחתו, כאשר"/></TextLine></TextBlock></PrintSpace></Page></Layout></alto>