<?xml version="1.0" encoding="UTF-8"?><alto xmlns:xsi="http://www.w3.org/2001/XMLSchema-instance" xmlns="http://www.loc.gov/standards/alto/ns-v2#" xmlns:page="http://schema.primaresearch.org/PAGE/gts/pagecontent/2013-07-15" xsi:schemaLocation="http://schema.primaresearch.org/PAGE/gts/pagecontent/2013-07-15 http://schema.primaresearch.org/PAGE/gts/pagecontent/2013-07-15/pagecontent.xsd http://www.loc.gov/standards/alto/ns-v2# http://www.loc.gov/standards/alto/alto-v2.0.xsd"><Description><MeasurementUnit>pixel</MeasurementUnit></Description><Layout><Page ID="Page1" PHYSICAL_IMG_NR="1" HEIGHT="2604" WIDTH="1703"><TopMargin HEIGHT="0" WIDTH="1703" VPOS="0" HPOS="0"/><LeftMargin HEIGHT="2604" WIDTH="0" VPOS="0" HPOS="0"/><RightMargin HEIGHT="2604" WIDTH="0" VPOS="0" HPOS="1703"/><BottomMargin HEIGHT="0" WIDTH="1703" VPOS="2604" HPOS="0"/><PrintSpace HEIGHT="2604" WIDTH="1703" VPOS="0" HPOS="0"><TextBlock ID="r1" HEIGHT="2333" WIDTH="1356" VPOS="169" HPOS="162"><Shape><Polygon POINTS="162,169 162,2502 1518,2502 1518,169"/></Shape><TextLine ID="line_1552553887557_215" BASELINE="214" HEIGHT="39" WIDTH="55" VPOS="175" HPOS="1460"><String ID="string_line_1552553887557_215" HEIGHT="39" WIDTH="55" VPOS="175" HPOS="1460" CONTENT="4"/></TextLine><TextLine ID="r1l1" BASELINE="209" HEIGHT="45" WIDTH="396" VPOS="164" HPOS="648"><String ID="string_r1l1" HEIGHT="45" WIDTH="396" VPOS="164" HPOS="648" CONTENT="דברי ימי ישראל בתוגרמה"/></TextLine><TextLine ID="r1l5" BASELINE="331" HEIGHT="60" WIDTH="1333" VPOS="271" HPOS="180"><String ID="string_r1l5" HEIGHT="60" WIDTH="1333" VPOS="271" HPOS="180" CONTENT="אחיו אלא הידין ודודו אחי אמו קארה־חליל רושינרילי יעצו אותו לברוא חיל הייניטשירים"/></TextLine><TextLine ID="r1l6" BASELINE="385" HEIGHT="57" WIDTH="1341" VPOS="328" HPOS="178"><String ID="string_r1l6" HEIGHT="57" WIDTH="1341" VPOS="328" HPOS="178" CONTENT="(חיל חדש), אשר יקראום האברופיים יאניסירים, והיהודים נ'יניסארום או רגליים. יונים"/></TextLine><TextLine ID="r1l7" BASELINE="440" HEIGHT="58" WIDTH="1351" VPOS="382" HPOS="173"><String ID="string_r1l7" HEIGHT="58" WIDTH="1351" VPOS="382" HPOS="173" CONTENT="רבים מבני הפקדון ואסירי מלחמה הובאו לפניו. השלטן הכריחם לקבל דת מחמר"/></TextLine><TextLine ID="r1l8" BASELINE="497" HEIGHT="59" WIDTH="1351" VPOS="438" HPOS="168"><String ID="string_r1l8" HEIGHT="59" WIDTH="1351" VPOS="438" HPOS="168" CONTENT="ואחר כן הציגם לפני הדרויש חאג'י-ביגטאש, אשר שם כנף מעילו על ראש האחד"/></TextLine><TextLine ID="r1l9" BASELINE="547" HEIGHT="54" WIDTH="1338" VPOS="493" HPOS="183"><String ID="string_r1l9" HEIGHT="54" WIDTH="1338" VPOS="493" HPOS="183" CONTENT="ויברכהו: „שמך יהיה ייניטשירי, פניך יהיו צוהלים, זרועך כבדה, חרבך אוכלת וקשתך"/></TextLine><TextLine ID="r1l10" BASELINE="603" HEIGHT="54" WIDTH="1034" VPOS="549" HPOS="492"><String ID="string_r1l10" HEIGHT="54" WIDTH="1034" VPOS="549" HPOS="492" CONTENT="לא תחטיא המטרה, בלכתך תפגש הנצחון ובשובך התהלה!&#34; 7)."/></TextLine><TextLine ID="r1l11" BASELINE="654" HEIGHT="50" WIDTH="1231" VPOS="604" HPOS="175"><String ID="string_r1l11" HEIGHT="50" WIDTH="1231" VPOS="604" HPOS="175" CONTENT="אנשי החיל הזה אשר בימי השלטנים הראשונים הגדילו כבוד הממשלה ותפארתה."/></TextLine><TextLine ID="r1l12" BASELINE="715" HEIGHT="56" WIDTH="1336" VPOS="659" HPOS="175"><String ID="string_r1l12" HEIGHT="56" WIDTH="1336" VPOS="659" HPOS="175" CONTENT="נהפכו בעתים האחרונות לדראונה וחרפתה, ובכל יום חדשים לבקרים התלוננו וימרדו"/></TextLine><TextLine ID="r1l13" BASELINE="771" HEIGHT="56" WIDTH="1343" VPOS="715" HPOS="171"><String ID="string_r1l13" HEIGHT="56" WIDTH="1343" VPOS="715" HPOS="171" CONTENT="באדוניהם. בכלל הרעו מאד ליהודים, כאשר נראה בארך דברי הימים, ותמיד התנפלו"/></TextLine><TextLine ID="r1l14" BASELINE="830" HEIGHT="59" WIDTH="1340" VPOS="771" HPOS="176"><String ID="string_r1l14" HEIGHT="59" WIDTH="1340" VPOS="771" HPOS="176" CONTENT="עליהם ועל בתיהם ויבוזו אותם וירעו להם מאד. עוד היום זכרונם נשאר לקללה בפי"/></TextLine><TextLine ID="r1l15" BASELINE="881" HEIGHT="53" WIDTH="1326" VPOS="828" HPOS="177"><String ID="string_r1l15" HEIGHT="53" WIDTH="1326" VPOS="828" HPOS="177" CONTENT="היהודים, אשר ירעדו תחתם עת עלות על לבכם רעתם, וגם שמונים שנה אחרי אשר"/></TextLine><TextLine ID="r1l16" BASELINE="942" HEIGHT="59" WIDTH="1329" VPOS="883" HPOS="178"><String ID="string_r1l16" HEIGHT="59" WIDTH="1329" VPOS="883" HPOS="178" CONTENT="נכרתו כלם מתחת השמים עוד האמהות היהודיות בארצות הקדם, ברצותן להפחיד ילדיהן."/></TextLine><TextLine ID="r1l17" BASELINE="998" HEIGHT="56" WIDTH="1333" VPOS="942" HPOS="179"><String ID="string_r1l17" HEIGHT="56" WIDTH="1333" VPOS="942" HPOS="179" CONTENT="תאמרנה: „הנה הייניטשירי בא!&#34; או בקללן אותם תאמרנה: „ניניסארו מוי אמרנו!&#34;"/></TextLine><TextLine ID="r1l18" BASELINE="1044" HEIGHT="43" WIDTH="401" VPOS="1001" HPOS="1111"><String ID="string_r1l18" HEIGHT="43" WIDTH="401" VPOS="1001" HPOS="1111" CONTENT="ייניטשירי מר עד מאד!"/></TextLine><TextLine ID="r1l19" BASELINE="1104" HEIGHT="58" WIDTH="1233" VPOS="1046" HPOS="176"><String ID="string_r1l19" HEIGHT="58" WIDTH="1233" VPOS="1046" HPOS="176" CONTENT="בשנת קי&#34;ז (1357) לקח עליו הויזיר הגדול סוליימאן פחה בן השלטן אורכאן"/></TextLine><TextLine ID="r1l20" BASELINE="1159" HEIGHT="58" WIDTH="1345" VPOS="1101" HPOS="164"><String ID="string_r1l20" HEIGHT="58" WIDTH="1345" VPOS="1101" HPOS="164" CONTENT="המעמסה הכבדה לחבר אברופה עם אסיא ולכונן גם בחלק העולם הזה ממשלת"/></TextLine><TextLine ID="r1l21" BASELINE="1215" HEIGHT="59" WIDTH="1331" VPOS="1156" HPOS="171"><String ID="string_r1l21" HEIGHT="59" WIDTH="1331" VPOS="1156" HPOS="171" CONTENT="עשמאן. בעוד לילה, בעת חשך ואפלה, עבר עם שמונים אנשי חיל על רפסודות לשון הים"/></TextLine><TextLine ID="r1l22" BASELINE="1270" HEIGHT="55" WIDTH="1334" VPOS="1215" HPOS="175"><String ID="string_r1l22" HEIGHT="55" WIDTH="1334" VPOS="1215" HPOS="175" CONTENT="מנגד להיליספונט ויקח בחזקה העיר הקטנה תוימפה. היונים תושבי המקום העבירו"/></TextLine><TextLine ID="r1l23" BASELINE="1326" HEIGHT="57" WIDTH="1339" VPOS="1269" HPOS="174"><String ID="string_r1l23" HEIGHT="57" WIDTH="1339" VPOS="1269" HPOS="174" CONTENT="בעוד לילה 3000 אנשי חיל לאכרופה. גם מן השמים נלחמו לעזרת השלטן, כי בעצם"/></TextLine><TextLine ID="r1l24" BASELINE="1382" HEIGHT="56" WIDTH="1345" VPOS="1326" HPOS="170"><String ID="string_r1l24" HEIGHT="56" WIDTH="1345" VPOS="1326" HPOS="170" CONTENT="היום ההוא היה רעש גדול וחומת העיר נאליפולי נפלה במקצתה, באופן אשר היה"/></TextLine><TextLine ID="r1l25" BASELINE="1439" HEIGHT="59" WIDTH="877" VPOS="1380" HPOS="640"><String ID="string_r1l25" HEIGHT="59" WIDTH="877" VPOS="1380" HPOS="640" CONTENT="נקל לתרכים לבוא העירה דרך הפרצה ולכבוש אותה."/></TextLine><TextLine ID="r1l26" BASELINE="1495" HEIGHT="58" WIDTH="1253" VPOS="1437" HPOS="160"><String ID="string_r1l26" HEIGHT="58" WIDTH="1253" VPOS="1437" HPOS="160" CONTENT="בגאליפולי היתה עדה יהודית קטנה, אף כי נוסדה מימי קדם, בהיות כי הנוסע"/></TextLine><TextLine ID="r1l27" BASELINE="1549" HEIGHT="57" WIDTH="1346" VPOS="1492" HPOS="161"><String ID="string_r1l27" HEIGHT="57" WIDTH="1346" VPOS="1492" HPOS="161" CONTENT="ר׳ בנימן די טודילא מצא שם קרוב לשנת ד׳ אלפים תתק&#34;לו (1176) שתי מאות יהודים."/></TextLine><TextLine ID="r1l28" BASELINE="1606" HEIGHT="58" WIDTH="1343" VPOS="1548" HPOS="163"><String ID="string_r1l28" HEIGHT="58" WIDTH="1343" VPOS="1548" HPOS="163" CONTENT="רדיפות הביזאנטים מצד אחד, וחסרון המסחר מצד אחר, היו הסבה להקטין מספר"/></TextLine><TextLine ID="r1l29" BASELINE="1665" HEIGHT="58" WIDTH="1344" VPOS="1607" HPOS="174"><String ID="string_r1l29" HEIGHT="58" WIDTH="1344" VPOS="1607" HPOS="174" CONTENT="יושביה היהודים בעת ההיא, אך אחרי אשר באה הקהלה היהודית בידי התוגרמים "/></TextLine><TextLine ID="r1l30" BASELINE="1710" HEIGHT="49" WIDTH="969" VPOS="1661" HPOS="548"><String ID="string_r1l30" HEIGHT="49" WIDTH="969" VPOS="1661" HPOS="548" CONTENT="גדלה עד מאד, כי נאספו בה מכל הסביבות 8) ברוב הימים."/></TextLine><TextLine ID="r1l31" BASELINE="1771" HEIGHT="56" WIDTH="1243" VPOS="1715" HPOS="167"><String ID="string_r1l31" HEIGHT="56" WIDTH="1243" VPOS="1715" HPOS="167" CONTENT="שלש שנים אחרי לכידת נאליפולי מת שולימאן פחה, וימים אחדים אחרי כן"/></TextLine><TextLine ID="r1l32" BASELINE="1826" HEIGHT="55" WIDTH="899" VPOS="1771" HPOS="615"><String ID="string_r1l32" HEIGHT="55" WIDTH="899" VPOS="1771" HPOS="615" CONTENT="נוע השלטן אורכאן בעזבו הכתר לבנו השני מוראד כאן."/></TextLine><TextLine ID="r1l33" BASELINE="1986" HEIGHT="55" WIDTH="1243" VPOS="1931" HPOS="169"><String ID="string_r1l33" HEIGHT="55" WIDTH="1243" VPOS="1931" HPOS="169" CONTENT="7) בעל הזכרונות ר' יונה אשכנזי יכנה בזכרונותיו את אלא הידין בשם עלי פאשה,"/></TextLine><TextLine ID="r1l34" BASELINE="2035" HEIGHT="54" WIDTH="1340" VPOS="1981" HPOS="167"><String ID="string_r1l34" HEIGHT="54" WIDTH="1340" VPOS="1981" HPOS="167" CONTENT="ואלה דבריו: ועלי פאשה אחיו של אורכאן היה איש אמיץ והוא סדר מחנה הרגליים במאמר"/></TextLine><TextLine ID="r1l35" BASELINE="2082" HEIGHT="55" WIDTH="1353" VPOS="2027" HPOS="156"><String ID="string_r1l35" HEIGHT="55" WIDTH="1353" VPOS="2027" HPOS="156" CONTENT="חאג'י ביקטאש (זכרונות ע׳ 156). אכן האגדה הנשארה אצל היהודים על יצירת חיל"/></TextLine><TextLine ID="r1l36" BASELINE="2127" HEIGHT="52" WIDTH="1343" VPOS="2075" HPOS="166"><String ID="string_r1l36" HEIGHT="52" WIDTH="1343" VPOS="2075" HPOS="166" CONTENT="הייניטשירים תספר כזה : פעם אחת כאשר נלחם השלטן עם אויביו לא נשארו לו אנשי חיל די,"/></TextLine><TextLine ID="r1l37" BASELINE="2174" HEIGHT="53" WIDTH="1345" VPOS="2121" HPOS="155"><String ID="string_r1l37" HEIGHT="53" WIDTH="1345" VPOS="2121" HPOS="155" CONTENT="צרכו. בעצבונו הלך אל דרויש אחד, לאמר לו להעתיר בעדו ולהמציא לו אמצעים להצלחתו"/></TextLine><TextLine ID="r1l38" BASELINE="2219" HEIGHT="53" WIDTH="1349" VPOS="2166" HPOS="157"><String ID="string_r1l38" HEIGHT="53" WIDTH="1349" VPOS="2166" HPOS="157" CONTENT="להנצל מאויביו הרבים. החכם הזה הרים מעילו מעל לראשו ואחרי אשר התפלל, פתאום"/></TextLine><TextLine ID="r1l39" BASELINE="2266" HEIGHT="53" WIDTH="1345" VPOS="2213" HPOS="163"><String ID="string_r1l39" HEIGHT="53" WIDTH="1345" VPOS="2213" HPOS="163" CONTENT="החלו אנשי חיל מזוינים לרדת מכנף מעילו עד אשר מלא שדה הקרב אשר עמדו בו. על כן"/></TextLine><TextLine ID="r1l40" BASELINE="2314" HEIGHT="52" WIDTH="1338" VPOS="2262" HPOS="166"><String ID="string_r1l40" HEIGHT="52" WIDTH="1338" VPOS="2262" HPOS="166" CONTENT="קראו שמם ייניטשירי, או חיל חדש, לאמור ממציאה חדשה. יהודי תרכיה יכנו החיל הזה בשם"/></TextLine><TextLine ID="r1l41" BASELINE="2363" HEIGHT="55" WIDTH="1336" VPOS="2308" HPOS="168"><String ID="string_r1l41" HEIGHT="55" WIDTH="1336" VPOS="2308" HPOS="168" CONTENT="ג'יניסארוס כאשר יקראו האיטליאנים Genissaro, ובני רומאניא היו קוראים אותם ייניצירי"/></TextLine><TextLine ID="r1l42" BASELINE="2405" HEIGHT="51" WIDTH="506" VPOS="2354" HPOS="1005"><String ID="string_r1l42" HEIGHT="51" WIDTH="506" VPOS="2354" HPOS="1005" CONTENT="על פי המבטא היוני (רבי אליהו)."/></TextLine><TextLine ID="r1l43" BASELINE="2458" HEIGHT="59" WIDTH="1259" VPOS="2399" HPOS="154"><String ID="string_r1l43" HEIGHT="59" WIDTH="1259" VPOS="2399" HPOS="154" CONTENT="8) על הקהלה היהודית בגאליפולי בימי קדם, ראה שו״ת מחרש״ך (ר׳ שלמה הכהן)"/></TextLine><TextLine ID="r1l44" BASELINE="2507" HEIGHT="55" WIDTH="295" VPOS="2452" HPOS="1214"><String ID="string_r1l44" HEIGHT="55" WIDTH="295" VPOS="2452" HPOS="1214" CONTENT="חלק ב׳ סי׳ קמ&#34;ה."/></TextLine></TextBlock></PrintSpace></Page></Layout></alto>