<?xml version="1.0" encoding="UTF-8"?><alto xmlns:xsi="http://www.w3.org/2001/XMLSchema-instance" xmlns="http://www.loc.gov/standards/alto/ns-v2#" xmlns:page="http://schema.primaresearch.org/PAGE/gts/pagecontent/2013-07-15" xsi:schemaLocation="http://schema.primaresearch.org/PAGE/gts/pagecontent/2013-07-15 http://schema.primaresearch.org/PAGE/gts/pagecontent/2013-07-15/pagecontent.xsd http://www.loc.gov/standards/alto/ns-v2# http://www.loc.gov/standards/alto/alto-v2.0.xsd"><Description><MeasurementUnit>pixel</MeasurementUnit></Description><Layout><Page ID="Page1" PHYSICAL_IMG_NR="1" HEIGHT="2600" WIDTH="1668"><TopMargin HEIGHT="0" WIDTH="1668" VPOS="0" HPOS="0"/><LeftMargin HEIGHT="2600" WIDTH="0" VPOS="0" HPOS="0"/><RightMargin HEIGHT="2600" WIDTH="0" VPOS="0" HPOS="1668"/><BottomMargin HEIGHT="0" WIDTH="1668" VPOS="2600" HPOS="0"/><PrintSpace HEIGHT="2600" WIDTH="1668" VPOS="0" HPOS="0"><TextBlock ID="region_1552482568040_764" HEIGHT="51" WIDTH="509" VPOS="1161" HPOS="885"><Shape><Polygon POINTS="885,1161 885,1212 1394,1212 1394,1161"/></Shape><TextLine ID="line_1552482568095_767" BASELINE="1212" HEIGHT="51" WIDTH="509" VPOS="1161" HPOS="885"><String ID="string_line_1552482568095_767" HEIGHT="51" WIDTH="509" VPOS="1161" HPOS="885" CONTENT="אשה יהודית מאנדרינופלא"/></TextLine></TextBlock><TextBlock ID="region_1552482565129_756" HEIGHT="53" WIDTH="310" VPOS="1149" HPOS="328"><Shape><Polygon POINTS="328,1149 328,1202 638,1202 638,1149"/></Shape><TextLine ID="line_1552482565181_759" BASELINE="1202" HEIGHT="53" WIDTH="310" VPOS="1149" HPOS="328"><String ID="string_line_1552482565181_759" HEIGHT="53" WIDTH="310" VPOS="1149" HPOS="328" CONTENT="רופא יהודי"/></TextLine></TextBlock><TextBlock ID="region_1552482586125_774" HEIGHT="58" WIDTH="549" VPOS="2376" HPOS="505"><Shape><Polygon POINTS="505,2376 505,2434 1054,2434 1054,2376"/></Shape><TextLine ID="line_1552482586177_777" BASELINE="2434" HEIGHT="58" WIDTH="549" VPOS="2376" HPOS="505"><String ID="string_line_1552482586177_777" HEIGHT="58" WIDTH="549" VPOS="2376" HPOS="505" CONTENT="נערה יהודית מאנדרינופלא"/></TextLine></TextBlock><TextBlock ID="region_1552482589983_782" HEIGHT="51" WIDTH="622" VPOS="2449" HPOS="471"><Shape><Polygon POINTS="471,2449 471,2500 1093,2500 1093,2449"/></Shape><TextLine ID="line_1552482590030_785" BASELINE="2500" HEIGHT="51" WIDTH="622" VPOS="2449" HPOS="471"><String ID="string_line_1552482590030_785" HEIGHT="51" WIDTH="622" VPOS="2449" HPOS="471" CONTENT="לפי מה שצייר אותם הנוסע הצרפתי ניקולאי די"/></TextLine><TextLine ID="line_1552482593138_790" BASELINE="2552" HEIGHT="56" WIDTH="555" VPOS="2496" HPOS="518"><String ID="string_line_1552482593138_790" HEIGHT="56" WIDTH="555" VPOS="2496" HPOS="518" CONTENT="ניקולאי Les Navigations (Anvers 1576) "/></TextLine></TextBlock></PrintSpace></Page></Layout></alto>