<?xml version="1.0" encoding="UTF-8"?><alto xmlns:xsi="http://www.w3.org/2001/XMLSchema-instance" xmlns="http://www.loc.gov/standards/alto/ns-v2#" xmlns:page="http://schema.primaresearch.org/PAGE/gts/pagecontent/2013-07-15" xsi:schemaLocation="http://schema.primaresearch.org/PAGE/gts/pagecontent/2013-07-15 http://schema.primaresearch.org/PAGE/gts/pagecontent/2013-07-15/pagecontent.xsd http://www.loc.gov/standards/alto/ns-v2# http://www.loc.gov/standards/alto/alto-v2.0.xsd"><Description><MeasurementUnit>pixel</MeasurementUnit></Description><Layout><Page ID="Page1" PHYSICAL_IMG_NR="1" HEIGHT="2620" WIDTH="1700"><TopMargin HEIGHT="0" WIDTH="1700" VPOS="0" HPOS="0"/><LeftMargin HEIGHT="2620" WIDTH="0" VPOS="0" HPOS="0"/><RightMargin HEIGHT="2620" WIDTH="0" VPOS="0" HPOS="1700"/><BottomMargin HEIGHT="0" WIDTH="1700" VPOS="2620" HPOS="0"/><PrintSpace HEIGHT="2620" WIDTH="1700" VPOS="0" HPOS="0"><TextBlock ID="r1" HEIGHT="2337" WIDTH="1366" VPOS="143" HPOS="41"><Shape><Polygon POINTS="41,143 41,2480 1407,2480 1407,143"/></Shape><TextLine ID="r1l1" BASELINE="185" HEIGHT="44" WIDTH="88" VPOS="141" HPOS="58"><String ID="string_r1l1" HEIGHT="44" WIDTH="88" VPOS="141" HPOS="58" CONTENT="27"/></TextLine><TextLine ID="r1l2" BASELINE="194" HEIGHT="57" WIDTH="591" VPOS="137" HPOS="461"><String ID="string_r1l2" HEIGHT="57" WIDTH="591" VPOS="137" HPOS="461" CONTENT="היהודים תחת ממשלת שלטן מחמד ב׳"/></TextLine><TextLine ID="r1l3" BASELINE="307" HEIGHT="63" WIDTH="1337" VPOS="244" HPOS="75"><String ID="string_r1l3" HEIGHT="63" WIDTH="1337" VPOS="244" HPOS="75" CONTENT="מחכמת המזלות אבארנו. ובחכמת המספר יסובבנו, וחכמת המדות לא תסור ממנו,"/></TextLine><TextLine ID="r1l4" BASELINE="361" HEIGHT="63" WIDTH="1342" VPOS="298" HPOS="67"><String ID="string_r1l4" HEIGHT="63" WIDTH="1342" VPOS="298" HPOS="67" CONTENT="ובחכמת האלהות איסד סודותיו, ממנו תהינה קרנותיו, וכל אחד במקום הראוי לו יזכר"/></TextLine><TextLine ID="r1l5" BASELINE="421" HEIGHT="65" WIDTH="1345" VPOS="356" HPOS="69"><String ID="string_r1l5" HEIGHT="65" WIDTH="1345" VPOS="356" HPOS="69" CONTENT="בהלו נרו על ראש הפסוקים, ויהיה בו מוצקים, ובדרך הפשוט לא אזוז, כי הוא חזק"/></TextLine><TextLine ID="r1l6" BASELINE="475" HEIGHT="67" WIDTH="1347" VPOS="408" HPOS="64"><String ID="string_r1l6" HEIGHT="67" WIDTH="1347" VPOS="408" HPOS="64" CONTENT="גבור ועזוז, ואשים נגד עיני את דברי שונים אשר קדמוני ופרשו גם הם, ומכלם לא"/></TextLine><TextLine ID="r1l7" BASELINE="532" HEIGHT="67" WIDTH="1353" VPOS="465" HPOS="62"><String ID="string_r1l7" HEIGHT="67" WIDTH="1353" VPOS="465" HPOS="62" CONTENT="אביט יותר רק במאמרי החכם הר' אברהם בן עזרא כי הוא הפותר וראש למפרשים"/></TextLine><TextLine ID="r1l8" BASELINE="587" HEIGHT="53" WIDTH="487" VPOS="534" HPOS="929"><String ID="string_r1l8" HEIGHT="53" WIDTH="487" VPOS="534" HPOS="929" CONTENT="אשר הלכו דרך הפשט וכו׳״,"/></TextLine><TextLine ID="r1l9" BASELINE="639" HEIGHT="58" WIDTH="1254" VPOS="581" HPOS="57"><String ID="string_r1l9" HEIGHT="58" WIDTH="1254" VPOS="581" HPOS="57" CONTENT="בהתחלת כל פרשה ובסופה חבר שיר קטן בעל שני חרוזים מענין אותו הפרק,"/></TextLine><TextLine ID="r1l10" BASELINE="694" HEIGHT="53" WIDTH="594" VPOS="641" HPOS="820"><String ID="string_r1l10" HEIGHT="53" WIDTH="594" VPOS="641" HPOS="820" CONTENT="למשל בסוף פרשת בראשית כתב:"/></TextLine><TextLine ID="r1l11" BASELINE="744" HEIGHT="49" WIDTH="1100" VPOS="695" HPOS="209"><String ID="string_r1l11" HEIGHT="49" WIDTH="1100" VPOS="695" HPOS="209" CONTENT="„אהלל בראשית, ליוצר בראשית. בתמי בראשית, אשר הוא בראשית״"/></TextLine><TextLine ID="r1l12" BASELINE="803" HEIGHT="55" WIDTH="481" VPOS="748" HPOS="924"><String ID="string_r1l12" HEIGHT="55" WIDTH="481" VPOS="748" HPOS="924" CONTENT="וכן בהתחלת פרשת לך לך:"/></TextLine><TextLine ID="r1l13" BASELINE="857" HEIGHT="55" WIDTH="797" VPOS="802" HPOS="295"><String ID="string_r1l13" HEIGHT="55" WIDTH="797" VPOS="802" HPOS="295" CONTENT="„אחוה את גדלך, ואגיד מהללך, בבואי תוך צלך״"/></TextLine><TextLine ID="r1l14" BASELINE="905" HEIGHT="56" WIDTH="280" VPOS="849" HPOS="1127"><String ID="string_r1l14" HEIGHT="56" WIDTH="280" VPOS="849" HPOS="1127" CONTENT="ובסוף הפרשה:"/></TextLine><TextLine ID="r1l15" BASELINE="960" HEIGHT="54" WIDTH="525" VPOS="906" HPOS="778"><String ID="string_r1l15" HEIGHT="54" WIDTH="525" VPOS="906" HPOS="778" CONTENT="„יום גברה ידי ונשלם לך לך,"/></TextLine><TextLine ID="r1l16" BASELINE="962" HEIGHT="54" WIDTH="445" VPOS="908" HPOS="164"><String ID="string_r1l16" HEIGHT="54" WIDTH="445" VPOS="908" HPOS="164" CONTENT="אודך בתום לבב ואגדילך,"/></TextLine><TextLine ID="r1l17" BASELINE="1015" HEIGHT="53" WIDTH="380" VPOS="962" HPOS="162"><String ID="string_r1l17" HEIGHT="53" WIDTH="380" VPOS="962" HPOS="162" CONTENT="אלי, ופי יגיד תהלתך״"/></TextLine><TextLine ID="r1l18" BASELINE="1016" HEIGHT="47" WIDTH="520" VPOS="969" HPOS="776"><String ID="string_r1l18" HEIGHT="47" WIDTH="520" VPOS="969" HPOS="776" CONTENT="תפתח שפתי כי אני הוא עבדך,"/></TextLine><TextLine ID="r1l19" BASELINE="1071" HEIGHT="56" WIDTH="1337" VPOS="1015" HPOS="69"><String ID="string_r1l19" HEIGHT="56" WIDTH="1337" VPOS="1015" HPOS="69" CONTENT="בסוף הפירוש כתב הדברים האלה: „נשלם סדר וזאת הברכה... ביום שלשה עשר"/></TextLine><TextLine ID="r1l20" BASELINE="1122" HEIGHT="51" WIDTH="1347" VPOS="1071" HPOS="57"><String ID="string_r1l20" HEIGHT="51" WIDTH="1347" VPOS="1071" HPOS="57" CONTENT="לירח אב שנת חמשת אלפים ומאתים ועשרים ליצירה, וסימנו הכ&#34;ר נא למי החותמת״."/></TextLine><TextLine ID="r1l21" BASELINE="1186" HEIGHT="57" WIDTH="1255" VPOS="1129" HPOS="55"><String ID="string_r1l21" HEIGHT="57" WIDTH="1255" VPOS="1129" HPOS="55" CONTENT="בפירוש הזה הראה החכם המחבר לדעת כי היה מדקדק עצום, חוקר עמוק,"/></TextLine><TextLine ID="r1l22" BASELINE="1239" HEIGHT="56" WIDTH="1352" VPOS="1183" HPOS="51"><String ID="string_r1l22" HEIGHT="56" WIDTH="1352" VPOS="1183" HPOS="51" CONTENT="יודע חשבונות ומדידות, תוכן נשגב, מכיר משפטי השמים, פשטן ובעל שכל, אוהב"/></TextLine><TextLine ID="r1l23" BASELINE="1294" HEIGHT="62" WIDTH="1346" VPOS="1232" HPOS="54"><String ID="string_r1l23" HEIGHT="62" WIDTH="1346" VPOS="1232" HPOS="54" CONTENT="האמת ומתנגד להשערות שאין להן שחר. בלי משוא פנים יבקר את המפרשים הקדמונים"/></TextLine><TextLine ID="r1l24" BASELINE="1348" HEIGHT="62" WIDTH="1351" VPOS="1286" HPOS="52"><String ID="string_r1l24" HEIGHT="62" WIDTH="1351" VPOS="1286" HPOS="52" CONTENT="והאחרונים בכל עת מצא, אם באוריהם לא יתאימו עם דעותיו, ואם אינם מתקבלים על"/></TextLine><TextLine ID="r1l25" BASELINE="1402" HEIGHT="66" WIDTH="1344" VPOS="1336" HPOS="60"><String ID="string_r1l25" HEIGHT="66" WIDTH="1344" VPOS="1336" HPOS="60" CONTENT="הלב. פעמים רבות ישא על שפתיו את שמות המחברים האלה: ר׳ אברהם בן עזרא,"/></TextLine><TextLine ID="r1l26" BASELINE="1457" HEIGHT="62" WIDTH="1358" VPOS="1395" HPOS="48"><String ID="string_r1l26" HEIGHT="62" WIDTH="1358" VPOS="1395" HPOS="48" CONTENT="ר׳ אברהם האקריטי, ר' דוד קמחי, רב האי גאון, ר' יהודה המדקדק, ר' יונה (בן ננאח),"/></TextLine><TextLine ID="r1l27" BASELINE="1505" HEIGHT="61" WIDTH="1346" VPOS="1444" HPOS="57"><String ID="string_r1l27" HEIGHT="61" WIDTH="1346" VPOS="1444" HPOS="57" CONTENT="ר' יוסף קמחי (אבי רד״ק), ר' שלמה הצרפתי (רש&#34;י), ר' משה המימוני הספרדי, ר' משה"/></TextLine><TextLine ID="line_1554119298195_88" BASELINE="1558" HEIGHT="54" WIDTH="1316" VPOS="1504" HPOS="73"><String ID="string_line_1554119298195_88" HEIGHT="54" WIDTH="1316" VPOS="1504" HPOS="73" CONTENT="בר׳ נחמן, ר׳ משה הכהן, ר' משה היוני (קפיצטו), ומהקראים, ר' אהרן הראשון ור'"/></TextLine><TextLine ID="r1l30" BASELINE="1614" HEIGHT="49" WIDTH="248" VPOS="1565" HPOS="1155"><String ID="string_r1l30" HEIGHT="49" WIDTH="248" VPOS="1565" HPOS="1155" CONTENT="אהרן האחרון."/></TextLine><TextLine ID="r1l31" BASELINE="1674" HEIGHT="60" WIDTH="1244" VPOS="1614" HPOS="48"><String ID="string_r1l31" HEIGHT="60" WIDTH="1244" VPOS="1614" HPOS="48" CONTENT="ב) פירוש על יסוד המורא, להר׳ אברהם בן עזרא, אשר"/></TextLine><TextLine ID="r1l32" BASELINE="1728" HEIGHT="57" WIDTH="1345" VPOS="1671" HPOS="54"><String ID="string_r1l32" HEIGHT="57" WIDTH="1345" VPOS="1671" HPOS="54" CONTENT="חבר בהיותו בעיר אדרינופלא, נודד, לפי הנראה, מחמת המגפה אשר שרדה בעיר"/></TextLine><TextLine ID="r1l33" BASELINE="1791" HEIGHT="62" WIDTH="958" VPOS="1729" HPOS="442"><String ID="string_r1l33" HEIGHT="62" WIDTH="958" VPOS="1729" HPOS="442" CONTENT="הבירה, כאשר יבא להלן, ובתחלת הספר כתב חרוז קטן:"/></TextLine><TextLine ID="r1l34" BASELINE="1842" HEIGHT="45" WIDTH="514" VPOS="1797" HPOS="784"><String ID="string_r1l34" HEIGHT="45" WIDTH="514" VPOS="1797" HPOS="784" CONTENT="„אם חזק ממני חכמת בן עזרא"/></TextLine><TextLine ID="r1l35" BASELINE="1840" HEIGHT="50" WIDTH="624" VPOS="1790" HPOS="97"><String ID="string_r1l35" HEIGHT="50" WIDTH="624" VPOS="1790" HPOS="97" CONTENT="אם אבטחה אל אל אמצא בפי עזרה"/></TextLine><TextLine ID="r1l36" BASELINE="1898" HEIGHT="55" WIDTH="487" VPOS="1843" HPOS="806"><String ID="string_r1l36" HEIGHT="55" WIDTH="487" VPOS="1843" HPOS="806" CONTENT="יותן ולא יעצר ההוד וההדרה"/></TextLine><TextLine ID="r1l37" BASELINE="1893" HEIGHT="46" WIDTH="656" VPOS="1847" HPOS="93"><String ID="string_r1l37" HEIGHT="46" WIDTH="656" VPOS="1847" HPOS="93" CONTENT="גם הוא ברוב חסדו הוא לי ולא אירא״."/></TextLine><TextLine ID="r1l38" BASELINE="1955" HEIGHT="53" WIDTH="1255" VPOS="1902" HPOS="38"><String ID="string_r1l38" HEIGHT="53" WIDTH="1255" VPOS="1902" HPOS="38" CONTENT="ואחרי כן כתב בהקדמה הסבה אשר המריצתו לכתוב הספר הזה ותוכנו, ואלה"/></TextLine><TextLine ID="r1l39" BASELINE="2012" HEIGHT="54" WIDTH="1351" VPOS="1958" HPOS="46"><String ID="string_r1l39" HEIGHT="54" WIDTH="1351" VPOS="1958" HPOS="46" CONTENT="דבריו:„... בהיותי בשביה בארץ נכריה, בעיר אדריאנופולי אשר נטיתי לי"/></TextLine><TextLine ID="r1l40" BASELINE="2071" HEIGHT="57" WIDTH="1347" VPOS="2014" HPOS="43"><String ID="string_r1l40" HEIGHT="57" WIDTH="1347" VPOS="2014" HPOS="43" CONTENT="שם אהלי, ראיתי אנשים חכמים ונבונים, אבות על בנים, רודפי צדק מבקשי התורה,"/></TextLine><TextLine ID="r1l41" BASELINE="2124" HEIGHT="52" WIDTH="1347" VPOS="2072" HPOS="47"><String ID="string_r1l41" HEIGHT="52" WIDTH="1347" VPOS="2072" HPOS="47" CONTENT="משיבי מלחמה השערה, ודורשים הראיות והפירושים, ויהי כי ארכו לי שם הימים,"/></TextLine><TextLine ID="r1l42" BASELINE="2182" HEIGHT="55" WIDTH="1339" VPOS="2127" HPOS="47"><String ID="string_r1l42" HEIGHT="55" WIDTH="1339" VPOS="2127" HPOS="47" CONTENT="ויקראו לפני מספרי החכמים, וישאו עיניהם והנה לפניהם ספר אחד מצאו מחבורי"/></TextLine><TextLine ID="r1l43" BASELINE="2240" HEIGHT="47" WIDTH="1359" VPOS="2193" HPOS="40"><String ID="string_r1l43" HEIGHT="47" WIDTH="1359" VPOS="2193" HPOS="40" CONTENT="החכם אבן עזרא ושמו יומ״ם, ובראותם אותם מדברים ברמזים בדברי הנביאים והחוזים,"/></TextLine><TextLine ID="r1l44" BASELINE="2297" HEIGHT="54" WIDTH="1353" VPOS="2243" HPOS="48"><String ID="string_r1l44" HEIGHT="54" WIDTH="1353" VPOS="2243" HPOS="48" CONTENT="וגם בעניני חכמות נושא אלומות בקשו ממני לבאר זה הספר ובפרט התלמיד החשוב"/></TextLine><TextLine ID="r1l45" BASELINE="2355" HEIGHT="55" WIDTH="1025" VPOS="2300" HPOS="376"><String ID="string_r1l45" HEIGHT="55" WIDTH="1025" VPOS="2300" HPOS="376" CONTENT="ר' יוסף הקראי (רבצי) ולרוב אהבתו נדרשנו ולבקשתו נחזה&#34; 15)."/></TextLine><TextLine ID="r1l46" BASELINE="2442" HEIGHT="56" WIDTH="1267" VPOS="2386" HPOS="33"><String ID="string_r1l46" HEIGHT="56" WIDTH="1267" VPOS="2386" HPOS="33" CONTENT="15) כ&#34;י בהבבליותיקא בפטרסבורג בעל עשרים דפים בתמונה מרובעת, וכן נמצא"/></TextLine><TextLine ID="r1l47" BASELINE="2488" HEIGHT="57" WIDTH="443" VPOS="2431" HPOS="949"><String ID="string_r1l47" HEIGHT="57" WIDTH="443" VPOS="2431" HPOS="949" CONTENT="בהביבליותיקא בליידן ופאריז."/></TextLine></TextBlock></PrintSpace></Page></Layout></alto>