<?xml version="1.0" encoding="UTF-8"?><alto xmlns:xsi="http://www.w3.org/2001/XMLSchema-instance" xmlns="http://www.loc.gov/standards/alto/ns-v2#" xmlns:page="http://schema.primaresearch.org/PAGE/gts/pagecontent/2013-07-15" xsi:schemaLocation="http://schema.primaresearch.org/PAGE/gts/pagecontent/2013-07-15 http://schema.primaresearch.org/PAGE/gts/pagecontent/2013-07-15/pagecontent.xsd http://www.loc.gov/standards/alto/ns-v2# http://www.loc.gov/standards/alto/alto-v2.0.xsd"><Description><MeasurementUnit>pixel</MeasurementUnit></Description><Layout><Page ID="Page1" PHYSICAL_IMG_NR="1" HEIGHT="2608" WIDTH="1680"><TopMargin HEIGHT="0" WIDTH="1680" VPOS="0" HPOS="0"/><LeftMargin HEIGHT="2608" WIDTH="0" VPOS="0" HPOS="0"/><RightMargin HEIGHT="2608" WIDTH="0" VPOS="0" HPOS="1680"/><BottomMargin HEIGHT="0" WIDTH="1680" VPOS="2608" HPOS="0"/><PrintSpace HEIGHT="2608" WIDTH="1680" VPOS="0" HPOS="0"><TextBlock ID="r1" HEIGHT="2325" WIDTH="1352" VPOS="118" HPOS="111"><Shape><Polygon POINTS="111,118 111,2443 1463,2443 1463,118"/></Shape><TextLine ID="r1l1" BASELINE="156" HEIGHT="44" WIDTH="81" VPOS="112" HPOS="115"><String ID="string_r1l1" HEIGHT="44" WIDTH="81" VPOS="112" HPOS="115" CONTENT="39"/></TextLine><TextLine ID="r1l2" BASELINE="165" HEIGHT="57" WIDTH="599" VPOS="108" HPOS="510"><String ID="string_r1l2" HEIGHT="57" WIDTH="599" VPOS="108" HPOS="510" CONTENT="היהודים תחת ממשלת שלטן מחמד ב׳"/></TextLine><TextLine ID="r1l3" BASELINE="283" HEIGHT="68" WIDTH="1353" VPOS="215" HPOS="116"><String ID="string_r1l3" HEIGHT="68" WIDTH="1353" VPOS="215" HPOS="116" CONTENT="על עיר ליפאנטו וקרויה וכל עמלם ללא הועיל, כי לא יכלו ללכדן. בתחלת שנת "/></TextLine><TextLine ID="r1l4" BASELINE="337" HEIGHT="68" WIDTH="1348" VPOS="269" HPOS="118"><String ID="string_r1l4" HEIGHT="68" WIDTH="1348" VPOS="269" HPOS="118" CONTENT="רל&#34;ח (1477) שלח השלטן ציר יהודי לשררה בויניציא לכרות ברית שלום, אם"/></TextLine><TextLine ID="r1l5" BASELINE="386" HEIGHT="58" WIDTH="1346" VPOS="328" HPOS="124"><String ID="string_r1l5" HEIGHT="58" WIDTH="1346" VPOS="328" HPOS="124" CONTENT="תאות למסור את עיר ליפאנטו. ואחרי אשר בקש ממושל עיר קרויה הויניציאני"/></TextLine><TextLine ID="r1l6" BASELINE="448" HEIGHT="70" WIDTH="1347" VPOS="378" HPOS="119"><String ID="string_r1l6" HEIGHT="70" WIDTH="1347" VPOS="378" HPOS="119" CONTENT="תעודת-רשיון ללכת לויניציא בתור ציר תוגרמה, נסע באניה איטליאנית אל העיר"/></TextLine><TextLine ID="r1l7" BASELINE="502" HEIGHT="59" WIDTH="1339" VPOS="443" HPOS="122"><String ID="string_r1l7" HEIGHT="59" WIDTH="1339" VPOS="443" HPOS="122" CONTENT="הזאת. אך טרם הגיעו למחוז חפצו, מת בדרך במקום הנקרא קאפודי סטריא 41), כי"/></TextLine><TextLine ID="r1l8" BASELINE="555" HEIGHT="64" WIDTH="1354" VPOS="491" HPOS="107"><String ID="string_r1l8" HEIGHT="64" WIDTH="1354" VPOS="491" HPOS="107" CONTENT="בדרך תפשוהו השוללים וחתכו את אצבעו ליטול לו טבעת יקרה שהיה לובש, ובא"/></TextLine><TextLine ID="r1l9" BASELINE="609" HEIGHT="62" WIDTH="1354" VPOS="547" HPOS="107"><String ID="string_r1l9" HEIGHT="62" WIDTH="1354" VPOS="547" HPOS="107" CONTENT="עד קצו, וימת טרם ילך לויניצא. וירע הדבר מאד בעיני המלך ו„ספר לו: הוי אחי! ולא"/></TextLine><TextLine ID="r1l10" BASELINE="664" HEIGHT="62" WIDTH="1349" VPOS="602" HPOS="115"><String ID="string_r1l10" HEIGHT="62" WIDTH="1349" VPOS="602" HPOS="115" CONTENT="אחר ה' לקחת נקמתו מידי השוללים הנ&#34;ל, ויתפשו הויניציאנים את השוללים הנ&#34;ל"/></TextLine><TextLine ID="r1l11" BASELINE="714" HEIGHT="50" WIDTH="1064" VPOS="664" HPOS="404"><String ID="string_r1l11" HEIGHT="50" WIDTH="1064" VPOS="664" HPOS="404" CONTENT="ויעבירום הכל לפי חרב, כי רעה מיתת היהודי הנ&#34;ל בעיניהם״ 42)."/></TextLine><TextLine ID="r1l12" BASELINE="775" HEIGHT="61" WIDTH="1242" VPOS="714" HPOS="112"><String ID="string_r1l12" HEIGHT="61" WIDTH="1242" VPOS="714" HPOS="112" CONTENT="„בימים ההם קרא המלך לבשמים למכור להם את הורדים שלו, כי חק המלך"/></TextLine><TextLine ID="r1l13" BASELINE="825" HEIGHT="54" WIDTH="1341" VPOS="771" HPOS="119"><String ID="string_r1l13" HEIGHT="54" WIDTH="1341" VPOS="771" HPOS="119" CONTENT="כן הוא, שימכרו הורדים הנעשים בגן המלך, ומדי שנה בשנה יתאספו ויבואו בעלי"/></TextLine><TextLine ID="r1l14" BASELINE="877" HEIGHT="53" WIDTH="1344" VPOS="824" HPOS="118"><String ID="string_r1l14" HEIGHT="53" WIDTH="1344" VPOS="824" HPOS="118" CONTENT="החנויות להתפשר עם עבדי המלך לקחתם, וכן יעשו שנה בשנה. בה בשנה באו הבשמים"/></TextLine><TextLine ID="r1l15" BASELINE="932" HEIGHT="55" WIDTH="1348" VPOS="877" HPOS="114"><String ID="string_r1l15" HEIGHT="55" WIDTH="1348" VPOS="877" HPOS="114" CONTENT="כמנהגם, ויעמדו בחצר המלך החיצונה, ויצא עבד המלך אליהם ויאמר אליהם: שווין"/></TextLine><TextLine ID="r1l16" BASELINE="988" HEIGHT="58" WIDTH="1344" VPOS="930" HPOS="123"><String ID="string_r1l16" HEIGHT="58" WIDTH="1344" VPOS="930" HPOS="123" CONTENT="הוא כן, ואמר להם סך פלוני. רע רע יאמר הקונה, ויחלו לבזות הורדים בעיני עבד"/></TextLine><TextLine ID="r1l17" BASELINE="1045" HEIGHT="60" WIDTH="1349" VPOS="985" HPOS="114"><String ID="string_r1l17" HEIGHT="60" WIDTH="1349" VPOS="985" HPOS="114" CONTENT="המלך, באמרם כי אינם שוים השליש, ושלשו ירדו מאד משווים וערכם. אדין מלכא כדו"/></TextLine><TextLine ID="r1l18" BASELINE="1092" HEIGHT="50" WIDTH="1343" VPOS="1042" HPOS="121"><String ID="string_r1l18" HEIGHT="50" WIDTH="1343" VPOS="1042" HPOS="121" CONTENT="מלתא שמע שניא באש עלוהי ויאמר: משפט מות לאנשים הללו, כי זלזלו"/></TextLine><TextLine ID="r1l19" BASELINE="1154" HEIGHT="57" WIDTH="1337" VPOS="1097" HPOS="124"><String ID="string_r1l19" HEIGHT="57" WIDTH="1337" VPOS="1097" HPOS="124" CONTENT="במלכותי ולסחורתי, ואילו אמרו דבר ממוצע החרשתי, אבל להפחיתם כל כך משויונם"/></TextLine><TextLine ID="r1l20" BASELINE="1210" HEIGHT="58" WIDTH="1353" VPOS="1152" HPOS="113"><String ID="string_r1l20" HEIGHT="58" WIDTH="1353" VPOS="1152" HPOS="113" CONTENT="אין זה כי אם מעשה תעתועים, המפני לא יראו? באדין מלכא אמר: הנך גוברין מזלזלין"/></TextLine><TextLine ID="r1l21" BASELINE="1267" HEIGHT="60" WIDTH="1351" VPOS="1207" HPOS="121"><String ID="string_r1l21" HEIGHT="60" WIDTH="1351" VPOS="1207" HPOS="121" CONTENT="במלכותי איגון הדמין יתעבדון, ובתיהון נולי ישתמון, ויאמר המלך: תלום, מות ימותון"/></TextLine><TextLine ID="r1l22" BASELINE="1320" HEIGHT="58" WIDTH="1342" VPOS="1262" HPOS="118"><String ID="string_r1l22" HEIGHT="58" WIDTH="1342" VPOS="1262" HPOS="118" CONTENT="דמיהם בם, ויגרשם מאת פני המלך. באדין גובריא אלין כפיתו בסרבליהון פטישיהון"/></TextLine><TextLine ID="r1l23" BASELINE="1373" HEIGHT="61" WIDTH="1346" VPOS="1312" HPOS="114"><String ID="string_r1l23" HEIGHT="61" WIDTH="1346" VPOS="1312" HPOS="114" CONTENT="וכרבלתיהון ולבושיהון ולקבל צליבא הוו אזלין, ובית התליה היה רחוק מבית המלך"/></TextLine><TextLine ID="r1l24" BASELINE="1422" HEIGHT="58" WIDTH="1353" VPOS="1364" HPOS="112"><String ID="string_r1l24" HEIGHT="58" WIDTH="1353" VPOS="1364" HPOS="112" CONTENT="אלפים אמה במדה, והמאסף הולך אחריהם לאסוף נפשם בבית עולמם, כי רגליהם לרע"/></TextLine><TextLine ID="r1l25" BASELINE="1482" HEIGHT="65" WIDTH="1351" VPOS="1417" HPOS="111"><String ID="string_r1l25" HEIGHT="65" WIDTH="1351" VPOS="1417" HPOS="111" CONTENT="ירוצו וימהרו לשפוך דמם מעליהם, חמת המלך מצא כי מות לפניהם, ועיניהם תמקנה"/></TextLine><TextLine ID="r1l26" BASELINE="1530" HEIGHT="56" WIDTH="1349" VPOS="1474" HPOS="113"><String ID="string_r1l26" HEIGHT="56" WIDTH="1349" VPOS="1474" HPOS="113" CONTENT="בחוריהם ולשונם תמק בפיהם, ויביאום לפני העץ ויעמידום אחד לאחד. ויהיו כשלשים"/></TextLine><TextLine ID="r1l27" BASELINE="1583" HEIGHT="52" WIDTH="1344" VPOS="1531" HPOS="120"><String ID="string_r1l27" HEIGHT="52" WIDTH="1344" VPOS="1531" HPOS="120" CONTENT="איש, כלם תוגרמים, ובכללם היה גם כן יהודי אחד, ויחל המשחית להשחיתם להשים"/></TextLine><TextLine ID="r1l28" BASELINE="1644" HEIGHT="59" WIDTH="1351" VPOS="1585" HPOS="116"><String ID="string_r1l28" HEIGHT="59" WIDTH="1351" VPOS="1585" HPOS="116" CONTENT="החבל בגרונם בגרן האטר לכלותם. והקיפו את כלם אטדים וקוץ ודרדר יצמיח בצוארותם,"/></TextLine><TextLine ID="r1l29" BASELINE="1705" HEIGHT="62" WIDTH="1344" VPOS="1643" HPOS="118"><String ID="string_r1l29" HEIGHT="62" WIDTH="1344" VPOS="1643" HPOS="118" CONTENT="מי האמין לשמועתם, ויאמרו איש אל אחיו כלנו מתים בל יחיו, רפאים כל נקום, וקם"/></TextLine><TextLine ID="r1l30" BASELINE="1759" HEIGHT="59" WIDTH="751" VPOS="1700" HPOS="717"><String ID="string_r1l30" HEIGHT="59" WIDTH="751" VPOS="1700" HPOS="717" CONTENT="שאון בגרוננו... ותלו אותנו על עץ לכלותנו״."/></TextLine><TextLine ID="r1l31" BASELINE="1814" HEIGHT="54" WIDTH="1244" VPOS="1760" HPOS="112"><String ID="string_r1l31" HEIGHT="54" WIDTH="1244" VPOS="1760" HPOS="112" CONTENT="„בעת ההיא השלטן היה אוהב יהודי אחד מאד, ובכל יום היה בא בחצר"/></TextLine><TextLine ID="r1l32" BASELINE="1866" HEIGHT="50" WIDTH="1341" VPOS="1816" HPOS="119"><String ID="string_r1l32" HEIGHT="50" WIDTH="1341" VPOS="1816" HPOS="119" CONTENT="המלכות לדרוש את שלום אדוניו. ויהי בעצם היום ההוא, כאשר יצא מביתו ללכת לחצר"/></TextLine><TextLine ID="r1l33" BASELINE="1930" HEIGHT="57" WIDTH="1350" VPOS="1873" HPOS="107"><String ID="string_r1l33" HEIGHT="57" WIDTH="1350" VPOS="1873" HPOS="107" CONTENT="המלכות, וירא המון אנשים מתאספים סביב בית התליה. ויהי כאשר קרב אל מקום"/></TextLine><TextLine ID="r1l34" BASELINE="1984" HEIGHT="57" WIDTH="1347" VPOS="1927" HPOS="115"><String ID="string_r1l34" HEIGHT="57" WIDTH="1347" VPOS="1927" HPOS="115" CONTENT="האספסוף הכיר בין העומדים להתלות את היהודי הבשם אשר הגיד אליו כל אשר"/></TextLine><TextLine ID="r1l35" BASELINE="2042" HEIGHT="60" WIDTH="1354" VPOS="1982" HPOS="109"><String ID="string_r1l35" HEIGHT="60" WIDTH="1354" VPOS="1982" HPOS="109" CONTENT="קרהו. בשמוע הדברים האלה מהר לבוא לפני המלך וישתחו לאפיו ארצה, ויאמר לו"/></TextLine><TextLine ID="r1l36" BASELINE="2100" HEIGHT="57" WIDTH="1350" VPOS="2043" HPOS="114"><String ID="string_r1l36" HEIGHT="57" WIDTH="1350" VPOS="2043" HPOS="114" CONTENT="המלך: יש חדש תחת השמש? חודה חידתך ונשמעה. ויאמר: יש, ראיתי כל ההמון"/></TextLine><TextLine ID="r1l37" BASELINE="2158" HEIGHT="58" WIDTH="1356" VPOS="2100" HPOS="103"><String ID="string_r1l37" HEIGHT="58" WIDTH="1356" VPOS="2100" HPOS="103" CONTENT="הולך ונמוג וילך והלום לראות את האנשים הבשמים אשר צוית לתלות על עץ, ויודע"/></TextLine><TextLine ID="r1l38" BASELINE="2212" HEIGHT="55" WIDTH="1359" VPOS="2157" HPOS="105"><String ID="string_r1l38" HEIGHT="55" WIDTH="1359" VPOS="2157" HPOS="105" CONTENT="הדבר להם מדוע ככה צוית ופני כלם קבצו פארור, נעוו משמוע נבהלו מראות, פלצות"/></TextLine><TextLine ID="r1l39" BASELINE="2274" HEIGHT="61" WIDTH="1361" VPOS="2213" HPOS="104"><String ID="string_r1l39" HEIGHT="61" WIDTH="1361" VPOS="2213" HPOS="104" CONTENT="בעתתם, את נפש חשקם שמת לחרדה, כלם יענו ויאמרו אליך: חלילה לך, השופט כל"/></TextLine><TextLine ID="r1l40" BASELINE="2398" HEIGHT="54" WIDTH="1022" VPOS="2344" HPOS="330"><String ID="string_r1l40" HEIGHT="54" WIDTH="1022" VPOS="2344" HPOS="330" CONTENT="a. Navagero (40 בספרו Storia Veneziana חלק א דף 1149."/></TextLine><TextLine ID="r1l41" BASELINE="2446" HEIGHT="59" WIDTH="721" VPOS="2387" HPOS="634"><String ID="string_r1l41" HEIGHT="59" WIDTH="721" VPOS="2387" HPOS="634" CONTENT="41) רבי אליהו הנ&#34;ל פרק י&#34;ח ובנדפס דף מ&#34;ב,"/></TextLine></TextBlock></PrintSpace></Page></Layout></alto>