<?xml version="1.0" encoding="UTF-8"?><alto xmlns:xsi="http://www.w3.org/2001/XMLSchema-instance" xmlns="http://www.loc.gov/standards/alto/ns-v2#" xmlns:page="http://schema.primaresearch.org/PAGE/gts/pagecontent/2013-07-15" xsi:schemaLocation="http://schema.primaresearch.org/PAGE/gts/pagecontent/2013-07-15 http://schema.primaresearch.org/PAGE/gts/pagecontent/2013-07-15/pagecontent.xsd http://www.loc.gov/standards/alto/ns-v2# http://www.loc.gov/standards/alto/alto-v2.0.xsd"><Description><MeasurementUnit>pixel</MeasurementUnit></Description><Layout><Page ID="Page1" PHYSICAL_IMG_NR="1" HEIGHT="2600" WIDTH="1668"><TopMargin HEIGHT="0" WIDTH="1668" VPOS="0" HPOS="0"/><LeftMargin HEIGHT="2600" WIDTH="0" VPOS="0" HPOS="0"/><RightMargin HEIGHT="2600" WIDTH="0" VPOS="0" HPOS="1668"/><BottomMargin HEIGHT="0" WIDTH="1668" VPOS="2600" HPOS="0"/><PrintSpace HEIGHT="2600" WIDTH="1668" VPOS="0" HPOS="0"><TextBlock ID="r1" HEIGHT="1009" WIDTH="1357" VPOS="824" HPOS="175"><Shape><Polygon POINTS="175,824 175,1833 1532,1833 1532,824"/></Shape><TextLine ID="r1l2" BASELINE="962" HEIGHT="52" WIDTH="1243" VPOS="910" HPOS="171"><String ID="string_r1l2" HEIGHT="52" WIDTH="1243" VPOS="910" HPOS="171" CONTENT="הספר הזה בצאתו לאור במהדורתו הראשונה עשה רושם גדול בעולם"/></TextLine><TextLine ID="r1l3" BASELINE="1034" HEIGHT="55" WIDTH="1341" VPOS="979" HPOS="181"><String ID="string_r1l3" HEIGHT="55" WIDTH="1341" VPOS="979" HPOS="181" CONTENT="המדע, בהיותו כמעט הספר היחידי בתחום שתחם לו הרב המחבר בשקידה רבה"/></TextLine><TextLine ID="r1l4" BASELINE="1102" HEIGHT="51" WIDTH="1345" VPOS="1051" HPOS="181"><String ID="string_r1l4" HEIGHT="51" WIDTH="1345" VPOS="1051" HPOS="181" CONTENT="אסף הרב המחבר חומר עצום ממקורות ראשונים, מספרים עתיקים יקרי מציאות"/></TextLine><TextLine ID="r1l5" BASELINE="1166" HEIGHT="58" WIDTH="1346" VPOS="1108" HPOS="177"><String ID="string_r1l5" HEIGHT="58" WIDTH="1346" VPOS="1108" HPOS="177" CONTENT="ומכתבי יד גגוזים, והכין את האבנים והלבנים הראשונות לבנין ההסטוריה של"/></TextLine><TextLine ID="r1l6" BASELINE="1230" HEIGHT="57" WIDTH="1345" VPOS="1173" HPOS="180"><String ID="string_r1l6" HEIGHT="57" WIDTH="1345" VPOS="1173" HPOS="180" CONTENT="היהודים בארצות המזרח הקרוב, וביחוד באלה שנכללו לפני מלחמת העולם בשם"/></TextLine><TextLine ID="r1l7" BASELINE="1295" HEIGHT="57" WIDTH="1346" VPOS="1238" HPOS="175"><String ID="string_r1l7" HEIGHT="57" WIDTH="1346" VPOS="1238" HPOS="175" CONTENT="ארצות תוגרמה אין להתפלא אם הספר הזה אפס כלו מהר מן השוק ועתה כמעט"/></TextLine><TextLine ID="r1l8" BASELINE="1356" HEIGHT="52" WIDTH="250" VPOS="1304" HPOS="1269"><String ID="string_r1l8" HEIGHT="52" WIDTH="250" VPOS="1304" HPOS="1269" CONTENT="שאין להשיגו."/></TextLine><TextLine ID="r1l9" BASELINE="1422" HEIGHT="57" WIDTH="1243" VPOS="1365" HPOS="177"><String ID="string_r1l9" HEIGHT="57" WIDTH="1243" VPOS="1365" HPOS="177" CONTENT="במהדורה השניה הזאת השיב הרב המחבר את ידו על ספרו ונתן לו כמעט"/></TextLine><TextLine ID="r1l10" BASELINE="1489" HEIGHT="60" WIDTH="1347" VPOS="1429" HPOS="171"><String ID="string_r1l10" HEIGHT="60" WIDTH="1347" VPOS="1429" HPOS="171" CONTENT="פנים חדשות על ידי התקונים והשנויים הרבים וביחוד על ידי המון"/></TextLine><TextLine ID="r1l11" BASELINE="1551" HEIGHT="56" WIDTH="1344" VPOS="1495" HPOS="177"><String ID="string_r1l11" HEIGHT="56" WIDTH="1344" VPOS="1495" HPOS="177" CONTENT="הנוספות והמלואים שהוכנסו בו בחלק הראשון הזה בלבד רבו הנוספות כדי"/></TextLine><TextLine ID="r1l12" BASELINE="1616" HEIGHT="57" WIDTH="1346" VPOS="1559" HPOS="174"><String ID="string_r1l12" HEIGHT="57" WIDTH="1346" VPOS="1559" HPOS="174" CONTENT="שליש  שלם של הספר כלו ע&#34;י הנוספות האלה נתבררו הרבה נקודות חדשות"/></TextLine><TextLine ID="line_1552320508698_81" BASELINE="1676" HEIGHT="50" WIDTH="1319" VPOS="1626" HPOS="188"><String ID="string_line_1552320508698_81" HEIGHT="50" WIDTH="1319" VPOS="1626" HPOS="188" CONTENT="וחשובות בתולדות היהודים במזרח ואין ספק כי גם מהדורא זו תתקבל ברצון"/></TextLine><TextLine ID="r1l15" BASELINE="1750" HEIGHT="58" WIDTH="1191" VPOS="1692" HPOS="349"><String ID="string_r1l15" HEIGHT="58" WIDTH="1191" VPOS="1692" HPOS="349" CONTENT="ובחבה ע&#34;י שוחרי המדע בקהל העברי ותהיה בעיניהם כחדשה ממש."/></TextLine><TextLine ID="r1l16" BASELINE="1828" HEIGHT="50" WIDTH="316" VPOS="1778" HPOS="364"><String ID="string_r1l16" HEIGHT="50" WIDTH="316" VPOS="1778" HPOS="364" CONTENT="מערכת „דביר״"/></TextLine></TextBlock></PrintSpace></Page></Layout></alto>