<?xml version="1.0" encoding="UTF-8"?><alto xmlns:xsi="http://www.w3.org/2001/XMLSchema-instance" xmlns="http://www.loc.gov/standards/alto/ns-v2#" xmlns:page="http://schema.primaresearch.org/PAGE/gts/pagecontent/2013-07-15" xsi:schemaLocation="http://schema.primaresearch.org/PAGE/gts/pagecontent/2013-07-15 http://schema.primaresearch.org/PAGE/gts/pagecontent/2013-07-15/pagecontent.xsd http://www.loc.gov/standards/alto/ns-v2# http://www.loc.gov/standards/alto/alto-v2.0.xsd"><Description><MeasurementUnit>pixel</MeasurementUnit></Description><Layout><Page ID="Page1" PHYSICAL_IMG_NR="1" HEIGHT="2608" WIDTH="1709"><TopMargin HEIGHT="0" WIDTH="1709" VPOS="0" HPOS="0"/><LeftMargin HEIGHT="2608" WIDTH="0" VPOS="0" HPOS="0"/><RightMargin HEIGHT="2608" WIDTH="0" VPOS="0" HPOS="1709"/><BottomMargin HEIGHT="0" WIDTH="1709" VPOS="2608" HPOS="0"/><PrintSpace HEIGHT="2608" WIDTH="1709" VPOS="0" HPOS="0"><TextBlock ID="r1" HEIGHT="2314" WIDTH="1361" VPOS="170" HPOS="159"><Shape><Polygon POINTS="159,170 159,2484 1520,2484 1520,170"/></Shape><TextLine ID="line_1552914650315_144" BASELINE="219" HEIGHT="52" WIDTH="63" VPOS="167" HPOS="1459"><String ID="string_line_1552914650315_144" HEIGHT="52" WIDTH="63" VPOS="167" HPOS="1459" CONTENT="6"/></TextLine><TextLine ID="r1l1" BASELINE="211" HEIGHT="47" WIDTH="402" VPOS="164" HPOS="650"><String ID="string_r1l1" HEIGHT="47" WIDTH="402" VPOS="164" HPOS="650" CONTENT="דברי ימי ישראל בתוגרמה"/></TextLine><TextLine ID="r1l3" BASELINE="328" HEIGHT="56" WIDTH="1347" VPOS="272" HPOS="175"><String ID="string_r1l3" HEIGHT="56" WIDTH="1347" VPOS="272" HPOS="175" CONTENT="היה אצל שפת הנהר המשולש אשר יעבר דרך העיר ואשר יכיל מימי שלשת הנחלים"/></TextLine><TextLine ID="r1l4" BASELINE="384" HEIGHT="50" WIDTH="1344" VPOS="334" HPOS="177"><String ID="string_r1l4" HEIGHT="50" WIDTH="1344" VPOS="334" HPOS="177" CONTENT="„טוננ'ה&#34; „מאריצה&#34; ו„ארדה&#34; והיהודים היו נותנים סימן „טמא&#34;, כי באמת מימי קדם"/></TextLine><TextLine ID="r1l5" BASELINE="439" HEIGHT="55" WIDTH="1352" VPOS="384" HPOS="177"><String ID="string_r1l5" HEIGHT="55" WIDTH="1352" VPOS="384" HPOS="177" CONTENT="ועד היום הזה, יביא הנהר הזה נזק רב כמעט בכל שנה ושנה בימי האביב, כי"/></TextLine><TextLine ID="r1l6" BASELINE="495" HEIGHT="56" WIDTH="1360" VPOS="439" HPOS="165"><String ID="string_r1l6" HEIGHT="56" WIDTH="1360" VPOS="439" HPOS="165" CONTENT="ישטפו מימיו משני עבריו באופן נורא מאד, על כן הוא פחד ומורא התושבים היהודים,"/></TextLine><TextLine ID="r1l7" BASELINE="549" HEIGHT="54" WIDTH="596" VPOS="495" HPOS="923"><String ID="string_r1l7" HEIGHT="54" WIDTH="596" VPOS="495" HPOS="923" CONTENT="וטמ&#34;א טמ״א יקראו לו בדרך הלזה."/></TextLine><TextLine ID="r1l8" BASELINE="604" HEIGHT="53" WIDTH="1232" VPOS="551" HPOS="170"><String ID="string_r1l8" HEIGHT="53" WIDTH="1232" VPOS="551" HPOS="170" CONTENT="נראה הדבר שהיהודים שישבו כבר בקושטנדינא באו לעיר הזאת"/></TextLine><TextLine ID="r1l9" BASELINE="659" HEIGHT="55" WIDTH="1345" VPOS="604" HPOS="170"><String ID="string_r1l9" HEIGHT="55" WIDTH="1345" VPOS="604" HPOS="170" CONTENT="לשם מסחר עוד בימי הבית השני. הקיסר אדריאנוס אשר בנה מחדש העיר הזאת,"/></TextLine><TextLine ID="r1l10" BASELINE="720" HEIGHT="60" WIDTH="1342" VPOS="660" HPOS="174"><String ID="string_r1l10" HEIGHT="60" WIDTH="1342" VPOS="660" HPOS="174" CONTENT="שנודעה לפני כן בשם „אוסקדמה&#34;, הרשה ליהודים לשבת שם. אמנם מן העת"/></TextLine><TextLine ID="r1l11" BASELINE="767" HEIGHT="51" WIDTH="1349" VPOS="716" HPOS="167"><String ID="string_r1l11" HEIGHT="51" WIDTH="1349" VPOS="716" HPOS="167" CONTENT="שנפלגה רומי לשתי ממלכות, מלכות המערב עם עיר הבירה רומי ומלכות המזרח עם"/></TextLine><TextLine ID="r1l12" BASELINE="829" HEIGHT="54" WIDTH="1353" VPOS="775" HPOS="164"><String ID="string_r1l12" HEIGHT="54" WIDTH="1353" VPOS="775" HPOS="164" CONTENT="עיר הבירה ביסאנצה היא קושטנדינא, החלו הקיסרים היונים להצר לישראל, ובתוכם"/></TextLine><TextLine ID="r1l13" BASELINE="888" HEIGHT="58" WIDTH="1338" VPOS="830" HPOS="177"><String ID="string_r1l13" HEIGHT="58" WIDTH="1338" VPOS="830" HPOS="177" CONTENT="יהודי אנדרינופלא, תחת הקיסר תאודוסיוס הראשון (ד׳ ק&#34;ס) ובפרט תחת תיאודוסיוס"/></TextLine><TextLine ID="r1l14" BASELINE="944" HEIGHT="56" WIDTH="1338" VPOS="888" HPOS="177"><String ID="string_r1l14" HEIGHT="56" WIDTH="1338" VPOS="888" HPOS="177" CONTENT="השני (ד׳ קס״ח) ויוסתיניאן הראשון (ד׳ רפ״ו) אשר הכבידו אכפם על יהודי העיר"/></TextLine><TextLine ID="r1l15" BASELINE="1000" HEIGHT="61" WIDTH="1355" VPOS="939" HPOS="169"><String ID="string_r1l15" HEIGHT="61" WIDTH="1355" VPOS="939" HPOS="169" CONTENT="במדה נפרזה יותר ממה שהיה לפני כן, ויגזרו עליהם גזרות קשות בעניני הדת, שלא"/></TextLine><TextLine ID="r1l16" BASELINE="1054" HEIGHT="54" WIDTH="1348" VPOS="1000" HPOS="169"><String ID="string_r1l16" HEIGHT="54" WIDTH="1348" VPOS="1000" HPOS="169" CONTENT="יחונו את הפסח קודם הנוצרים, וכי לא יקראו את התורה בשבתות ומועדים בעברית"/></TextLine><TextLine ID="r1l17" BASELINE="1103" HEIGHT="53" WIDTH="1171" VPOS="1050" HPOS="347"><String ID="string_r1l17" HEIGHT="53" WIDTH="1171" VPOS="1050" HPOS="347" CONTENT="כי אם ביונית ועוד כאלה, עד אשר נאלצו רבים לנדוד למדינות הקרובות."/></TextLine><TextLine ID="r1l18" BASELINE="1154" HEIGHT="49" WIDTH="1244" VPOS="1105" HPOS="167"><String ID="string_r1l18" HEIGHT="49" WIDTH="1244" VPOS="1105" HPOS="167" CONTENT="בעת אשר נכבשה העיר בימי התוגרמים היתה שם עדה ולהם בית הכנסת"/></TextLine><TextLine ID="r1l19" BASELINE="1216" HEIGHT="59" WIDTH="1354" VPOS="1157" HPOS="165"><String ID="string_r1l19" HEIGHT="59" WIDTH="1354" VPOS="1157" HPOS="165" CONTENT="הנודע בשם ק&#34;ק רומאניא ואחרי כן בשם גרינוס, אשר היה למאכולת האש"/></TextLine><TextLine ID="r1l20" BASELINE="1269" HEIGHT="54" WIDTH="1340" VPOS="1215" HPOS="171"><String ID="string_r1l20" HEIGHT="54" WIDTH="1340" VPOS="1215" HPOS="171" CONTENT="בשנת תרס״ה בחדש אלול, ועד היום ההוא יחידי הקהל היו מחזיקים במנהגיהם"/></TextLine><TextLine ID="r1l21" BASELINE="1325" HEIGHT="56" WIDTH="1343" VPOS="1269" HPOS="169"><String ID="string_r1l21" HEIGHT="56" WIDTH="1343" VPOS="1269" HPOS="169" CONTENT="הקדמונים והם משתמשים במחזור רומאני, והם היו האחרונים לבלתי בטל מנהגיהם"/></TextLine><TextLine ID="r1l22" BASELINE="1372" HEIGHT="45" WIDTH="287" VPOS="1327" HPOS="1233"><String ID="string_r1l22" HEIGHT="45" WIDTH="287" VPOS="1327" HPOS="1233" CONTENT="לפני הספרדים."/></TextLine><TextLine ID="r1l23" BASELINE="1437" HEIGHT="55" WIDTH="1230" VPOS="1382" HPOS="177"><String ID="string_r1l23" HEIGHT="55" WIDTH="1230" VPOS="1382" HPOS="177" CONTENT="אחרי נצחון אנדרינופלא עלו שרי הצבאות על פיליפופולי ועל זאנרה"/></TextLine><TextLine ID="r1l24" BASELINE="1496" HEIGHT="60" WIDTH="1340" VPOS="1436" HPOS="170"><String ID="string_r1l24" HEIGHT="60" WIDTH="1340" VPOS="1436" HPOS="170" CONTENT="(זאנורה) וילכדון, ואחרי כן נצחו ערי המבצר קיוסטינדיל וסופ׳יא (סירדיקה"/></TextLine><TextLine ID="r1l25" BASELINE="1549" HEIGHT="55" WIDTH="1350" VPOS="1494" HPOS="167"><String ID="string_r1l25" HEIGHT="55" WIDTH="1350" VPOS="1494" HPOS="167" CONTENT="או סרידיץ) מידי הבולגארים, ובה היתה עדה יהודית מימי קדם, גם בית תפלה"/></TextLine><TextLine ID="r1l26" BASELINE="1607" HEIGHT="56" WIDTH="1350" VPOS="1551" HPOS="166"><String ID="string_r1l26" HEIGHT="56" WIDTH="1350" VPOS="1551" HPOS="166" CONTENT="הנקרא עד ימינו אלה בשמו הקדמון ק&#34;ק נרינו או ק&#34;ק רומאניוטים (יונים), ויתפשטו"/></TextLine><TextLine ID="r1l27" BASELINE="1663" HEIGHT="58" WIDTH="1359" VPOS="1605" HPOS="156"><String ID="string_r1l27" HEIGHT="58" WIDTH="1359" VPOS="1605" HPOS="156" CONTENT="בגבולי המלך הבולנארי יוהן  שישמאן אשר נלחם בעת ההיא עם ההונגארים,"/></TextLine><TextLine ID="r1l28" BASELINE="1717" HEIGHT="54" WIDTH="1357" VPOS="1663" HPOS="163"><String ID="string_r1l28" HEIGHT="54" WIDTH="1357" VPOS="1663" HPOS="163" CONTENT="בין שני אויבים אשר הצרו לו מסביב ומשני עברים, המלך הבולגארי דרש אהבת"/></TextLine><TextLine ID="r1l29" BASELINE="1772" HEIGHT="54" WIDTH="1355" VPOS="1718" HPOS="165"><String ID="string_r1l29" HEIGHT="54" WIDTH="1355" VPOS="1718" HPOS="165" CONTENT="התרכים ויכרות ברית עם השלטן מורד בתתו לו אחותו הנסיכה תמר  או מרה"/></TextLine><TextLine ID="r1l30" BASELINE="1826" HEIGHT="54" WIDTH="743" VPOS="1772" HPOS="775"><String ID="string_r1l30" HEIGHT="54" WIDTH="743" VPOS="1772" HPOS="775" CONTENT="לאשה ומס שנתי. זה היה בשנת קכ״ו (1366)."/></TextLine><TextLine ID="r1l31" BASELINE="1883" HEIGHT="55" WIDTH="1261" VPOS="1828" HPOS="153"><String ID="string_r1l31" HEIGHT="55" WIDTH="1261" VPOS="1828" HPOS="153" CONTENT="הנסיכה תמר היתה בת המלך יוהן אלכסנדר והמלכה היהודית תיאודורה,"/></TextLine><TextLine ID="r1l32" BASELINE="1940" HEIGHT="58" WIDTH="1343" VPOS="1882" HPOS="165"><String ID="string_r1l32" HEIGHT="58" WIDTH="1343" VPOS="1882" HPOS="165" CONTENT="לאמר, כי דמי היהודים נזלו בעורקיה. שמה תמר אשר נתן לה הוא שם זקנתה אם אמה"/></TextLine><TextLine ID="r1l33" BASELINE="1993" HEIGHT="56" WIDTH="1360" VPOS="1937" HPOS="152"><String ID="string_r1l33" HEIGHT="56" WIDTH="1360" VPOS="1937" HPOS="152" CONTENT="העברי והבולגרים קראו אותה מרה, וכמו אמה חננה הטבע ביופי והדר ובלב טוב"/></TextLine><TextLine ID="r1l34" BASELINE="2053" HEIGHT="58" WIDTH="1350" VPOS="1995" HPOS="166"><String ID="string_r1l34" HEIGHT="58" WIDTH="1350" VPOS="1995" HPOS="166" CONTENT="כלפי העם, שמה נזכר לברכה בשירים ההמונים, אשר הוא האות היותר נאמן עד כמה"/></TextLine><TextLine ID="r1l35" BASELINE="2106" HEIGHT="47" WIDTH="677" VPOS="2059" HPOS="837"><String ID="string_r1l35" HEIGHT="47" WIDTH="677" VPOS="2059" HPOS="837" CONTENT="נכבדה בעיני העם ועד כמה הוקירוה 12)."/></TextLine><TextLine ID="r1l36" BASELINE="2240" HEIGHT="50" WIDTH="1357" VPOS="2190" HPOS="151"><String ID="string_r1l36" HEIGHT="50" WIDTH="1357" VPOS="2190" HPOS="151" CONTENT="Chifout que de toute autre nation — (N. de Nicolay, Les Navigations en"/></TextLine><TextLine ID="r1l37" BASELINE="2288" HEIGHT="57" WIDTH="1353" VPOS="2231" HPOS="151"><String ID="string_r1l37" HEIGHT="57" WIDTH="1353" VPOS="2231" HPOS="151" CONTENT="הוראת המלה טשיפוט הוא איש בצע, נגזרת- Turqaie, Anveres 1576 p. 168"/></TextLine><TextLine ID="r1l38" BASELINE="2340" HEIGHT="60" WIDTH="657" VPOS="2280" HPOS="852"><String ID="string_r1l38" HEIGHT="60" WIDTH="657" VPOS="2280" HPOS="852" CONTENT="מן המלה הפרסית ג'יפ'אט ב– בצע."/></TextLine><TextLine ID="r1l39" BASELINE="2391" HEIGHT="52" WIDTH="1252" VPOS="2339" HPOS="155"><String ID="string_r1l39" HEIGHT="52" WIDTH="1252" VPOS="2339" HPOS="155" CONTENT="12) ראה Geschichte der Bulgaren - Dr. Iritschek, Prag 1876 ועוד"/></TextLine><TextLine ID="r1l40" BASELINE="2439" HEIGHT="51" WIDTH="1365" VPOS="2388" HPOS="151"><String ID="string_r1l40" HEIGHT="51" WIDTH="1365" VPOS="2388" HPOS="151" CONTENT="GROPHHR wl יe על Heropna ua Euarap. Hapoan-S. C. Booden 1s81 )Cr 1a1("/></TextLine><TextLine ID="r1l41" BASELINE="2490" HEIGHT="60" WIDTH="1351" VPOS="2430" HPOS="158"><String ID="string_r1l41" HEIGHT="60" WIDTH="1351" VPOS="2430" HPOS="158" CONTENT="Coona 1892 ct. 165, גם צורת הנסיכה תמר או מרה בספר העתקת אואנגילון מימי המלך"/></TextLine></TextBlock></PrintSpace></Page></Layout></alto>