<?xml version="1.0" encoding="UTF-8"?><alto xmlns:xsi="http://www.w3.org/2001/XMLSchema-instance" xmlns="http://www.loc.gov/standards/alto/ns-v2#" xmlns:page="http://schema.primaresearch.org/PAGE/gts/pagecontent/2013-07-15" xsi:schemaLocation="http://schema.primaresearch.org/PAGE/gts/pagecontent/2013-07-15 http://schema.primaresearch.org/PAGE/gts/pagecontent/2013-07-15/pagecontent.xsd http://www.loc.gov/standards/alto/ns-v2# http://www.loc.gov/standards/alto/alto-v2.0.xsd"><Description><MeasurementUnit>pixel</MeasurementUnit></Description><Layout><Page ID="Page1" PHYSICAL_IMG_NR="1" HEIGHT="2611" WIDTH="1713"><TopMargin HEIGHT="0" WIDTH="1713" VPOS="0" HPOS="0"/><LeftMargin HEIGHT="2611" WIDTH="0" VPOS="0" HPOS="0"/><RightMargin HEIGHT="2611" WIDTH="0" VPOS="0" HPOS="1713"/><BottomMargin HEIGHT="0" WIDTH="1713" VPOS="2611" HPOS="0"/><PrintSpace HEIGHT="2611" WIDTH="1713" VPOS="0" HPOS="0"><TextBlock ID="r1" HEIGHT="1634" WIDTH="1340" VPOS="113" HPOS="207"><Shape><Polygon POINTS="207,113 207,1747 1547,1747 1547,113"/></Shape><TextLine ID="r1l2" BASELINE="152" HEIGHT="53" WIDTH="65" VPOS="99" HPOS="1472"><String ID="string_r1l2" HEIGHT="53" WIDTH="65" VPOS="99" HPOS="1472" CONTENT="42"/></TextLine><TextLine ID="r1l1" BASELINE="153" HEIGHT="56" WIDTH="407" VPOS="97" HPOS="658"><String ID="string_r1l1" HEIGHT="56" WIDTH="407" VPOS="97" HPOS="658" CONTENT="דברי ימי ישראל בתוגרמה"/></TextLine><TextLine ID="r1l3" BASELINE="267" HEIGHT="52" WIDTH="1327" VPOS="215" HPOS="216"><String ID="string_r1l3" HEIGHT="52" WIDTH="1327" VPOS="215" HPOS="216" CONTENT="ימינה ושמאלה אל השמים ותשבע בחיי העולמים כי לא תתן לו מאומה דבר קטן או"/></TextLine><TextLine ID="r1l4" BASELINE="325" HEIGHT="58" WIDTH="1344" VPOS="267" HPOS="207"><String ID="string_r1l4" HEIGHT="58" WIDTH="1344" VPOS="267" HPOS="207" CONTENT="גדול, וחוטא המלך חומם נפשו, חמת מלך מלאכי מות, מי יאמר לי מה תעשה? וכהנה"/></TextLine><TextLine ID="r1l5" BASELINE="381" HEIGHT="60" WIDTH="1348" VPOS="321" HPOS="204"><String ID="string_r1l5" HEIGHT="60" WIDTH="1348" VPOS="321" HPOS="204" CONTENT="רבות עשה. וירא המלך כי האשה טובת שכל ולא נפתית לתת לו מאומה. והנה לא"/></TextLine><TextLine ID="r1l6" BASELINE="433" HEIGHT="57" WIDTH="1339" VPOS="376" HPOS="213"><String ID="string_r1l6" HEIGHT="57" WIDTH="1339" VPOS="376" HPOS="213" CONTENT="שמעה עד כה, ויאמר המלך בלבו: אשה יראת המלך היא תתהלל ויהללוה בשערים מעשיה,"/></TextLine><TextLine ID="r1l7" BASELINE="488" HEIGHT="58" WIDTH="1337" VPOS="430" HPOS="208"><String ID="string_r1l7" HEIGHT="58" WIDTH="1337" VPOS="430" HPOS="208" CONTENT="ויוציא המלך אבן ארומה ויתו על דלתות השער להכירה בשובו ויסר וילך... ויהי"/></TextLine><TextLine ID="r1l8" BASELINE="541" HEIGHT="56" WIDTH="1334" VPOS="485" HPOS="210"><String ID="string_r1l8" HEIGHT="56" WIDTH="1334" VPOS="485" HPOS="210" CONTENT="ממחרת וישב המלך לשפוט את העם, ויזכור את היהודית ואת אשר עשתה, וישלח איש"/></TextLine><TextLine ID="r1l9" BASELINE="594" HEIGHT="55" WIDTH="1332" VPOS="539" HPOS="207"><String ID="string_r1l9" HEIGHT="55" WIDTH="1332" VPOS="539" HPOS="207" CONTENT="מלפניו אל מקום פלוני אלמוני תחנותי, ושם תראה דלת אחת חקוקה בשער מסומנת"/></TextLine><TextLine ID="r1l10" BASELINE="649" HEIGHT="54" WIDTH="1327" VPOS="595" HPOS="215"><String ID="string_r1l10" HEIGHT="54" WIDTH="1327" VPOS="595" HPOS="215" CONTENT="על המשקוף, ושם האשה אושפיזכנית, והביאה אצלי. וילך האיש ויבא את האשה, ותעמד"/></TextLine><TextLine ID="r1l11" BASELINE="705" HEIGHT="56" WIDTH="1342" VPOS="649" HPOS="199"><String ID="string_r1l11" HEIGHT="56" WIDTH="1342" VPOS="649" HPOS="199" CONTENT="לפני המלך ותשתחו אפים ארצה. ויען המלך אליה וידבר אתה קשות, ויאמר: שמעי נא"/></TextLine><TextLine ID="r1l12" BASELINE="763" HEIGHT="54" WIDTH="1334" VPOS="709" HPOS="204"><String ID="string_r1l12" HEIGHT="54" WIDTH="1334" VPOS="709" HPOS="204" CONTENT="האשה הנצבת עמדי בזה, ותאמר: דבר, כי שומעת שפחתך. ויאמר: אי מי זה את?"/></TextLine><TextLine ID="r1l13" BASELINE="813" HEIGHT="53" WIDTH="1342" VPOS="760" HPOS="201"><String ID="string_r1l13" HEIGHT="53" WIDTH="1342" VPOS="760" HPOS="201" CONTENT="ותאמר: יהודית אנכי. ויאמר: הלא שמעתי כי היהודים רחמנים גומלי חסדים הם, ומדוע"/></TextLine><TextLine ID="r1l14" BASELINE="874" HEIGHT="61" WIDTH="1339" VPOS="813" HPOS="208"><String ID="string_r1l14" HEIGHT="61" WIDTH="1339" VPOS="813" HPOS="208" CONTENT="שחת רחמיך ולא חמלת על העני הקורא אליך בנשף בערב יום, מכרי לי פת לחם"/></TextLine><TextLine ID="r1l15" BASELINE="930" HEIGHT="61" WIDTH="1340" VPOS="869" HPOS="205"><String ID="string_r1l15" HEIGHT="61" WIDTH="1340" VPOS="869" HPOS="205" CONTENT="ואסעדה, ולא שמעת לקולו ולא שמת על לבך, ותשלחי אותו ריקם, ולא חמלת על"/></TextLine><TextLine ID="r1l16" BASELINE="978" HEIGHT="55" WIDTH="1339" VPOS="923" HPOS="209"><String ID="string_r1l16" HEIGHT="55" WIDTH="1339" VPOS="923" HPOS="209" CONTENT="עניו ועל רישו, ולא טעם לחם או כל מאומה, והוא עיף ויגע ולא יראת אלהים,"/></TextLine><TextLine ID="r1l17" BASELINE="1033" HEIGHT="56" WIDTH="1337" VPOS="977" HPOS="211"><String ID="string_r1l17" HEIGHT="56" WIDTH="1337" VPOS="977" HPOS="211" CONTENT="ועתה דעי נא וראי כי רעתך רבה. כאחת הנבלות עשית, כי תראי ערום ולא רחמתהו"/></TextLine><TextLine ID="r1l18" BASELINE="1087" HEIGHT="57" WIDTH="1339" VPOS="1030" HPOS="213"><String ID="string_r1l18" HEIGHT="57" WIDTH="1339" VPOS="1030" HPOS="213" CONTENT="ומרעב מנעת לחם, גדול עונך מנשוא. אז ענתה היהודית לאמור: חלילה לשפחתך"/></TextLine><TextLine ID="r1l19" BASELINE="1140" HEIGHT="55" WIDTH="1340" VPOS="1085" HPOS="205"><String ID="string_r1l19" HEIGHT="55" WIDTH="1340" VPOS="1085" HPOS="205" CONTENT="מעשות זאת, ומי בכל עבדיך רחמנים וגומלי חסדים כיהודים? אל ישם המלך בלבו"/></TextLine><TextLine ID="r1l20" BASELINE="1197" HEIGHT="55" WIDTH="1338" VPOS="1142" HPOS="211"><String ID="string_r1l20" HEIGHT="55" WIDTH="1338" VPOS="1142" HPOS="211" CONTENT="דבר, כי לבעבור היותו תוגר (האורח) ת&#34;ו עשיתי כן... הלא באזננו צוית: איש ואשה"/></TextLine><TextLine ID="r1l21" BASELINE="1257" HEIGHT="60" WIDTH="1336" VPOS="1197" HPOS="213"><String ID="string_r1l21" HEIGHT="60" WIDTH="1336" VPOS="1197" HPOS="213" CONTENT="אל ימכרו בלילות. מה פשעי ומה חטאתי ? ויאמר: גם אני ידעתי, החשי... שלום לך"/></TextLine><TextLine ID="r1l22" BASELINE="1310" HEIGHT="58" WIDTH="1335" VPOS="1252" HPOS="216"><String ID="string_r1l22" HEIGHT="58" WIDTH="1335" VPOS="1252" HPOS="216" CONTENT="אל תראי, ידעתי כי לבעבור שמע מצותי עשית את הדבר הזה, ברוך טעמך וברוכה"/></TextLine><TextLine ID="r1l23" BASELINE="1371" HEIGHT="65" WIDTH="1352" VPOS="1306" HPOS="201"><String ID="string_r1l23" HEIGHT="65" WIDTH="1352" VPOS="1306" HPOS="201" CONTENT="את... לכי לביתך ואני אצוה עליך. ויצו המלך את עבדיו הסופרים ויצא דבר מלכות"/></TextLine><TextLine ID="r1l24" BASELINE="1421" HEIGHT="58" WIDTH="1339" VPOS="1363" HPOS="214"><String ID="string_r1l24" HEIGHT="58" WIDTH="1339" VPOS="1363" HPOS="214" CONTENT="מלפניו ויכתב... לתת ליהודית הנ&#34;ל עשרים לבנים ביום מדי יום ביומו... יען כי"/></TextLine><TextLine ID="r1l25" BASELINE="1477" HEIGHT="58" WIDTH="910" VPOS="1419" HPOS="639"><String ID="string_r1l25" HEIGHT="58" WIDTH="910" VPOS="1419" HPOS="639" CONTENT="נמצאת נאמנת בחק המלך ודתו, ולא נטתה ימין ושמאל&#34;."/></TextLine><TextLine ID="r1l26" BASELINE="1532" HEIGHT="57" WIDTH="1249" VPOS="1475" HPOS="199"><String ID="string_r1l26" HEIGHT="57" WIDTH="1249" VPOS="1475" HPOS="199" CONTENT="השלטן מחמד אשר ראה כי צבאותיו הכו לפני פרשי רודוס נמלא חימה על"/></TextLine><TextLine ID="r1l27" BASELINE="1589" HEIGHT="61" WIDTH="1344" VPOS="1528" HPOS="205"><String ID="string_r1l27" HEIGHT="61" WIDTH="1344" VPOS="1528" HPOS="205" CONTENT="השר המצביא משיח פחה, ויסירהו מפקודתו, ויגמר בדעתו לצאת בעצמו על האי הזה"/></TextLine><TextLine ID="r1l28" BASELINE="1643" HEIGHT="55" WIDTH="1349" VPOS="1588" HPOS="207"><String ID="string_r1l28" HEIGHT="55" WIDTH="1349" VPOS="1588" HPOS="207" CONTENT="למלחמה. וכן היה, כי אסף אנשי חיל במספר רב ואניות מלחמה רב יתר מבפעם"/></TextLine><TextLine ID="r1l29" BASELINE="1695" HEIGHT="52" WIDTH="1338" VPOS="1643" HPOS="212"><String ID="string_r1l29" HEIGHT="52" WIDTH="1338" VPOS="1643" HPOS="212" CONTENT="הראשונה; אך כמעט נסעו מעיר הבירה, והשלטן מת מיתה פתאומית ביום ד׳ לחדש"/></TextLine><TextLine ID="r1l30" BASELINE="1750" HEIGHT="47" WIDTH="413" VPOS="1703" HPOS="1140"><String ID="string_r1l30" HEIGHT="47" WIDTH="413" VPOS="1703" HPOS="1140" CONTENT="סיון רמ״א (3 מאי 1481)."/></TextLine></TextBlock></PrintSpace></Page></Layout></alto>