<?xml version="1.0" encoding="UTF-8"?><alto xmlns:xsi="http://www.w3.org/2001/XMLSchema-instance" xmlns="http://www.loc.gov/standards/alto/ns-v2#" xmlns:page="http://schema.primaresearch.org/PAGE/gts/pagecontent/2013-07-15" xsi:schemaLocation="http://schema.primaresearch.org/PAGE/gts/pagecontent/2013-07-15 http://schema.primaresearch.org/PAGE/gts/pagecontent/2013-07-15/pagecontent.xsd http://www.loc.gov/standards/alto/ns-v2# http://www.loc.gov/standards/alto/alto-v2.0.xsd"><Description><MeasurementUnit>pixel</MeasurementUnit></Description><Layout><Page ID="Page1" PHYSICAL_IMG_NR="1" HEIGHT="2604" WIDTH="1675"><TopMargin HEIGHT="0" WIDTH="1675" VPOS="0" HPOS="0"/><LeftMargin HEIGHT="2604" WIDTH="0" VPOS="0" HPOS="0"/><RightMargin HEIGHT="2604" WIDTH="0" VPOS="0" HPOS="1675"/><BottomMargin HEIGHT="0" WIDTH="1675" VPOS="2604" HPOS="0"/><PrintSpace HEIGHT="2604" WIDTH="1675" VPOS="0" HPOS="0"><TextBlock ID="r1" HEIGHT="2309" WIDTH="1364" VPOS="183" HPOS="161"><Shape><Polygon POINTS="161,183 161,2492 1525,2492 1525,183"/></Shape><TextLine ID="r1l2" BASELINE="231" HEIGHT="54" WIDTH="588" VPOS="177" HPOS="576"><String ID="string_r1l2" HEIGHT="54" WIDTH="588" VPOS="177" HPOS="576" CONTENT="היהודים תחת ממשלת שלטן מחמד ב׳"/></TextLine><TextLine ID="r1l1" BASELINE="221" HEIGHT="42" WIDTH="76" VPOS="179" HPOS="177"><String ID="string_r1l1" HEIGHT="42" WIDTH="76" VPOS="179" HPOS="177" CONTENT="21"/></TextLine><TextLine ID="r1l4" BASELINE="340" HEIGHT="57" WIDTH="1337" VPOS="283" HPOS="186"><String ID="string_r1l4" HEIGHT="57" WIDTH="1337" VPOS="283" HPOS="186" CONTENT="יצאו גזרות של גרוש ושמר לעם ישראל מימי הקיסרים ליאו האיזורי ובסיל המוקדוני ובנו"/></TextLine><TextLine ID="r1l5" BASELINE="402" HEIGHT="67" WIDTH="1354" VPOS="335" HPOS="173"><String ID="string_r1l5" HEIGHT="67" WIDTH="1354" VPOS="335" HPOS="173" CONTENT="ליאו הפלוסוף, עד שהוכרחו רבים להמיר דתם או לצאת מן העיר, ואף כי לא נכחדו כלה מן"/></TextLine><TextLine ID="r1l6" BASELINE="454" HEIGHT="59" WIDTH="1342" VPOS="395" HPOS="182"><String ID="string_r1l6" HEIGHT="59" WIDTH="1342" VPOS="395" HPOS="182" CONTENT="העיר בכל זאת הם מעטו וישוחו מעצר רעה וינון, וזכרונותיהם בתולדה דלים ורעים, -והנה"/></TextLine><TextLine ID="r1l7" BASELINE="504" HEIGHT="58" WIDTH="1353" VPOS="446" HPOS="172"><String ID="string_r1l7" HEIGHT="58" WIDTH="1353" VPOS="446" HPOS="172" CONTENT="העיר הגאיונית הזאת נפלה תחתיה, יד התוגרמים גברה על היונים, מחמד בן מוראד שלטן"/></TextLine><TextLine ID="r1l8" BASELINE="564" HEIGHT="62" WIDTH="1349" VPOS="502" HPOS="174"><String ID="string_r1l8" HEIGHT="62" WIDTH="1349" VPOS="502" HPOS="174" CONTENT="התוגרמים נטע שם אהלו על יד קרן הזהב, ודגל חצי הירח התנוסס על ראש בית התפלה"/></TextLine><TextLine ID="r1l9" BASELINE="617" HEIGHT="55" WIDTH="1336" VPOS="562" HPOS="198"><String ID="string_r1l9" HEIGHT="55" WIDTH="1336" VPOS="562" HPOS="198" CONTENT="ומקדש סופיא. ובעל הזכרונות ר' יוסף הכהן בדברו על העיר הזאת, הנקראת בפי"/></TextLine><TextLine ID="r1l10" BASELINE="674" HEIGHT="57" WIDTH="1348" VPOS="617" HPOS="178"><String ID="string_r1l10" HEIGHT="57" WIDTH="1348" VPOS="617" HPOS="178" CONTENT="היהודים בעת ההיא „ארץ עוץ&#34;, כתב: „עלו התורקים בחומות וישוקו בעיר ויבואו"/></TextLine><TextLine ID="r1l11" BASELINE="724" HEIGHT="53" WIDTH="1344" VPOS="671" HPOS="183"><String ID="string_r1l11" HEIGHT="53" WIDTH="1344" VPOS="671" HPOS="183" CONTENT="בחלונות ובבזה שלחו ידם, ותצא העיר בגולה, וילכו חיילות מהיונים אל הבמות ויקחו"/></TextLine><TextLine ID="r1l12" BASELINE="777" HEIGHT="51" WIDTH="1344" VPOS="726" HPOS="183"><String ID="string_r1l12" HEIGHT="51" WIDTH="1344" VPOS="726" HPOS="183" CONTENT="את שללם ואת כספס ואת זהבם, ואת צלמיהם ומצבותיהם שברו ויעלו הכומרים ביום"/></TextLine><TextLine ID="r1l13" BASELINE="835" HEIGHT="53" WIDTH="948" VPOS="782" HPOS="584"><String ID="string_r1l13" HEIGHT="53" WIDTH="948" VPOS="782" HPOS="584" CONTENT="ההוא&#34; (דברי הימים למלכי צרפת ובית אוטומאן חלק א)."/></TextLine><TextLine ID="r1l14" BASELINE="886" HEIGHT="53" WIDTH="1252" VPOS="833" HPOS="172"><String ID="string_r1l14" HEIGHT="53" WIDTH="1252" VPOS="833" HPOS="172" CONTENT="אחרי שלשת ימים אשר נתן לאנשי החיל לשלול ולבוז כחפצם, נתנה הממשלה"/></TextLine><TextLine ID="r1l15" BASELINE="941" HEIGHT="57" WIDTH="1344" VPOS="884" HPOS="181"><String ID="string_r1l15" HEIGHT="57" WIDTH="1344" VPOS="884" HPOS="181" CONTENT="פקודה כי ישובו תושבי העיר אל בתיהם כבראשונה, וכי הורשה להם לעבוד אלוהיהם"/></TextLine><TextLine ID="r1l16" BASELINE="993" HEIGHT="55" WIDTH="1351" VPOS="938" HPOS="176"><String ID="string_r1l16" HEIGHT="55" WIDTH="1351" VPOS="938" HPOS="176" CONTENT="בלי הבדל דת ולאום, וכן עשו, „ובשנת אחת 2) לשלטן מחמיט (ר&#34;ל למלכו"/></TextLine><TextLine ID="r1l17" BASELINE="1051" HEIGHT="56" WIDTH="1353" VPOS="995" HPOS="171"><String ID="string_r1l17" HEIGHT="56" WIDTH="1353" VPOS="995" HPOS="171" CONTENT="בקושטנדינא) מלך תוגרמה, לכלות דבר ה' מפי ירמיהו כאמור: כה אמר ה' נותן"/></TextLine><TextLine ID="r1l18" BASELINE="1105" HEIGHT="56" WIDTH="1356" VPOS="1049" HPOS="170"><String ID="string_r1l18" HEIGHT="56" WIDTH="1356" VPOS="1049" HPOS="170" CONTENT="שמש לאור יומם, חקות ירח וכוכבים לאור לילה, רוגע הים ויהמו גליו ה׳ צבאות"/></TextLine><TextLine ID="r1l19" BASELINE="1159" HEIGHT="55" WIDTH="1354" VPOS="1104" HPOS="171"><String ID="string_r1l19" HEIGHT="55" WIDTH="1354" VPOS="1104" HPOS="171" CONTENT="שמו, אם ימושו החקים האלה מלפני נאום ה' גם זרע ישראל ישבתו מהיות גוי לפני"/></TextLine><TextLine ID="r1l20" BASELINE="1217" HEIGHT="60" WIDTH="1356" VPOS="1157" HPOS="170"><String ID="string_r1l20" HEIGHT="60" WIDTH="1356" VPOS="1157" HPOS="170" CONTENT="כל הימים, ואומר: כה אמר ה' אם ימדו שמים מלמעלה ויחקרו מוסדי ארץ למטה,"/></TextLine><TextLine ID="r1l21" BASELINE="1273" HEIGHT="61" WIDTH="1344" VPOS="1212" HPOS="177"><String ID="string_r1l21" HEIGHT="61" WIDTH="1344" VPOS="1212" HPOS="177" CONTENT="גם אני אמאם בכל זרע ישראל וגומר, — העיר ה' את רוח המלך שולטן מחמיט מלך"/></TextLine><TextLine ID="r1l22" BASELINE="1326" HEIGHT="61" WIDTH="1351" VPOS="1265" HPOS="175"><String ID="string_r1l22" HEIGHT="61" WIDTH="1351" VPOS="1265" HPOS="175" CONTENT="תוגרמה ויעבר קול בכל מלכותו גם במכתב לאמור: „כה אמר מחמיט מלך תוגרמה;"/></TextLine><TextLine ID="r1l23" BASELINE="1376" HEIGHT="60" WIDTH="1341" VPOS="1316" HPOS="181"><String ID="string_r1l23" HEIGHT="60" WIDTH="1341" VPOS="1316" HPOS="181" CONTENT="ממלכות הארץ נתן לי ה' אלהי השמים, והוא פקד עלי לפקוד את עמו זרע אברהם"/></TextLine><TextLine ID="r1l24" BASELINE="1429" HEIGHT="57" WIDTH="1355" VPOS="1372" HPOS="168"><String ID="string_r1l24" HEIGHT="57" WIDTH="1355" VPOS="1372" HPOS="168" CONTENT="עבדו בני יעקב בחיריו, ולתת להם מחיה בארץ ולהיות להם לפליטה גדולה, מי בכם"/></TextLine><TextLine ID="r1l25" BASELINE="1489" HEIGHT="67" WIDTH="1349" VPOS="1422" HPOS="171"><String ID="string_r1l25" HEIGHT="67" WIDTH="1349" VPOS="1422" HPOS="171" CONTENT="מכל עמו יהי אלוהיו עמו ויעל בקושטדינא מקום כסא מלכותי, במיטב הארץ שבו"/></TextLine><TextLine ID="r1l26" BASELINE="1541" HEIGHT="51" WIDTH="1344" VPOS="1490" HPOS="176"><String ID="string_r1l26" HEIGHT="51" WIDTH="1344" VPOS="1490" HPOS="176" CONTENT="איש תחת גפנו ותחת תאנתו בכסף ובזהב וברכוש ובבהמה, שבו בארץ וסחרוה"/></TextLine><TextLine ID="r1l27" BASELINE="1596" HEIGHT="57" WIDTH="1349" VPOS="1539" HPOS="178"><String ID="string_r1l27" HEIGHT="57" WIDTH="1349" VPOS="1539" HPOS="178" CONTENT="והאחזו בה. ויתאספו היהודים מכל ערי תוגרמה הקרובות והרחוקות ויבא איש ממקומו"/></TextLine><TextLine ID="r1l28" BASELINE="1653" HEIGHT="60" WIDTH="1349" VPOS="1593" HPOS="168"><String ID="string_r1l28" HEIGHT="60" WIDTH="1349" VPOS="1593" HPOS="168" CONTENT="ותקהל העדה בקושטדינא לאלפים ולרבבות, ומן השמים עזרם רוכב ערבות, ויתן להם"/></TextLine><TextLine ID="r1l29" BASELINE="1707" HEIGHT="57" WIDTH="1357" VPOS="1650" HPOS="165"><String ID="string_r1l29" HEIGHT="57" WIDTH="1357" VPOS="1650" HPOS="165" CONTENT="המלך נחלות כלולות, ובתים מלאים כל טוב, וישכנו בה היהודים למשפחותם לבית"/></TextLine><TextLine ID="r1l30" BASELINE="1768" HEIGHT="59" WIDTH="1347" VPOS="1709" HPOS="177"><String ID="string_r1l30" HEIGHT="59" WIDTH="1347" VPOS="1709" HPOS="177" CONTENT="אכותם, פרו וישרצו ותמלא הארץ אותם. ומן היום ההוא והלאה כל המקומות אשר"/></TextLine><TextLine ID="r1l31" BASELINE="1821" HEIGHT="56" WIDTH="1351" VPOS="1765" HPOS="173"><String ID="string_r1l31" HEIGHT="56" WIDTH="1351" VPOS="1765" HPOS="173" CONTENT="היה כובש המלך הנ&#34;ל והיו שם יהודים, תכף היה מטלטלם טלטלה גבר, והיה מוציאם"/></TextLine><TextLine ID="r1l32" BASELINE="1878" HEIGHT="56" WIDTH="1339" VPOS="1822" HPOS="176"><String ID="string_r1l32" HEIGHT="56" WIDTH="1339" VPOS="1822" HPOS="176" CONTENT="משם ושולחם בקושטדינא מקום כסא מלכותו, וינשאם כל ימי עולם. ויהי כי יראו"/></TextLine><TextLine ID="r1l33" BASELINE="1938" HEIGHT="61" WIDTH="1354" VPOS="1877" HPOS="171"><String ID="string_r1l33" HEIGHT="61" WIDTH="1354" VPOS="1877" HPOS="171" CONTENT="היהודים את האלהים ויעש להם בתים מלאים כל טוב, ובמקום אשר בימי קדם"/></TextLine><TextLine ID="r1l34" BASELINE="1992" HEIGHT="57" WIDTH="1349" VPOS="1935" HPOS="170"><String ID="string_r1l34" HEIGHT="57" WIDTH="1349" VPOS="1935" HPOS="170" CONTENT="קדמתה בזמן מלך יון לא היה בקישטדינא כי אם שתי קהלות או שלוש, נתוספו"/></TextLine><TextLine ID="r1l35" BASELINE="2048" HEIGHT="59" WIDTH="1361" VPOS="1989" HPOS="162"><String ID="string_r1l35" HEIGHT="59" WIDTH="1361" VPOS="1989" HPOS="162" CONTENT="היהודים ונתרבו ויהיו עם לרוב יותר מ... 3) קהלות, ולא נשא הארץ אותם לשבת"/></TextLine><TextLine ID="r1l36" BASELINE="2106" HEIGHT="57" WIDTH="1348" VPOS="2049" HPOS="169"><String ID="string_r1l36" HEIGHT="57" WIDTH="1348" VPOS="2049" HPOS="169" CONTENT="יחדיו כי היה רכושם רב, ויהיו בקושטדינא קהלות מהוללות. תורה ועושר וכבוד, הרבו"/></TextLine><TextLine ID="r1l38" BASELINE="2304" HEIGHT="63" WIDTH="1236" VPOS="2241" HPOS="155"><String ID="string_r1l38" HEIGHT="63" WIDTH="1236" VPOS="2241" HPOS="155" CONTENT="2) ר' אליהו בן ר׳ אלקנה קפסאלי בספרו „רבי אליהו&#34; כ&#34;י. נכתב בקנדיא בשנת רפ&#34;ג"/></TextLine><TextLine ID="r1l39" BASELINE="2347" HEIGHT="56" WIDTH="1359" VPOS="2291" HPOS="152"><String ID="string_r1l39" HEIGHT="56" WIDTH="1359" VPOS="2291" HPOS="152" CONTENT="פרק י&#34;ו ובנדפס בשם: ליקוטים שונים מסדר רבי אליהו ע&#34;י ר משה לאטיש פאדובה שנת"/></TextLine><TextLine ID="r1l40" BASELINE="2392" HEIGHT="41" WIDTH="234" VPOS="2351" HPOS="1280"><String ID="string_r1l40" HEIGHT="41" WIDTH="234" VPOS="2351" HPOS="1280" CONTENT="תרכ״ט דף ו'"/></TextLine><TextLine ID="r1l41" BASELINE="2452" HEIGHT="53" WIDTH="1237" VPOS="2399" HPOS="160"><String ID="string_r1l41" HEIGHT="53" WIDTH="1237" VPOS="2399" HPOS="160" CONTENT="3) בכ&#34;י אשר היה בת״ת בעיר ויניציא נמחקו אותיות המספר והמסדר ר&#34;ט לאטיש"/></TextLine><TextLine ID="r1l42" BASELINE="2501" HEIGHT="51" WIDTH="427" VPOS="2450" HPOS="1091"><String ID="string_r1l42" HEIGHT="51" WIDTH="427" VPOS="2450" HPOS="1091" CONTENT="שם נקודות במקום המספר."/></TextLine></TextBlock></PrintSpace></Page></Layout></alto>