<?xml version="1.0" encoding="UTF-8"?><alto xmlns:xsi="http://www.w3.org/2001/XMLSchema-instance" xmlns="http://www.loc.gov/standards/alto/ns-v2#" xmlns:page="http://schema.primaresearch.org/PAGE/gts/pagecontent/2013-07-15" xsi:schemaLocation="http://schema.primaresearch.org/PAGE/gts/pagecontent/2013-07-15 http://schema.primaresearch.org/PAGE/gts/pagecontent/2013-07-15/pagecontent.xsd http://www.loc.gov/standards/alto/ns-v2# http://www.loc.gov/standards/alto/alto-v2.0.xsd"><Description><MeasurementUnit>pixel</MeasurementUnit></Description><Layout><Page ID="Page1" PHYSICAL_IMG_NR="1" HEIGHT="2606" WIDTH="1679"><TopMargin HEIGHT="0" WIDTH="1679" VPOS="0" HPOS="0"/><LeftMargin HEIGHT="2606" WIDTH="0" VPOS="0" HPOS="0"/><RightMargin HEIGHT="2606" WIDTH="0" VPOS="0" HPOS="1679"/><BottomMargin HEIGHT="0" WIDTH="1679" VPOS="2606" HPOS="0"/><PrintSpace HEIGHT="2606" WIDTH="1679" VPOS="0" HPOS="0"><TextBlock ID="r1" HEIGHT="2321" WIDTH="1355" VPOS="127" HPOS="68"><Shape><Polygon POINTS="68,127 68,2448 1423,2448 1423,127"/></Shape><TextLine ID="r1l2" BASELINE="167" HEIGHT="47" WIDTH="321" VPOS="120" HPOS="593"><String ID="string_r1l2" HEIGHT="47" WIDTH="321" VPOS="120" HPOS="593" CONTENT="השלטנים הראשונים"/></TextLine><TextLine ID="r1l1" BASELINE="163" HEIGHT="47" WIDTH="56" VPOS="116" HPOS="89"><String ID="string_r1l1" HEIGHT="47" WIDTH="56" VPOS="116" HPOS="89" CONTENT="7"/></TextLine><TextLine ID="r1l3" BASELINE="285" HEIGHT="60" WIDTH="1237" VPOS="225" HPOS="87"><String ID="string_r1l3" HEIGHT="60" WIDTH="1237" VPOS="225" HPOS="87" CONTENT="עשרים שנה עברו והמלך הבולגרי כרת ברית אהבה עם הסרבים והולאכים"/></TextLine><TextLine ID="r1l4" BASELINE="338" HEIGHT="60" WIDTH="1338" VPOS="278" HPOS="89"><String ID="string_r1l4" HEIGHT="60" WIDTH="1338" VPOS="278" HPOS="89" CONTENT="להתנגד לתרכים. הויזיר הגדול עלי פשה קבל הפקודה לתגר מלחמה עם הבולגארים"/></TextLine><TextLine ID="r1l5" BASELINE="392" HEIGHT="59" WIDTH="1336" VPOS="333" HPOS="82"><String ID="string_r1l5" HEIGHT="59" WIDTH="1336" VPOS="333" HPOS="82" CONTENT="ואחרי נסעו מאיטוס ועברו על רכסי, הרי הבאלקאן כבש ערי שומלה ופראואדי,"/></TextLine><TextLine ID="r1l6" BASELINE="454" HEIGHT="65" WIDTH="1349" VPOS="389" HPOS="83"><String ID="string_r1l6" HEIGHT="65" WIDTH="1349" VPOS="389" HPOS="83" CONTENT="אך המלך יוהן שישמאן בראותו זאת בקש סליחה מאת השלטן אשר השיב"/></TextLine><TextLine ID="r1l7" BASELINE="506" HEIGHT="57" WIDTH="567" VPOS="449" HPOS="864"><String ID="string_r1l7" HEIGHT="57" WIDTH="567" VPOS="449" HPOS="864" CONTENT="לו בטובו את כל המקומות האלה."/></TextLine><TextLine ID="r1l8" BASELINE="559" HEIGHT="59" WIDTH="1238" VPOS="500" HPOS="80"><String ID="string_r1l8" HEIGHT="59" WIDTH="1238" VPOS="500" HPOS="80" CONTENT="ימים אחדים אחרי כן נהרג השלטן מוראד על ידי איש סרבי „מילוש"/></TextLine><TextLine ID="r1l9" BASELINE="615" HEIGHT="56" WIDTH="913" VPOS="559" HPOS="511"><String ID="string_r1l9" HEIGHT="56" WIDTH="913" VPOS="559" HPOS="511" CONTENT="קאבילוויץ&#34; אצל העיר קוסובו (ט&#34;ו יוניו קמ״ט 1389)."/></TextLine><TextLine ID="r1l10" BASELINE="669" HEIGHT="56" WIDTH="1251" VPOS="613" HPOS="69"><String ID="string_r1l10" HEIGHT="56" WIDTH="1251" VPOS="613" HPOS="69" CONTENT="על שדה הקרב בקוסובו, אשר בו נפל שדוד וימת מות גבורים השלטן"/></TextLine><TextLine ID="r1l11" BASELINE="719" HEIGHT="49" WIDTH="1353" VPOS="670" HPOS="72"><String ID="string_r1l11" HEIGHT="49" WIDTH="1353" VPOS="670" HPOS="72" CONTENT="מוראד  א.עלה על כסא המלוכה בנו יורש העצר באיאזידא׳, אשר החל לעשות"/></TextLine><TextLine ID="r1l12" BASELINE="780" HEIGHT="56" WIDTH="1343" VPOS="724" HPOS="82"><String ID="string_r1l12" HEIGHT="56" WIDTH="1343" VPOS="724" HPOS="82" CONTENT="נקמות באויביו הסרבים ויכבש מיטב ארצותיהם. לא עברו ימים רבים והמלך הבולגרי"/></TextLine><TextLine ID="r1l13" BASELINE="828" HEIGHT="51" WIDTH="1345" VPOS="777" HPOS="79"><String ID="string_r1l13" HEIGHT="51" WIDTH="1345" VPOS="777" HPOS="79" CONTENT="יוהן שישמאן מרד עוד הפעם והויזיר הגדול עלי פחה הוכרח לעלות בארצותיו וישם"/></TextLine><TextLine ID="r1l14" BASELINE="888" HEIGHT="55" WIDTH="1352" VPOS="833" HPOS="77"><String ID="string_r1l14" HEIGHT="55" WIDTH="1352" VPOS="833" HPOS="77" CONTENT="במצור עיר הבירה טירנווה, אשר נפלה בידו בעמל רב ביום י&#34;ח יולי קנ&#34;ג"/></TextLine><TextLine ID="r1l15" BASELINE="940" HEIGHT="55" WIDTH="1339" VPOS="885" HPOS="85"><String ID="string_r1l15" HEIGHT="55" WIDTH="1339" VPOS="885" HPOS="85" CONTENT="(1393) 13). בעיר הזאת היתה עדה יהודית נכבדה וגדולה ומקרבה בחר לו לאשה המלך"/></TextLine><TextLine ID="r1l16" BASELINE="993" HEIGHT="57" WIDTH="1341" VPOS="936" HPOS="78"><String ID="string_r1l16" HEIGHT="57" WIDTH="1341" VPOS="936" HPOS="78" CONTENT="הבולגארי יוהן אלכסנדר את המלכה תאודורה. היהודים חיו בשלוה ולהם"/></TextLine><TextLine ID="r1l17" BASELINE="1048" HEIGHT="55" WIDTH="1348" VPOS="993" HPOS="79"><String ID="string_r1l17" HEIGHT="55" WIDTH="1348" VPOS="993" HPOS="79" CONTENT="היו זכיות רבות, אשר על כן שגור הוא בפי סופרי דברי הימים לעם הבולגרים לאמר,"/></TextLine><TextLine ID="r1l18" BASELINE="1108" HEIGHT="58" WIDTH="1338" VPOS="1050" HPOS="84"><String ID="string_r1l18" HEIGHT="58" WIDTH="1338" VPOS="1050" HPOS="84" CONTENT="כי היהודים לבשו נאות ובקשו תמיד להשתות עם הנסיכים (ויוודים), וכן היה, כי יהודי"/></TextLine><TextLine ID="r1l19" BASELINE="1162" HEIGHT="56" WIDTH="1349" VPOS="1106" HPOS="80"><String ID="string_r1l19" HEIGHT="56" WIDTH="1349" VPOS="1106" HPOS="80" CONTENT="טירנווה התנגדו לתרכים במלחמה הזאת, אך הויזיר הגדול עלי פחה, אשר אחרי לכדו"/></TextLine><TextLine ID="r1l20" BASELINE="1219" HEIGHT="58" WIDTH="1345" VPOS="1161" HPOS="74"><String ID="string_r1l20" HEIGHT="58" WIDTH="1345" VPOS="1161" HPOS="74" CONTENT="העיר נתץ חומותיה, שם לתל עולם בניני ההוד והיכלי הפאר אשר היו בה ואת יושביה"/></TextLine><TextLine ID="r1l21" BASELINE="1270" HEIGHT="51" WIDTH="1353" VPOS="1219" HPOS="74"><String ID="string_r1l21" HEIGHT="51" WIDTH="1353" VPOS="1219" HPOS="74" CONTENT="הגלה למדינת אנאטוליה, הרג לפי חרב יהודי אחד אשר התיצב לפניו וידרוש שלומו,"/></TextLine><TextLine ID="r1l22" BASELINE="1331" HEIGHT="54" WIDTH="1353" VPOS="1277" HPOS="72"><String ID="string_r1l22" HEIGHT="54" WIDTH="1353" VPOS="1277" HPOS="72" CONTENT="כאשר תספר האגרה. עוד היום יראו סביבות העיר שדה אבנים אשר לפי דברי הזקנים,"/></TextLine><TextLine ID="r1l23" BASELINE="1385" HEIGHT="54" WIDTH="1350" VPOS="1331" HPOS="72"><String ID="string_r1l23" HEIGHT="54" WIDTH="1350" VPOS="1331" HPOS="72" CONTENT="היה בית הקברות ליהודים, וגל אבנים בתוכו, אשר לפי האגדה שם נקבר היהודי ההוא. "/></TextLine><TextLine ID="r1l24" BASELINE="1438" HEIGHT="56" WIDTH="1351" VPOS="1382" HPOS="74"><String ID="string_r1l24" HEIGHT="56" WIDTH="1351" VPOS="1382" HPOS="74" CONTENT="מכל זה נדע ברור, כי הקהלה העתיקה והגדולה היהודית תחת ממשלת הבולגארים"/></TextLine><TextLine ID="r1l25" BASELINE="1495" HEIGHT="56" WIDTH="1353" VPOS="1439" HPOS="78"><String ID="string_r1l25" HEIGHT="56" WIDTH="1353" VPOS="1439" HPOS="78" CONTENT="אבדה כבוא התרכים ועקבותיה לא נודעו עוד ורוב יושביה נפוצו ביתר הערים הקרובות."/></TextLine><TextLine ID="r1l26" BASELINE="1553" HEIGHT="58" WIDTH="1230" VPOS="1495" HPOS="96"><String ID="string_r1l26" HEIGHT="58" WIDTH="1230" VPOS="1495" HPOS="96" CONTENT="המלך יוהן שישמאן החיש מפלט לו בעיר ניקופול בעת ההיא, אך השלטן"/></TextLine><TextLine ID="r1l27" BASELINE="1603" HEIGHT="53" WIDTH="1348" VPOS="1550" HPOS="79"><String ID="string_r1l27" HEIGHT="53" WIDTH="1348" VPOS="1550" HPOS="79" CONTENT="באיאזיד צר על העיר הזאת אשר נפלה בידו בזמן מועט, והמלך הבולגארי נהרג,"/></TextLine><TextLine ID="r1l28" BASELINE="1658" HEIGHT="53" WIDTH="1338" VPOS="1605" HPOS="83"><String ID="string_r1l28" HEIGHT="53" WIDTH="1338" VPOS="1605" HPOS="83" CONTENT="לפי דברי איזה סופרים, או נאסר בעיר פיליפופולי, לפי דברי אחרים, ובנו הנסיך"/></TextLine><TextLine ID="r1l29" BASELINE="1719" HEIGHT="58" WIDTH="1346" VPOS="1661" HPOS="81"><String ID="string_r1l29" HEIGHT="58" WIDTH="1346" VPOS="1661" HPOS="81" CONTENT="אלכסנדר המיר דתו בדת מחמד ויקבל ממשלת עיר סאמסון  באנאטוליה ."/></TextLine><TextLine ID="r1l30" BASELINE="1772" HEIGHT="54" WIDTH="1249" VPOS="1718" HPOS="72"><String ID="string_r1l30" HEIGHT="54" WIDTH="1249" VPOS="1718" HPOS="72" CONTENT="על ידי מפלת ניקופול, באה עדה יהודית חדשה תחת עול התרכים, כי לפי"/></TextLine><TextLine ID="r1l31" BASELINE="1829" HEIGHT="55" WIDTH="1353" VPOS="1774" HPOS="74"><String ID="string_r1l31" HEIGHT="55" WIDTH="1353" VPOS="1774" HPOS="74" CONTENT="הנודע התישב היהודים בעיר מימי קדם ואולי עוד מימי מלוך מלך ישראל. עוד"/></TextLine><TextLine ID="r1l32" BASELINE="1885" HEIGHT="54" WIDTH="1351" VPOS="1831" HPOS="71"><String ID="string_r1l32" HEIGHT="54" WIDTH="1351" VPOS="1831" HPOS="71" CONTENT="מבצר אחר נשאר על שפת נהד ה דנוב, הוא וידין, אשר משל שם המלך הבולגרי החפשי"/></TextLine><TextLine ID="r1l33" BASELINE="2019" HEIGHT="55" WIDTH="1355" VPOS="1964" HPOS="68"><String ID="string_r1l33" HEIGHT="55" WIDTH="1355" VPOS="1964" HPOS="68" CONTENT="יוהן אלכסנדר משנת קי&#34;ו (1356) הנמצא בבבליותיקא אשר ללורד Zouche בלונדון ומקודם"/></TextLine><TextLine ID="r1l34" BASELINE="2068" HEIGHT="57" WIDTH="1362" VPOS="2011" HPOS="63"><String ID="string_r1l34" HEIGHT="57" WIDTH="1362" VPOS="2011" HPOS="63" CONTENT="היה בגנזי בית המקלט לנזירים סט׳ פאול בהר הקדוש „אטוס״. לפי רושמי הקורות התרכים"/></TextLine><TextLine ID="r1l35" BASELINE="2115" HEIGHT="57" WIDTH="1356" VPOS="2058" HPOS="68"><String ID="string_r1l35" HEIGHT="57" WIDTH="1356" VPOS="2058" HPOS="68" CONTENT="(Turquie 34) היתה בת המלך יוהן שישמאן אשר נתנה לשלטן מוראד לאשה, אך זה שגיאה"/></TextLine><TextLine ID="r1l36" BASELINE="2162" HEIGHT="54" WIDTH="1351" VPOS="2108" HPOS="69"><String ID="string_r1l36" HEIGHT="54" WIDTH="1351" VPOS="2108" HPOS="69" CONTENT="מצדם, כי המלך הזה היה אז באביב ימי עלומיו ואי אפשר שהיתה לו בת הגונה לבוא בהיכל"/></TextLine><TextLine ID="r1l37" BASELINE="2213" HEIGHT="50" WIDTH="147" VPOS="2163" HPOS="1278"><String ID="string_r1l37" HEIGHT="50" WIDTH="147" VPOS="2163" HPOS="1278" CONTENT="השלטן."/></TextLine><TextLine ID="r1l38" BASELINE="2268" HEIGHT="57" WIDTH="1257" VPOS="2211" HPOS="59"><String ID="string_r1l38" HEIGHT="57" WIDTH="1257" VPOS="2211" HPOS="59" CONTENT="13) ראה בובטשיפ הנ&#34;ל ע׳ 140. וזה מקרוב בעת חפירת הדרך למסילת הברזל"/></TextLine><TextLine ID="r1l39" BASELINE="2313" HEIGHT="53" WIDTH="1356" VPOS="2260" HPOS="63"><String ID="string_r1l39" HEIGHT="53" WIDTH="1356" VPOS="2260" HPOS="63" CONTENT="בטירנווה, נמצאו אצל הסלע קברות יחודים. בקבר אחד נמצאו איזה חפצי זהב שהניחו"/></TextLine><TextLine ID="r1l40" BASELINE="2361" HEIGHT="50" WIDTH="1357" VPOS="2311" HPOS="62"><String ID="string_r1l40" HEIGHT="50" WIDTH="1357" VPOS="2311" HPOS="62" CONTENT="במוזיאום הטירנואי, וכן נמצאה מצבה עם הכתב „יהודה הכהן&#34;. לפי מה שספר לי המורה"/></TextLine><TextLine ID="r1l41" BASELINE="2413" HEIGHT="64" WIDTH="1355" VPOS="2349" HPOS="71"><String ID="string_r1l41" HEIGHT="64" WIDTH="1355" VPOS="2349" HPOS="71" CONTENT="הבולגרי מושקוף פקיד המוזיאום, וכן נתאמת לי מפי זקנים, שקוראים רחוב אחד במורד ההר"/></TextLine><TextLine ID="r1l42" BASELINE="2445" HEIGHT="51" WIDTH="744" VPOS="2394" HPOS="672"><String ID="string_r1l42" HEIGHT="51" WIDTH="744" VPOS="2394" HPOS="672" CONTENT="אצל הנחל יאגיזרה והגשר בשם „רחוב היהודים״."/></TextLine></TextBlock></PrintSpace></Page></Layout></alto>