<?xml version="1.0" encoding="UTF-8"?><alto xmlns:xsi="http://www.w3.org/2001/XMLSchema-instance" xmlns="http://www.loc.gov/standards/alto/ns-v2#" xmlns:page="http://schema.primaresearch.org/PAGE/gts/pagecontent/2013-07-15" xsi:schemaLocation="http://schema.primaresearch.org/PAGE/gts/pagecontent/2013-07-15 http://schema.primaresearch.org/PAGE/gts/pagecontent/2013-07-15/pagecontent.xsd http://www.loc.gov/standards/alto/ns-v2# http://www.loc.gov/standards/alto/alto-v2.0.xsd"><Description><MeasurementUnit>pixel</MeasurementUnit></Description><Layout><Page ID="Page1" PHYSICAL_IMG_NR="1" HEIGHT="2612" WIDTH="1687"><TopMargin HEIGHT="0" WIDTH="1687" VPOS="0" HPOS="0"/><LeftMargin HEIGHT="2612" WIDTH="0" VPOS="0" HPOS="0"/><RightMargin HEIGHT="2612" WIDTH="0" VPOS="0" HPOS="1687"/><BottomMargin HEIGHT="0" WIDTH="1687" VPOS="2612" HPOS="0"/><PrintSpace HEIGHT="2612" WIDTH="1687" VPOS="0" HPOS="0"><TextBlock ID="r1" HEIGHT="2325" WIDTH="1353" VPOS="142" HPOS="48"><Shape><Polygon POINTS="48,142 48,2467 1401,2467 1401,142"/></Shape><TextLine ID="r1l1" BASELINE="181" HEIGHT="46" WIDTH="324" VPOS="135" HPOS="576"><String ID="string_r1l1" HEIGHT="46" WIDTH="324" VPOS="135" HPOS="576" CONTENT="השלטנים הראשונים"/></TextLine><TextLine ID="r1l2" BASELINE="181" HEIGHT="42" WIDTH="95" VPOS="139" HPOS="64"><String ID="string_r1l2" HEIGHT="42" WIDTH="95" VPOS="139" HPOS="64" CONTENT="13"/></TextLine><TextLine ID="r1l3" BASELINE="301" HEIGHT="62" WIDTH="1346" VPOS="239" HPOS="64"><String ID="string_r1l3" HEIGHT="62" WIDTH="1346" VPOS="239" HPOS="64" CONTENT="ישראל, ואז באו המקדונים במשא ומתן עם היהודים ויתישבו שם. ויש לשער שגם"/></TextLine><TextLine ID="r1l4" BASELINE="354" HEIGHT="57" WIDTH="1337" VPOS="297" HPOS="67"><String ID="string_r1l4" HEIGHT="57" WIDTH="1337" VPOS="297" HPOS="67" CONTENT="היהודים, או למצער חלק מהם, התישבו במקדון. לפי ספור האונגליון בראשית המאה"/></TextLine><TextLine ID="r1l5" BASELINE="406" HEIGHT="56" WIDTH="1344" VPOS="350" HPOS="66"><String ID="string_r1l5" HEIGHT="56" WIDTH="1344" VPOS="350" HPOS="66" CONTENT="הראשונה, כבוא שם שאול לעשות נפשות לאמונתם, מצא שם קהלה יהודית גדולה"/></TextLine><TextLine ID="r1l6" BASELINE="462" HEIGHT="56" WIDTH="1347" VPOS="406" HPOS="60"><String ID="string_r1l6" HEIGHT="56" WIDTH="1347" VPOS="406" HPOS="60" CONTENT="וחשובה אשר הפריעתו מעבודתו, „וידרוש ביום השבת בבית הכנסת לפני יהודים ויונים"/></TextLine><TextLine ID="r1l7" BASELINE="516" HEIGHT="55" WIDTH="1336" VPOS="461" HPOS="66"><String ID="string_r1l7" HEIGHT="55" WIDTH="1336" VPOS="461" HPOS="66" CONTENT="יראי אלהים״ (פעלי השליחים י&#34;ח ה'). עוד בימים ההם התפשטו יהודי שלוניק בערים"/></TextLine><TextLine ID="r1l8" BASELINE="577" HEIGHT="60" WIDTH="1341" VPOS="517" HPOS="67"><String ID="string_r1l8" HEIGHT="60" WIDTH="1341" VPOS="517" HPOS="67" CONTENT="הקרובות וחלק מהם יסדו עדה קטנה בעיר הקרובה ניריאה (שם). רושם יהודי שלוניק"/></TextLine><TextLine ID="r1l9" BASELINE="628" HEIGHT="54" WIDTH="1344" VPOS="574" HPOS="62"><String ID="string_r1l9" HEIGHT="54" WIDTH="1344" VPOS="574" HPOS="62" CONTENT="ניכר בפרט במאה השמינית והתשיעית בעת יסוד ממלכת בולגריא על ידי קרום. בפרק"/></TextLine><TextLine ID="r1l10" BASELINE="686" HEIGHT="56" WIDTH="1342" VPOS="630" HPOS="59"><String ID="string_r1l10" HEIGHT="56" WIDTH="1342" VPOS="630" HPOS="59" CONTENT="ההוא היו הבולגרים עובדי אלילים והיהודים, אשר באו שמה משלוניק ומביסאנצה, בקשו"/></TextLine><TextLine ID="r1l11" BASELINE="735" HEIGHT="51" WIDTH="1342" VPOS="684" HPOS="62"><String ID="string_r1l11" HEIGHT="51" WIDTH="1342" VPOS="684" HPOS="62" CONTENT="להשפיע עליהם מרוחם ולהביאם במסורת דת ישראל, אמנם יד השליחים הנוצרים"/></TextLine><TextLine ID="r1l12" BASELINE="794" HEIGHT="56" WIDTH="1340" VPOS="738" HPOS="67"><String ID="string_r1l12" HEIGHT="56" WIDTH="1340" VPOS="738" HPOS="67" CONTENT="היתה על העליונה והמלך מרקום טבל לשם הנצרות בשנת 864. בפרק הזה יצאו מן"/></TextLine><TextLine ID="r1l13" BASELINE="842" HEIGHT="50" WIDTH="1339" VPOS="792" HPOS="62"><String ID="string_r1l13" HEIGHT="50" WIDTH="1339" VPOS="792" HPOS="62" CONTENT="העיר הזאת קוסטנדין קיריל ואחיו מתודיום, שהמציאו האותיות הבולגריות-סלאויות"/></TextLine><TextLine ID="r1l14" BASELINE="902" HEIGHT="59" WIDTH="1335" VPOS="843" HPOS="68"><String ID="string_r1l14" HEIGHT="59" WIDTH="1335" VPOS="843" HPOS="68" CONTENT="הנודעות עד היום בשם קיריליות, והוא היה תלמיד יהודים וידע שפת עבר, ועל כן"/></TextLine><TextLine ID="line_1553458254416_209" BASELINE="972" HEIGHT="98" WIDTH="1333" VPOS="874" HPOS="62"><String ID="string_line_1553458254416_209" HEIGHT="98" WIDTH="1333" VPOS="874" HPOS="62" CONTENT="נראה כי אלה האותיות שיש להן מקום בשפה הבולגרית ולא מצא כדמותן באלפא"/></TextLine><TextLine ID="r1l18" BASELINE="1028" HEIGHT="107" WIDTH="1341" VPOS="921" HPOS="64"><String ID="string_r1l18" HEIGHT="107" WIDTH="1341" VPOS="921" HPOS="64" CONTENT="ביתא היונית, אשר השתמש בה לשם הכתב, עשה אותן בדמות האוֹתיוֹת העבריוֹת, כמוֹ"/></TextLine><TextLine ID="line_1553458288337_239" BASELINE="1089" HEIGHT="101" WIDTH="1337" VPOS="988" HPOS="63"><String ID="string_line_1553458288337_239" HEIGHT="101" WIDTH="1337" VPOS="988" HPOS="63" CONTENT="ב', ש' וצ' וכן המציא אותיות המספר כמו אותיות המספר העבריות, באופן שרושם"/></TextLine><TextLine ID="line_1553458307292_252" BASELINE="1135" HEIGHT="82" WIDTH="1332" VPOS="1053" HPOS="69"><String ID="string_line_1553458307292_252" HEIGHT="82" WIDTH="1332" VPOS="1053" HPOS="69" CONTENT="השפעת היהודים נראה בכל פעולות ראש הכנסיה הבולגרית הזה. בכ&#34;י שנמצאו"/></TextLine><TextLine ID="r1l22" BASELINE="1178" HEIGHT="67" WIDTH="1342" VPOS="1111" HPOS="57"><String ID="string_r1l22" HEIGHT="67" WIDTH="1342" VPOS="1111" HPOS="57" CONTENT="בגניזת מצרים הישנה כתוב, שקהלת ישראל משלוניק נפטרה לשלם המס על ידי"/></TextLine><TextLine ID="r1l23" BASELINE="1236" HEIGHT="58" WIDTH="1344" VPOS="1178" HPOS="56"><String ID="string_r1l23" HEIGHT="58" WIDTH="1344" VPOS="1178" HPOS="56" CONTENT="הקיסר אלקסיוס קימניוס וההנמון (1096). הנוסע ר׳ בנימין די טודילא מזכיר שם העיר"/></TextLine><TextLine ID="r1l24" BASELINE="1291" HEIGHT="56" WIDTH="1341" VPOS="1235" HPOS="59"><String ID="string_r1l24" HEIGHT="56" WIDTH="1341" VPOS="1235" HPOS="59" CONTENT="שלון, שהוא השם בסלאווית סולון (Solun), ומספר שמצא שם כחמש מאות יהודים"/></TextLine><TextLine ID="r1l25" BASELINE="1341" HEIGHT="50" WIDTH="1339" VPOS="1291" HPOS="62"><String ID="string_r1l25" HEIGHT="50" WIDTH="1339" VPOS="1291" HPOS="62" CONTENT="„ושם הרב ר׳ שמואל ובניו תלמידי חכמים, והוא שם ממונה על היהודים מטעם"/></TextLine><TextLine ID="r1l26" BASELINE="1405" HEIGHT="61" WIDTH="1343" VPOS="1344" HPOS="64"><String ID="string_r1l26" HEIGHT="61" WIDTH="1343" VPOS="1344" HPOS="64" CONTENT="המלך, ור' שבתי חתנו ור' מיכאל, ושם גלות גדול ליהודים, והם מתעסקים במלאכות״."/></TextLine><TextLine ID="r1l27" BASELINE="1454" HEIGHT="55" WIDTH="1235" VPOS="1399" HPOS="64"><String ID="string_r1l27" HEIGHT="55" WIDTH="1235" VPOS="1399" HPOS="64" CONTENT="מן העת הקדומה הזאת נשארו שם שני בתי תפלה, הנודעים עד היום בשם"/></TextLine><TextLine ID="r1l28" BASELINE="1513" HEIGHT="60" WIDTH="1349" VPOS="1453" HPOS="55"><String ID="string_r1l28" HEIGHT="60" WIDTH="1349" VPOS="1453" HPOS="55" CONTENT="ק&#34;ק עץ חיים וק&#34;ק עץ הדעת. העיר הזאת היתה עתידה לקבל החלק היותר גדול"/></TextLine><TextLine ID="r1l29" BASELINE="1565" HEIGHT="56" WIDTH="1341" VPOS="1509" HPOS="59"><String ID="string_r1l29" HEIGHT="56" WIDTH="1341" VPOS="1509" HPOS="59" CONTENT="מהיהודים המגורשים מכל קצוי ארץ, מאשכנז, איטליא, ציציליא, קשטיליא, אראנון,"/></TextLine><TextLine ID="r1l30" BASELINE="1624" HEIGHT="60" WIDTH="1337" VPOS="1564" HPOS="64"><String ID="string_r1l30" HEIGHT="60" WIDTH="1337" VPOS="1564" HPOS="64" CONTENT="קאטאלוניא, פורטונאל, פולייא, נאכארה ועד ימינו האחרונים אלה מרוסיא, ובצדק"/></TextLine><TextLine ID="r1l31" BASELINE="1680" HEIGHT="61" WIDTH="1343" VPOS="1619" HPOS="57"><String ID="string_r1l31" HEIGHT="61" WIDTH="1343" VPOS="1619" HPOS="57" CONTENT="קראו לה רבותינו הקדמונים: עיר ואם בישראל! לא רק על היותה בעבר ובהוה"/></TextLine><TextLine ID="r1l32" BASELINE="1735" HEIGHT="57" WIDTH="1357" VPOS="1678" HPOS="45"><String ID="string_r1l32" HEIGHT="57" WIDTH="1357" VPOS="1678" HPOS="45" CONTENT="עיר אשר רב וגדול בתוכה מספר בני ישראל, אך גם על אשר קבלה בכל עת"/></TextLine><TextLine ID="r1l33" BASELINE="1785" HEIGHT="50" WIDTH="1349" VPOS="1735" HPOS="48"><String ID="string_r1l33" HEIGHT="50" WIDTH="1349" VPOS="1735" HPOS="48" CONTENT="בזרועות פתוחות כאם רחמניה את כל המגורשים והנודדים מבני ישראל. אם באמת  "/></TextLine><TextLine ID="r1l34" BASELINE="1850" HEIGHT="58" WIDTH="1134" VPOS="1792" HPOS="270"><String ID="string_r1l34" HEIGHT="58" WIDTH="1134" VPOS="1792" HPOS="270" CONTENT="נמצאה עיר אשר רכשה לה בצדק שם התואר הזה היא רק שאלוניק!"/></TextLine><TextLine ID="r1l35" BASELINE="1902" HEIGHT="55" WIDTH="1250" VPOS="1847" HPOS="55"><String ID="string_r1l35" HEIGHT="55" WIDTH="1250" VPOS="1847" HPOS="55" CONTENT="שנתים אחרי לכידת שאלוניק כבשו התרכים את העיר המהללה יאנינה ויתר"/></TextLine><TextLine ID="r1l36" BASELINE="1961" HEIGHT="56" WIDTH="1346" VPOS="1905" HPOS="55"><String ID="string_r1l36" HEIGHT="56" WIDTH="1346" VPOS="1905" HPOS="55" CONTENT="האלבניא, אשר ישבו שם יהודים כמעט ברוב הערים עוד מימי ממלכת מקדון, כי כן"/></TextLine><TextLine ID="r1l37" BASELINE="2018" HEIGHT="59" WIDTH="1352" VPOS="1959" HPOS="49"><String ID="string_r1l37" HEIGHT="59" WIDTH="1352" VPOS="1959" HPOS="49" CONTENT="יספר הנוסע ר׳ בנימין די טודילא, שמצא בכל המחוז ההוא לא לבד יהודים אך גם"/></TextLine><TextLine ID="r1l38" BASELINE="2065" HEIGHT="48" WIDTH="858" VPOS="2017" HPOS="536"><String ID="string_r1l38" HEIGHT="48" WIDTH="858" VPOS="2017" HPOS="536" CONTENT="איזה נוצרים. אשר לפי האגדה ממעי יהודה יצאו 24)."/></TextLine><TextLine ID="r1l39" BASELINE="2133" HEIGHT="57" WIDTH="1256" VPOS="2076" HPOS="40"><String ID="string_r1l39" HEIGHT="57" WIDTH="1256" VPOS="2076" HPOS="40" CONTENT="ימים אחדים אחרי כן שמו התרכים במצור עיר בילוגראדו, אך כל עמלם"/></TextLine><TextLine ID="r1l40" BASELINE="2192" HEIGHT="64" WIDTH="1350" VPOS="2128" HPOS="52"><String ID="string_r1l40" HEIGHT="64" WIDTH="1350" VPOS="2128" HPOS="52" CONTENT="לכבוש העיר הזאת עלה בתהו. הגבור הנודע לתהלה יוהן הוניאד, הנקרא בפי"/></TextLine><TextLine ID="r1l41" BASELINE="2248" HEIGHT="60" WIDTH="1345" VPOS="2188" HPOS="52"><String ID="string_r1l41" HEIGHT="60" WIDTH="1345" VPOS="2188" HPOS="52" CONTENT="התרכים יאנקו, לא לבד אשר הכריח חיל השלטן להקים המצור, אך גם עלה בראש"/></TextLine><TextLine ID="r1l42" BASELINE="2303" HEIGHT="63" WIDTH="1358" VPOS="2240" HPOS="43"><String ID="string_r1l42" HEIGHT="63" WIDTH="1358" VPOS="2240" HPOS="43" CONTENT="חיליו עד רכסי הרי הבאלקאן, עד אשר כרתו ברית שלום עמו בעיר סינידין בשנת "/></TextLine><TextLine ID="r1l43" BASELINE="2431" HEIGHT="62" WIDTH="1263" VPOS="2369" HPOS="40"><String ID="string_r1l43" HEIGHT="62" WIDTH="1263" VPOS="2369" HPOS="40" CONTENT="24) בדברו על האלבניא יספר ר' בנימין בספר מסעותיו: ....ואינם חזקים בדת הנוצרים,"/></TextLine><TextLine ID="r1l44" BASELINE="2477" HEIGHT="56" WIDTH="1344" VPOS="2421" HPOS="51"><String ID="string_r1l44" HEIGHT="56" WIDTH="1344" VPOS="2421" HPOS="51" CONTENT="וקוראים בניהם כשמות היהודים, ויש אומרים שהם יהודים היו, והיו קוראים ליהודים אחינו״."/></TextLine></TextBlock></PrintSpace></Page></Layout></alto>