<?xml version="1.0" encoding="UTF-8"?><alto xmlns:xsi="http://www.w3.org/2001/XMLSchema-instance" xmlns="http://www.loc.gov/standards/alto/ns-v2#" xmlns:page="http://schema.primaresearch.org/PAGE/gts/pagecontent/2013-07-15" xsi:schemaLocation="http://schema.primaresearch.org/PAGE/gts/pagecontent/2013-07-15 http://schema.primaresearch.org/PAGE/gts/pagecontent/2013-07-15/pagecontent.xsd http://www.loc.gov/standards/alto/ns-v2# http://www.loc.gov/standards/alto/alto-v2.0.xsd"><Description><MeasurementUnit>pixel</MeasurementUnit></Description><Layout><Page ID="Page1" PHYSICAL_IMG_NR="1" HEIGHT="2600" WIDTH="1668"><TopMargin HEIGHT="0" WIDTH="1668" VPOS="0" HPOS="0"/><LeftMargin HEIGHT="2600" WIDTH="0" VPOS="0" HPOS="0"/><RightMargin HEIGHT="2600" WIDTH="0" VPOS="0" HPOS="1668"/><BottomMargin HEIGHT="0" WIDTH="1668" VPOS="2600" HPOS="0"/><PrintSpace HEIGHT="2600" WIDTH="1668" VPOS="0" HPOS="0"><TextBlock ID="r1" HEIGHT="2333" WIDTH="1365" VPOS="163" HPOS="129"><Shape><Polygon POINTS="129,163 129,2496 1494,2496 1494,163"/></Shape><TextLine ID="r1l2" BASELINE="213" HEIGHT="50" WIDTH="587" VPOS="163" HPOS="512"><String ID="string_r1l2" HEIGHT="50" WIDTH="587" VPOS="163" HPOS="512" CONTENT="היהודים תחת ממשלת שולטן מחמד ב׳"/></TextLine><TextLine ID="r1l1" BASELINE="208" HEIGHT="44" WIDTH="72" VPOS="164" HPOS="139"><String ID="string_r1l1" HEIGHT="44" WIDTH="72" VPOS="164" HPOS="139" CONTENT="33"/></TextLine><TextLine ID="r1l3" BASELINE="331" HEIGHT="60" WIDTH="1355" VPOS="271" HPOS="137"><String ID="string_r1l3" HEIGHT="60" WIDTH="1355" VPOS="271" HPOS="137" CONTENT="היה הקראי ר׳ כלב אבא אפונדופולו, אשר הריץ אליו מכתבים רבים ובין יתר דבריו"/></TextLine><TextLine ID="r1l4" BASELINE="382" HEIGHT="51" WIDTH="1348" VPOS="331" HPOS="140"><String ID="string_r1l4" HEIGHT="51" WIDTH="1348" VPOS="331" HPOS="140" CONTENT="כתב אליו: „הנחצב מאדומים, המבזה חכמים, אשר עזב ארחות יושר, ונתיבות עושר,"/></TextLine><TextLine ID="r1l5" BASELINE="444" HEIGHT="66" WIDTH="1348" VPOS="378" HPOS="142"><String ID="string_r1l5" HEIGHT="66" WIDTH="1348" VPOS="378" HPOS="142" CONTENT="והלך בדרכי חשך, כנחש הנושך, הסר עקשות פה ממך ולזות שפתיך, כי בז לרעהו"/></TextLine><TextLine ID="r1l6" BASELINE="496" HEIGHT="62" WIDTH="1356" VPOS="434" HPOS="137"><String ID="string_r1l6" HEIGHT="62" WIDTH="1356" VPOS="434" HPOS="137" CONTENT="חסר לב למורהו, והסר מרע רגליך, ואל תפצה פיך על אדונך, הרחק מעליך דרכך,"/></TextLine><TextLine ID="r1l7" BASELINE="552" HEIGHT="74" WIDTH="1368" VPOS="478" HPOS="135"><String ID="string_r1l7" HEIGHT="74" WIDTH="1368" VPOS="478" HPOS="135" CONTENT="פן אהדפך ממצבך ... ואל תתהלל בשקריך אשר כתבת בכתביך, יהללך זר ולא פיך,"/></TextLine><TextLine ID="r1l8" BASELINE="607" HEIGHT="60" WIDTH="1346" VPOS="547" HPOS="145"><String ID="string_r1l8" HEIGHT="60" WIDTH="1346" VPOS="547" HPOS="145" CONTENT="נכרי ואל שפתיך, אשכילך ואורך בדרך זו תלך, איעצך ואל תבזה החכמים, וכל שכן"/></TextLine><TextLine ID="r1l9" BASELINE="660" HEIGHT="55" WIDTH="334" VPOS="605" HPOS="1157"><String ID="string_r1l9" HEIGHT="55" WIDTH="334" VPOS="605" HPOS="1157" CONTENT="הגדולים הרמים״ 29)."/></TextLine><TextLine ID="r1l10" BASELINE="715" HEIGHT="57" WIDTH="1248" VPOS="658" HPOS="141"><String ID="string_r1l10" HEIGHT="57" WIDTH="1248" VPOS="658" HPOS="141" CONTENT="תולדות חיי ר' משה קפוצטו היוני, אף כי נעלמו ממנו, בכל זאת נוכל"/></TextLine><TextLine ID="r1l11" BASELINE="766" HEIGHT="52" WIDTH="1355" VPOS="714" HPOS="136"><String ID="string_r1l11" HEIGHT="52" WIDTH="1355" VPOS="714" HPOS="136" CONTENT="לשער בצמצום ימי פעולתו, כי ר' מרדכי כומטיאנו השיג על ספריו בפירושו על התורה"/></TextLine><TextLine ID="r1l12" BASELINE="826" HEIGHT="55" WIDTH="1366" VPOS="771" HPOS="132"><String ID="string_r1l12" HEIGHT="55" WIDTH="1366" VPOS="771" HPOS="132" CONTENT="אשר כתב בשנת ר&#34;ך, ורבי כלב אפונדופולו, אשר כתב ספריו קרוב לשנת נז&#34;ר, הריץ"/></TextLine><TextLine ID="r1l13" BASELINE="881" HEIGHT="59" WIDTH="1354" VPOS="822" HPOS="137"><String ID="string_r1l13" HEIGHT="59" WIDTH="1354" VPOS="822" HPOS="137" CONTENT="אליו מכתבים. יוצא לנו מזה כי ימי פעולתו היו בין שנות רי&#34;ז-ר&#34;ן (1490-1457) על הרוב."/></TextLine><TextLine ID="r1l14" BASELINE="929" HEIGHT="55" WIDTH="1250" VPOS="874" HPOS="137"><String ID="string_r1l14" HEIGHT="55" WIDTH="1250" VPOS="874" HPOS="137" CONTENT="מרבני הדור ההוא היה בשלוניק ר' מנחם בן משה תמר, תלמידו של ר' שבתי"/></TextLine><TextLine ID="r1l15" BASELINE="985" HEIGHT="53" WIDTH="1356" VPOS="932" HPOS="128"><String ID="string_r1l15" HEIGHT="53" WIDTH="1356" VPOS="932" HPOS="128" CONTENT="הכהן, וכמוהו היה מעריץ את הרב אברהם בן עזרא וחבוריו וכמהו חבר פרושים על"/></TextLine><TextLine ID="r1l16" BASELINE="1036" HEIGHT="51" WIDTH="1354" VPOS="985" HPOS="135"><String ID="string_r1l16" HEIGHT="51" WIDTH="1354" VPOS="985" HPOS="135" CONTENT="חבוריו, ובפרושו מעיד על עצמו שלא בכחו ובעוצם ידיעותיו עשה את החיל הזה,"/></TextLine><TextLine ID="r1l17" BASELINE="1100" HEIGHT="60" WIDTH="1358" VPOS="1040" HPOS="133"><String ID="string_r1l17" HEIGHT="60" WIDTH="1358" VPOS="1040" HPOS="133" CONTENT="כי אם אשר שמע מר' שבתי הכהן באשר עמד לפניו וישרתהו. את ימי פעולותיו"/></TextLine><TextLine ID="r1l18" BASELINE="1153" HEIGHT="57" WIDTH="1368" VPOS="1096" HPOS="133"><String ID="string_r1l18" HEIGHT="57" WIDTH="1368" VPOS="1096" HPOS="133" CONTENT="נוכל לצמצם בין שנות רט&#34;ו —ר&#34;ם. חבוריו נמצאו בביבליותקא בעיר ליידן ונודעו"/></TextLine><TextLine ID="r1l19" BASELINE="1209" HEIGHT="56" WIDTH="1196" VPOS="1153" HPOS="304"><String ID="string_r1l19" HEIGHT="56" WIDTH="1196" VPOS="1153" HPOS="304" CONTENT="ברשימת הכ&#34;י ע&#34;י ר משה שטינשניידר (מעמוד 189 ולהלן), ואלה הם:"/></TextLine><TextLine ID="r1l20" BASELINE="1255" HEIGHT="50" WIDTH="582" VPOS="1205" HPOS="814"><String ID="string_r1l20" HEIGHT="50" WIDTH="582" VPOS="1205" HPOS="814" CONTENT="א) פירוש על הראב&#34;ע."/></TextLine><TextLine ID="r1l21" BASELINE="1313" HEIGHT="54" WIDTH="762" VPOS="1259" HPOS="626"><String ID="string_r1l21" HEIGHT="54" WIDTH="762" VPOS="1259" HPOS="626" CONTENT="ב) תנחומות אל, או חקי אזהרות."/></TextLine><TextLine ID="r1l22" BASELINE="1371" HEIGHT="53" WIDTH="1252" VPOS="1318" HPOS="132"><String ID="string_r1l22" HEIGHT="53" WIDTH="1252" VPOS="1318" HPOS="132" CONTENT="ובעיר הקרובה וראיה היתה עדה יהודית בפרק ההוא מימי קדם, עוד מימי"/></TextLine><TextLine ID="r1l23" BASELINE="1425" HEIGHT="61" WIDTH="1356" VPOS="1364" HPOS="134"><String ID="string_r1l23" HEIGHT="61" WIDTH="1356" VPOS="1364" HPOS="134" CONTENT="השליחים הנוצרים הראשונים, כנזכר בפעלי השליחים (פרק י'). בין הרבנים שהצטיינו"/></TextLine><TextLine ID="r1l24" BASELINE="1482" HEIGHT="63" WIDTH="1356" VPOS="1419" HPOS="132"><String ID="string_r1l24" HEIGHT="63" WIDTH="1356" VPOS="1419" HPOS="132" CONTENT="נודע שם ר' אפרים בן גרשון הרופא, דרשן נפלא שהלך מדי פעם בפעם לקושטנדינא"/></TextLine><TextLine ID="r1l25" BASELINE="1536" HEIGHT="61" WIDTH="1361" VPOS="1475" HPOS="134"><String ID="string_r1l25" HEIGHT="61" WIDTH="1361" VPOS="1475" HPOS="134" CONTENT="לראות את פני ר' מרדכי כומטיאנו, וכן לשלוניק, ושם הכיר את ר׳ שבתי בן מלכיאל"/></TextLine><TextLine ID="r1l26" BASELINE="1592" HEIGHT="58" WIDTH="1355" VPOS="1534" HPOS="132"><String ID="string_r1l26" HEIGHT="58" WIDTH="1355" VPOS="1534" HPOS="132" CONTENT="הכהן ולכבודו, או ברשותו, דרש דרוש אחד. אחרי כן העתיק מושבו לעיר אגריפון"/></TextLine><TextLine ID="r1l27" BASELINE="1643" HEIGHT="55" WIDTH="1364" VPOS="1588" HPOS="124"><String ID="string_r1l27" HEIGHT="55" WIDTH="1364" VPOS="1588" HPOS="124" CONTENT="על האי ניגרופונטי, ושם בלה שנותיו בראש העדה. דרשותיו שהטיף לבני עדתו נמצאות"/></TextLine><TextLine ID="r1l28" BASELINE="1704" HEIGHT="59" WIDTH="1366" VPOS="1645" HPOS="128"><String ID="string_r1l28" HEIGHT="59" WIDTH="1366" VPOS="1645" HPOS="128" CONTENT="עד היום, והוא הקבץ היותר ישן מדרשות רבני תוגרמה, ולקוטים מהן נתפרסמו ע&#34;י"/></TextLine><TextLine ID="r1l29" BASELINE="1762" HEIGHT="59" WIDTH="1363" VPOS="1703" HPOS="122"><String ID="string_r1l29" HEIGHT="59" WIDTH="1363" VPOS="1703" HPOS="122" CONTENT="החוקר ר' משה שטינשניידר ב„המזכיר״ (חוברת י&#34;ז עמוד קל&#34;ד-ה'). ובדור ההוא היה"/></TextLine><TextLine ID="r1l30" BASELINE="1819" HEIGHT="59" WIDTH="1353" VPOS="1760" HPOS="129"><String ID="string_r1l30" HEIGHT="59" WIDTH="1353" VPOS="1760" HPOS="129" CONTENT="בקושטנדינא ר' יוחנן אלימאן (אשכנזי), מקובל ומתפלסף כאחד, ובסוף ימיו התישב"/></TextLine><TextLine ID="r1l31" BASELINE="1873" HEIGHT="56" WIDTH="1353" VPOS="1817" HPOS="130"><String ID="string_r1l31" HEIGHT="56" WIDTH="1353" VPOS="1817" HPOS="130" CONTENT="באבריה ויהי שם למורה החכם הנוצרי דון פיקי דיל מיראגדולא (שלשלת הקבלה"/></TextLine><TextLine ID="r1l32" BASELINE="1929" HEIGHT="57" WIDTH="1361" VPOS="1872" HPOS="131"><String ID="string_r1l32" HEIGHT="57" WIDTH="1361" VPOS="1872" HPOS="131" CONTENT="דף לו ע&#34;א), והוא חבר פירוש על שיר השירים הנקרא „חשק שלמה&#34;. ובחופי הים בחצי"/></TextLine><TextLine ID="r1l33" BASELINE="1985" HEIGHT="58" WIDTH="1358" VPOS="1927" HPOS="128"><String ID="string_r1l33" HEIGHT="58" WIDTH="1358" VPOS="1927" HPOS="128" CONTENT="האי מוריאה נודע לתהלה הרב הנדיב ר׳ ישעיה מישיני (מעיר מיסינה) אשר תמך בידי"/></TextLine><TextLine ID="r1l34" BASELINE="2033" HEIGHT="52" WIDTH="1360" VPOS="1981" HPOS="130"><String ID="string_r1l34" HEIGHT="52" WIDTH="1360" VPOS="1981" HPOS="130" CONTENT="כל הנדורים הרבים אשר נכספה נפשם לעלות ארצה תוגרמה. עוד משנת רמ״א היה"/></TextLine><TextLine ID="r1l35" BASELINE="2099" HEIGHT="61" WIDTH="1358" VPOS="2038" HPOS="127"><String ID="string_r1l35" HEIGHT="61" WIDTH="1358" VPOS="2038" HPOS="127" CONTENT="לעינים לר' גדליה ן' יחיא מלישבון בלכתו לעיר הבירה ויבא עמו בהתחברות וידידות."/></TextLine><TextLine ID="r1l36" BASELINE="2153" HEIGHT="58" WIDTH="1354" VPOS="2095" HPOS="129"><String ID="string_r1l36" HEIGHT="58" WIDTH="1354" VPOS="2095" HPOS="129" CONTENT="„אחוה טבעית לטוב שכלך נשבע ליחיד בעולמו מוהר' גדליה ז&#34;ל נפטר באהבה רבה,"/></TextLine><TextLine ID="r1l37" BASELINE="2210" HEIGHT="57" WIDTH="1356" VPOS="2153" HPOS="128"><String ID="string_r1l37" HEIGHT="57" WIDTH="1356" VPOS="2153" HPOS="128" CONTENT="פירש ממך כאשר פירש מחייו״. — כן כתב לו באגרתו בן אחיו -והרב הזה מרבה להגיד כי שמעו"/></TextLine><TextLine ID="r1l38" BASELINE="2263" HEIGHT="53" WIDTH="1366" VPOS="2210" HPOS="120"><String ID="string_r1l38" HEIGHT="53" WIDTH="1366" VPOS="2210" HPOS="120" CONTENT="נודע כבר בספרד ופורטוגל בדבריו אלה: „שר וגדול כליל החכמה, יפי המעלה... לו שם"/></TextLine><TextLine ID="r1l39" BASELINE="2324" HEIGHT="59" WIDTH="1359" VPOS="2265" HPOS="126"><String ID="string_r1l39" HEIGHT="59" WIDTH="1359" VPOS="2265" HPOS="126" CONTENT="בתהלה, החכם הנעלה...גם לכבודך לא ידעתי (כנראה, לא נודעתי) רוממותך לא יכירני, גבוה"/></TextLine><TextLine ID="r1l40" BASELINE="2498" HEIGHT="62" WIDTH="836" VPOS="2436" HPOS="548"><String ID="string_r1l40" HEIGHT="62" WIDTH="836" VPOS="2436" HPOS="548" CONTENT="20) בביבליותקא בפטרסבורג קובץ כ&#34;י שונים סימן מ&#34;ה."/></TextLine></TextBlock></PrintSpace></Page></Layout></alto>