<?xml version="1.0" encoding="UTF-8"?><alto xmlns:xsi="http://www.w3.org/2001/XMLSchema-instance" xmlns="http://www.loc.gov/standards/alto/ns-v2#" xmlns:page="http://schema.primaresearch.org/PAGE/gts/pagecontent/2013-07-15" xsi:schemaLocation="http://schema.primaresearch.org/PAGE/gts/pagecontent/2013-07-15 http://schema.primaresearch.org/PAGE/gts/pagecontent/2013-07-15/pagecontent.xsd http://www.loc.gov/standards/alto/ns-v2# http://www.loc.gov/standards/alto/alto-v2.0.xsd"><Description><MeasurementUnit>pixel</MeasurementUnit></Description><Layout><Page ID="Page1" PHYSICAL_IMG_NR="1" HEIGHT="2605" WIDTH="1676"><TopMargin HEIGHT="0" WIDTH="1676" VPOS="0" HPOS="0"/><LeftMargin HEIGHT="2605" WIDTH="0" VPOS="0" HPOS="0"/><RightMargin HEIGHT="2605" WIDTH="0" VPOS="0" HPOS="1676"/><BottomMargin HEIGHT="0" WIDTH="1676" VPOS="2605" HPOS="0"/><PrintSpace HEIGHT="2605" WIDTH="1676" VPOS="0" HPOS="0"><TextBlock ID="r1" HEIGHT="2327" WIDTH="1361" VPOS="134" HPOS="30"><Shape><Polygon POINTS="30,134 30,2461 1391,2461 1391,134"/></Shape><TextLine ID="r1l1" BASELINE="175" HEIGHT="49" WIDTH="406" VPOS="126" HPOS="560"><String ID="string_r1l1" HEIGHT="49" WIDTH="406" VPOS="126" HPOS="560" CONTENT="דברי ימי ישראל בתוגרמה"/></TextLine><TextLine ID="r1l2" BASELINE="169" HEIGHT="40" WIDTH="83" VPOS="129" HPOS="54"><String ID="string_r1l2" HEIGHT="40" WIDTH="83" VPOS="129" HPOS="54" CONTENT="11"/></TextLine><TextLine ID="r1l3" BASELINE="294" HEIGHT="63" WIDTH="1342" VPOS="231" HPOS="55"><String ID="string_r1l3" HEIGHT="63" WIDTH="1342" VPOS="231" HPOS="55" CONTENT="אלוהיהם על פי חקיהם, וכי כתר התרכיה תגן עליהם נגד הרדיפות באשר הם"/></TextLine><TextLine ID="r1l4" BASELINE="346" HEIGHT="61" WIDTH="1345" VPOS="285" HPOS="54"><String ID="string_r1l4" HEIGHT="61" WIDTH="1345" VPOS="285" HPOS="54" CONTENT="יהודים״ 18). היהודים אשר לקחו חלק בחיל הצבא הצטינו תמיד באהבתם לארץ"/></TextLine><TextLine ID="r1l5" BASELINE="398" HEIGHT="47" WIDTH="483" VPOS="351" HPOS="914"><String ID="string_r1l5" HEIGHT="47" WIDTH="483" VPOS="351" HPOS="914" CONTENT="מולדתם ננד אויביהם מסביב."/></TextLine><TextLine ID="r1l6" BASELINE="460" HEIGHT="60" WIDTH="1239" VPOS="400" HPOS="53"><String ID="string_r1l6" HEIGHT="60" WIDTH="1239" VPOS="400" HPOS="53" CONTENT="בימי השלטן מוראד ב׳ נתקבלו בפעם הראשונה היהודים אשר נתגרשו מעמי,"/></TextLine><TextLine ID="r1l7" BASELINE="512" HEIGHT="58" WIDTH="1347" VPOS="454" HPOS="51"><String ID="string_r1l7" HEIGHT="58" WIDTH="1347" VPOS="454" HPOS="51" CONTENT="הנוצרים בתרכיה. כאשר נודע, נתן המלך הצרפתי קארלום ו׳ בעצם יום הכפורים משנת "/></TextLine><TextLine ID="r1l8" BASELINE="566" HEIGHT="61" WIDTH="1341" VPOS="505" HPOS="51"><String ID="string_r1l8" HEIGHT="61" WIDTH="1341" VPOS="505" HPOS="51" CONTENT="קנ&#34;ה (17 ספטמבר 1394) כתב דת לגרש כלה היהודים מארצותיו. חלק גדול"/></TextLine><TextLine ID="r1l9" BASELINE="623" HEIGHT="59" WIDTH="1347" VPOS="564" HPOS="51"><String ID="string_r1l9" HEIGHT="59" WIDTH="1347" VPOS="564" HPOS="51" CONTENT="מהם נדד לאשכנז, אחרים לספרד ואיטליה, אך גם אחדים מהם, אשר הגיע לאזניהם"/></TextLine><TextLine ID="r1l10" BASELINE="675" HEIGHT="57" WIDTH="1339" VPOS="618" HPOS="54"><String ID="string_r1l10" HEIGHT="57" WIDTH="1339" VPOS="618" HPOS="54" CONTENT="כל הטוב אשר ינחלו היהודים בתוגרמה, למרות כובד הדרך הגדול ותלאות הטלטול,"/></TextLine><TextLine ID="r1l11" BASELINE="729" HEIGHT="56" WIDTH="1346" VPOS="673" HPOS="53"><String ID="string_r1l11" HEIGHT="56" WIDTH="1346" VPOS="673" HPOS="53" CONTENT="הלכו הלוך ונסוע ממקום למקום עד הניעם למחוז חפצם, ויתישבו בעיר הבירה"/></TextLine><TextLine ID="r1l12" BASELINE="783" HEIGHT="54" WIDTH="1352" VPOS="729" HPOS="47"><String ID="string_r1l12" HEIGHT="54" WIDTH="1352" VPOS="729" HPOS="47" CONTENT="וביתר ערי המדינה 19). מלבד מגורשי צרפת באו קרוב לימים ההם גם יהודים מאשכנז"/></TextLine><TextLine ID="r1l13" BASELINE="839" HEIGHT="62" WIDTH="1342" VPOS="777" HPOS="55"><String ID="string_r1l13" HEIGHT="62" WIDTH="1342" VPOS="777" HPOS="55" CONTENT="ואיטליה במספר רב עד אשר האצילו מרוחם וממנהניהם על תושבי המקום מקדם"/></TextLine><TextLine ID="r1l14" BASELINE="876" HEIGHT="39" WIDTH="283" VPOS="837" HPOS="1113"><String ID="string_r1l14" HEIGHT="39" WIDTH="283" VPOS="837" HPOS="1113" CONTENT="בני רומאניא 20)."/></TextLine><TextLine ID="r1l15" BASELINE="941" HEIGHT="56" WIDTH="1244" VPOS="885" HPOS="40"><String ID="string_r1l15" HEIGHT="56" WIDTH="1244" VPOS="885" HPOS="40" CONTENT="בימים ההם היו רדיפות איומות נגד בני ישראל בחצי האי הפיראני,"/></TextLine><TextLine ID="r1l16" BASELINE="998" HEIGHT="54" WIDTH="1346" VPOS="944" HPOS="48"><String ID="string_r1l16" HEIGHT="54" WIDTH="1346" VPOS="944" HPOS="48" CONTENT="רדיפות שנמשכו כמאה שנה, אשר חיו בהן יהודי ספרד ופורטוגאל חיי צער,"/></TextLine><TextLine ID="r1l17" BASELINE="1052" HEIGHT="54" WIDTH="1336" VPOS="998" HPOS="53"><String ID="string_r1l17" HEIGHT="54" WIDTH="1336" VPOS="998" HPOS="53" CONTENT="באופן נורא מאד עד אשר גלאו נשוא, ועד אשר רבים הכרחו להשתמד, ואחרים יותר"/></TextLine><TextLine ID="r1l18" BASELINE="1108" HEIGHT="55" WIDTH="1354" VPOS="1053" HPOS="39"><String ID="string_r1l18" HEIGHT="55" WIDTH="1354" VPOS="1053" HPOS="39" CONTENT="חזקים באמונתם נסו לנפשם, בכל אשר מצאו, לחבל ספרד, אשר היה עוד בידי המורים,"/></TextLine><TextLine ID="r1l19" BASELINE="1167" HEIGHT="57" WIDTH="1345" VPOS="1110" HPOS="44"><String ID="string_r1l19" HEIGHT="57" WIDTH="1345" VPOS="1110" HPOS="44" CONTENT="לאיטליה, ואחרים לתוגרמה ולארץ יון, הנקראת בפי היהודים בעת ההיא רומאניא 21)."/></TextLine><TextLine ID="r1l20" BASELINE="1224" HEIGHT="55" WIDTH="1359" VPOS="1169" HPOS="37"><String ID="string_r1l20" HEIGHT="55" WIDTH="1359" VPOS="1169" HPOS="37" CONTENT="הספרדים, אף כי היו במספר מעט בראשונה, בכל זאת היו מראי הדרך לפני אחיהם,"/></TextLine><TextLine ID="r1l21" BASELINE="1272" HEIGHT="48" WIDTH="1361" VPOS="1224" HPOS="35"><String ID="string_r1l21" HEIGHT="48" WIDTH="1361" VPOS="1224" HPOS="35" CONTENT="שנמשכו אחריהם בעת הגדוש הכללי משנת רג&#34;ב-רנ&#34;ז (1497-1492) 22) והם כבשו את"/></TextLine><TextLine ID="r1l22" BASELINE="1334" HEIGHT="55" WIDTH="855" VPOS="1279" HPOS="539"><String ID="string_r1l22" HEIGHT="55" WIDTH="855" VPOS="1279" HPOS="539" CONTENT="הדרך לפניהם, והכינו מקום המקלט לבאים אחריהם."/></TextLine><TextLine ID="r1l23" BASELINE="1389" HEIGHT="54" WIDTH="1241" VPOS="1335" HPOS="45"><String ID="string_r1l23" HEIGHT="54" WIDTH="1241" VPOS="1335" HPOS="45" CONTENT="דבר שראוי לשים לב לתולדות היהודים יוצאי ספרד ופורטוגאל לארצות הקדם"/></TextLine><TextLine ID="r1l24" BASELINE="1443" HEIGHT="57" WIDTH="1352" VPOS="1386" HPOS="41"><String ID="string_r1l24" HEIGHT="57" WIDTH="1352" VPOS="1386" HPOS="41" CONTENT="הוא, כי מן הימים הראשונים להתחלת הרדיפות נגד היהודים בספרד כבר נסו אלה לבקש"/></TextLine><TextLine ID="r1l26" BASELINE="1567" HEIGHT="61" WIDTH="1259" VPOS="1506" HPOS="27"><String ID="string_r1l26" HEIGHT="61" WIDTH="1259" VPOS="1506" HPOS="27" CONTENT="18) גואירטה די אוסטוריה (גן הקורות) ע&#34;י שם טוב סימו, וינה שנה ראשונה ע&#34;פ"/></TextLine><TextLine ID="r1l27" BASELINE="1617" HEIGHT="56" WIDTH="1347" VPOS="1561" HPOS="42"><String ID="string_r1l27" HEIGHT="56" WIDTH="1347" VPOS="1561" HPOS="42" CONTENT="העתק׳ החבור Sultan Selim und die judische familie Benwenrspl. ר' גרשון"/></TextLine><TextLine ID="r1l28" BASELINE="1659" HEIGHT="53" WIDTH="1347" VPOS="1606" HPOS="44"><String ID="string_r1l28" HEIGHT="53" WIDTH="1347" VPOS="1606" HPOS="44" CONTENT="בונצינו מעיד על אביו ר' משה שנלחם בעיר פירט במערכות התוגרמים נגד הנוצרים, (ראה"/></TextLine><TextLine ID="r1l29" BASELINE="1710" HEIGHT="55" WIDTH="1349" VPOS="1655" HPOS="40"><String ID="string_r1l29" HEIGHT="55" WIDTH="1349" VPOS="1655" HPOS="40" CONTENT="להלן הערה 25); ר' משה די מדינה מספר, שהיהודים לקחו חלק במלחמת פרס וכבוש בגדד"/></TextLine><TextLine ID="r1l30" BASELINE="1755" HEIGHT="53" WIDTH="1354" VPOS="1702" HPOS="35"><String ID="string_r1l30" HEIGHT="53" WIDTH="1354" VPOS="1702" HPOS="35" CONTENT="בשנת רע&#34;ה, ומלבד הרופאים ר' משה המוך ור' דוד. ן׳ יחיא שמת במלחמה, היו גם יהודים"/></TextLine><TextLine ID="r1l31" BASELINE="1799" HEIGHT="52" WIDTH="1354" VPOS="1747" HPOS="31"><String ID="string_r1l31" HEIGHT="52" WIDTH="1354" VPOS="1747" HPOS="31" CONTENT="בתור אנשי צבא (רשד&#34;ם אה&#34;ע ס׳ נ-ה). ר' תם ן' יחיא יזכיר גם הוא היהודים שעלו"/></TextLine><TextLine ID="r1l32" BASELINE="1845" HEIGHT="49" WIDTH="1359" VPOS="1796" HPOS="35"><String ID="string_r1l32" HEIGHT="49" WIDTH="1359" VPOS="1796" HPOS="35" CONTENT="למלחמה בערך שנת ס׳: ראובן העיר איך בהיותו טרוד במלאכתו עבר ישמעאל אחד מפניו,"/></TextLine><TextLine ID="r1l33" BASELINE="1894" HEIGHT="54" WIDTH="1351" VPOS="1840" HPOS="43"><String ID="string_r1l33" HEIGHT="54" WIDTH="1351" VPOS="1840" HPOS="43" CONTENT="והישמעאל ההוא בא ממלחמה, ובהיותו מדבר עמו, שאל אליו ראובן ואמר לו: מה בשורה"/></TextLine><TextLine ID="r1l34" BASELINE="1942" HEIGHT="54" WIDTH="1351" VPOS="1888" HPOS="39"><String ID="string_r1l34" HEIGHT="54" WIDTH="1351" VPOS="1888" HPOS="39" CONTENT="מהיהודים שהלכו מקושטנדינה למלחמה?והשיב לו הישמעאל ההוא"/></TextLine><TextLine ID="r1l35" BASELINE="1990" HEIGHT="56" WIDTH="1351" VPOS="1934" HPOS="35"><String ID="string_r1l35" HEIGHT="56" WIDTH="1351" VPOS="1934" HPOS="35" CONTENT="ואמר לו: איני יודע שום דבר, אמנם שני יהודים מצאתי הרוגים, והם יהודה קארו ויהודה"/></TextLine><TextLine ID="r1l36" BASELINE="2040" HEIGHT="58" WIDTH="1356" VPOS="1982" HPOS="36"><String ID="string_r1l36" HEIGHT="58" WIDTH="1356" VPOS="1982" HPOS="36" CONTENT="גצ'ארן (תמת ישרים פ׳ קל&#34;ו). בשנת תס״ט נשאלה שאלה לפני הרב הקושטנדינאו ר' יצחק"/></TextLine><TextLine ID="r1l37" BASELINE="2081" HEIGHT="51" WIDTH="1357" VPOS="2030" HPOS="33"><String ID="string_r1l37" HEIGHT="51" WIDTH="1357" VPOS="2030" HPOS="33" CONTENT="בן דוד: „במעשה שבא לידי בראובן שהלך לוידין עם אנשי הצבא שהלכו להלחם במלכות"/></TextLine><TextLine ID="r1l38" BASELINE="2128" HEIGHT="44" WIDTH="554" VPOS="2084" HPOS="836"><String ID="string_r1l38" HEIGHT="44" WIDTH="554" VPOS="2084" HPOS="836" CONTENT="נמסיא (איסמריא)- (דברי אמת ס׳י)."/></TextLine><TextLine ID="r1l39" BASELINE="2180" HEIGHT="54" WIDTH="731" VPOS="2126" HPOS="547"><String ID="string_r1l39" HEIGHT="54" WIDTH="731" VPOS="2126" HPOS="547" CONTENT="19) ראה בסוף החלק הראשון הציון לבני צרפת."/></TextLine><TextLine ID="r1l40" BASELINE="2228" HEIGHT="54" WIDTH="1256" VPOS="2174" HPOS="26"><String ID="string_r1l40" HEIGHT="54" WIDTH="1256" VPOS="2174" HPOS="26" CONTENT="20) ...קהילות רומאניא הקדומים בעיר קושטאנדינה מיוסדים על פי אשכנז וצרפת, ולא"/></TextLine><TextLine ID="r1l41" BASELINE="2278" HEIGHT="62" WIDTH="1369" VPOS="2216" HPOS="22"><String ID="string_r1l41" HEIGHT="62" WIDTH="1369" VPOS="2216" HPOS="22" CONTENT="על פי חכמי טוליטולא וספרד, והספרדים נמשכו אחריהם (שו״ת מהר׳ יוסף ן׳ לב חלק ג׳ סי׳ פ״ז)."/></TextLine><TextLine ID="r1l42" BASELINE="2317" HEIGHT="52" WIDTH="1249" VPOS="2265" HPOS="30"><String ID="string_r1l42" HEIGHT="52" WIDTH="1249" VPOS="2265" HPOS="30" CONTENT="21) כאשר יאמרו היום כל אנשי ספרד אשר באו ממלכות ספרד למלכות רומאניא,"/></TextLine><TextLine ID="r1l43" BASELINE="2369" HEIGHT="60" WIDTH="1356" VPOS="2309" HPOS="27"><String ID="string_r1l43" HEIGHT="60" WIDTH="1356" VPOS="2309" HPOS="27" CONTENT="שארצם ומולדתם היא ספרד, אעפ&#34;י שארצם ומולדתם היא עיר אחת מערי ספרד (ר' אליהו"/></TextLine><TextLine ID="r1l44" BASELINE="2412" HEIGHT="48" WIDTH="662" VPOS="2364" HPOS="718"><String ID="string_r1l44" HEIGHT="48" WIDTH="662" VPOS="2364" HPOS="718" CONTENT="מזרחי, פירוש על התורה, בראשית כ&#34;ד ב')."/></TextLine><TextLine ID="r1l45" BASELINE="2463" HEIGHT="57" WIDTH="723" VPOS="2406" HPOS="551"><String ID="string_r1l45" HEIGHT="57" WIDTH="723" VPOS="2406" HPOS="551" CONTENT="22) ראה בסוף החלק הראשון הציון לבני ספרד."/></TextLine></TextBlock></PrintSpace></Page></Layout></alto>