<?xml version="1.0" encoding="UTF-8"?><alto xmlns:xsi="http://www.w3.org/2001/XMLSchema-instance" xmlns="http://www.loc.gov/standards/alto/ns-v2#" xmlns:page="http://schema.primaresearch.org/PAGE/gts/pagecontent/2013-07-15" xsi:schemaLocation="http://schema.primaresearch.org/PAGE/gts/pagecontent/2013-07-15 http://schema.primaresearch.org/PAGE/gts/pagecontent/2013-07-15/pagecontent.xsd http://www.loc.gov/standards/alto/ns-v2# http://www.loc.gov/standards/alto/alto-v2.0.xsd"><Description><MeasurementUnit>pixel</MeasurementUnit></Description><Layout><Page ID="Page1" PHYSICAL_IMG_NR="1" HEIGHT="2600" WIDTH="1668"><TopMargin HEIGHT="0" WIDTH="1668" VPOS="0" HPOS="0"/><LeftMargin HEIGHT="2600" WIDTH="0" VPOS="0" HPOS="0"/><RightMargin HEIGHT="2600" WIDTH="0" VPOS="0" HPOS="1668"/><BottomMargin HEIGHT="0" WIDTH="1668" VPOS="2600" HPOS="0"/><PrintSpace HEIGHT="2600" WIDTH="1668" VPOS="0" HPOS="0"><TextBlock ID="r1" HEIGHT="2333" WIDTH="1357" VPOS="126" HPOS="67"><Shape><Polygon POINTS="67,126 67,2459 1424,2459 1424,126"/></Shape><TextLine ID="r1l1" BASELINE="176" HEIGHT="51" WIDTH="587" VPOS="125" HPOS="479"><String ID="string_r1l1" HEIGHT="51" WIDTH="587" VPOS="125" HPOS="479" CONTENT="היהודים תחת ממשלת שלטן מחמד ב׳"/></TextLine><TextLine ID="r1l2" BASELINE="174" HEIGHT="53" WIDTH="72" VPOS="121" HPOS="81"><String ID="string_r1l2" HEIGHT="53" WIDTH="72" VPOS="121" HPOS="81" CONTENT="41"/></TextLine><TextLine ID="r1l4" BASELINE="296" HEIGHT="68" WIDTH="1343" VPOS="228" HPOS="86"><String ID="string_r1l4" HEIGHT="68" WIDTH="1343" VPOS="228" HPOS="86" CONTENT="להם כטוב בעיניך, כי ידעתיך בשם וגם מצאת חן בעיני. וישתחו למלך על אפיו ארצה."/></TextLine><TextLine ID="r1l5" BASELINE="351" HEIGHT="59" WIDTH="1349" VPOS="292" HPOS="82"><String ID="string_r1l5" HEIGHT="59" WIDTH="1349" VPOS="292" HPOS="82" CONTENT="הרצים יצאו בדבר המלך והדת נתנה בקוסטדינא, והעיר קוסטדינא נבוכה. ויצו הרב"/></TextLine><TextLine ID="r1l6" BASELINE="405" HEIGHT="66" WIDTH="1348" VPOS="339" HPOS="78"><String ID="string_r1l6" HEIGHT="66" WIDTH="1348" VPOS="339" HPOS="78" CONTENT="לרצים הנצבים לפניו מעבדי המלך: הביאו לפני פלוני ופלוני. ויאסור לעיניהם כל"/></TextLine><TextLine ID="r1l7" BASELINE="455" HEIGHT="51" WIDTH="1340" VPOS="404" HPOS="85"><String ID="string_r1l7" HEIGHT="51" WIDTH="1340" VPOS="404" HPOS="85" CONTENT="הבחורים אשר היו מתחברים עם הייניצירי וסני שומענייהו, ויכום שם בחצר הרב מכה"/></TextLine><TextLine ID="r1l8" BASELINE="510" HEIGHT="53" WIDTH="1348" VPOS="457" HPOS="83"><String ID="string_r1l8" HEIGHT="53" WIDTH="1348" VPOS="457" HPOS="83" CONTENT="רבה מאד עד שהיה הדם שותת ארצה, ויפלו על ערש דוי ימים רבים. ותהי צעקה"/></TextLine><TextLine ID="r1l9" BASELINE="571" HEIGHT="65" WIDTH="1347" VPOS="506" HPOS="75"><String ID="string_r1l9" HEIGHT="65" WIDTH="1347" VPOS="506" HPOS="75" CONTENT="גדולה בקוסטדינא, כי היו קולות המוכים והנאנחים והנאנקים הולכים עד למרחוק, וכל"/></TextLine><TextLine ID="r1l10" BASELINE="625" HEIGHT="59" WIDTH="1335" VPOS="566" HPOS="88"><String ID="string_r1l10" HEIGHT="59" WIDTH="1335" VPOS="566" HPOS="88" CONTENT="קרוביהם צועקים במר ונצבים עליהם קרועי בגדים, אדוננו המלך הושיעה! וגם הייניצירי"/></TextLine><TextLine ID="r1l11" BASELINE="681" HEIGHT="60" WIDTH="1336" VPOS="621" HPOS="88"><String ID="string_r1l11" HEIGHT="60" WIDTH="1336" VPOS="621" HPOS="88" CONTENT="התחננו לפניו לבלתי יכם ולא שמע אליהם, ויך במשמניהם, על כן נטרו לרב איבה"/></TextLine><TextLine ID="r1l12" BASELINE="735" HEIGHT="53" WIDTH="713" VPOS="682" HPOS="710"><String ID="string_r1l12" HEIGHT="53" WIDTH="713" VPOS="682" HPOS="710" CONTENT="הייניצירי וישטמוהו מן היום ההוא והלאה 44)״."/></TextLine><TextLine ID="r1l13" BASELINE="790" HEIGHT="59" WIDTH="1250" VPOS="731" HPOS="71"><String ID="string_r1l13" HEIGHT="59" WIDTH="1250" VPOS="731" HPOS="71" CONTENT="הרופא היהודי יעקב-חיקים, אשר שרת לפני המלך עוד בימי אביו השלטן"/></TextLine><TextLine ID="r1l14" BASELINE="844" HEIGHT="57" WIDTH="1347" VPOS="787" HPOS="79"><String ID="string_r1l14" HEIGHT="57" WIDTH="1347" VPOS="787" HPOS="79" CONTENT="מוראד, מת לפי הנראה בימים ההם, או אולי במגפה. על כן הפקיד הרב משה קפסאלי"/></TextLine><TextLine ID="r1l15" BASELINE="896" HEIGHT="55" WIDTH="1344" VPOS="841" HPOS="73"><String ID="string_r1l15" HEIGHT="55" WIDTH="1344" VPOS="841" HPOS="73" CONTENT="אצלו רופא יהודי אחר לשרתו 45). מקרה יקר ונפלא יספר לנו ר' אליהו קפסאלי"/></TextLine><TextLine ID="r1l16" BASELINE="947" HEIGHT="52" WIDTH="1343" VPOS="895" HPOS="84"><String ID="string_r1l16" HEIGHT="52" WIDTH="1343" VPOS="895" HPOS="84" CONTENT="ברשימותיו, אשר ממנו נוכח לדעת עד כמה חפץ השלטן מחמד שימלאו רצונו, ועד כמה"/></TextLine><TextLine ID="r1l17" BASELINE="1000" HEIGHT="41" WIDTH="418" VPOS="959" HPOS="1008"><String ID="string_r1l17" HEIGHT="41" WIDTH="418" VPOS="959" HPOS="1008" CONTENT="היה מכבד עושה דברו:"/></TextLine><TextLine ID="r1l18" BASELINE="1064" HEIGHT="61" WIDTH="1255" VPOS="1003" HPOS="72"><String ID="string_r1l18" HEIGHT="61" WIDTH="1255" VPOS="1003" HPOS="72" CONTENT="46)... צוה המלך ויעבירו קול במחנה לאמר: איש לא יהא רשאי לצאת מפתח"/></TextLine><TextLine ID="r1l19" BASELINE="1119" HEIGHT="57" WIDTH="1350" VPOS="1062" HPOS="77"><String ID="string_r1l19" HEIGHT="57" WIDTH="1350" VPOS="1062" HPOS="77" CONTENT="ביתו החוצה משתי שעות הלילה ולמעלה (כמובן לפי החשבון בארצות הקדם, לאמר"/></TextLine><TextLine ID="r1l20" BASELINE="1173" HEIGHT="57" WIDTH="1355" VPOS="1116" HPOS="72"><String ID="string_r1l20" HEIGHT="57" WIDTH="1355" VPOS="1116" HPOS="72" CONTENT="משחשכה) ואפילו לקנות לחם או כל מאומה, וגם למוכרים צוה לאמר: לא ימכרו לשום"/></TextLine><TextLine ID="r1l21" BASELINE="1230" HEIGHT="57" WIDTH="1352" VPOS="1173" HPOS="67"><String ID="string_r1l21" HEIGHT="57" WIDTH="1352" VPOS="1173" HPOS="67" CONTENT="אדם בלילה דבר קטון או גדול... ויואל המלך לנסות את עבדיו ואת המוכרים, אם"/></TextLine><TextLine ID="r1l22" BASELINE="1286" HEIGHT="57" WIDTH="1360" VPOS="1229" HPOS="66"><String ID="string_r1l22" HEIGHT="57" WIDTH="1360" VPOS="1229" HPOS="66" CONTENT="עוברים על מצות המלך, ובנשף בערב יום באישון לילה ואפלה התחפש המלך וילבש"/></TextLine><TextLine ID="r1l23" BASELINE="1339" HEIGHT="54" WIDTH="1348" VPOS="1285" HPOS="77"><String ID="string_r1l23" HEIGHT="54" WIDTH="1348" VPOS="1285" HPOS="77" CONTENT="בגדים אחרים, וילך הוא ושני נשיו עמו. ויקר מקרהו ויבא על שער יהודית שהיתה"/></TextLine><TextLine ID="r1l24" BASELINE="1393" HEIGHT="56" WIDTH="1351" VPOS="1337" HPOS="81"><String ID="string_r1l24" HEIGHT="56" WIDTH="1351" VPOS="1337" HPOS="81" CONTENT="אושפזיכטת והיתה מוכרת יינות שמנים וסלתות, לא תחסר כל בה. ויבא המלך ואנשיו"/></TextLine><TextLine ID="r1l25" BASELINE="1447" HEIGHT="57" WIDTH="1361" VPOS="1390" HPOS="67"><String ID="string_r1l25" HEIGHT="57" WIDTH="1361" VPOS="1390" HPOS="67" CONTENT="אל האשה הלילה, ויסובו על הבית, מתדפקים על הדלת, ויען המלך ויאמר: פתחי לי,"/></TextLine><TextLine ID="r1l26" BASELINE="1499" HEIGHT="56" WIDTH="1350" VPOS="1443" HPOS="73"><String ID="string_r1l26" HEIGHT="56" WIDTH="1350" VPOS="1443" HPOS="73" CONTENT="אחותי רעיתי תמתי, שראשי נמלא טל קווצותי רסיסי לילה, השקיני מעט מים כי צמאתי,"/></TextLine><TextLine ID="r1l27" BASELINE="1555" HEIGHT="56" WIDTH="1356" VPOS="1499" HPOS="68"><String ID="string_r1l27" HEIGHT="56" WIDTH="1356" VPOS="1499" HPOS="68" CONTENT="מכרי כיום את לחמך לי. ותען האשה לאמר: לא אוכל לעבוד את מצות המלך והיא"/></TextLine><TextLine ID="r1l28" BASELINE="1606" HEIGHT="55" WIDTH="1346" VPOS="1551" HPOS="77"><String ID="string_r1l28" HEIGHT="55" WIDTH="1346" VPOS="1551" HPOS="77" CONTENT="לא תצלח. ויוסף המלך לדבר ויתחנן לה לאמר: דלתיך לאורח תפתחי, איש עני אנכי"/></TextLine><TextLine ID="r1l29" BASELINE="1666" HEIGHT="61" WIDTH="1355" VPOS="1605" HPOS="71"><String ID="string_r1l29" HEIGHT="61" WIDTH="1355" VPOS="1605" HPOS="71" CONTENT="ובביתי אין לחם ושמלה, כי עתה באתי מן השדה בערב... ספחני נא לחם ויין, באי"/></TextLine><TextLine ID="r1l30" BASELINE="1722" HEIGHT="57" WIDTH="1346" VPOS="1665" HPOS="73"><String ID="string_r1l30" HEIGHT="57" WIDTH="1346" VPOS="1665" HPOS="73" CONTENT="עשי כדברי אם נא מצאתי חן בעיניך. ותען האשה ותאמר: לך מעלי, ולמה אתה"/></TextLine><TextLine ID="r1l31" BASELINE="1779" HEIGHT="62" WIDTH="1360" VPOS="1717" HPOS="62"><String ID="string_r1l31" HEIGHT="62" WIDTH="1360" VPOS="1717" HPOS="62" CONTENT="מתנקש בנפשי להמיתני? ויוסף המלך לדבר: אם כן איפוא זאת עשי, פתחי החלון"/></TextLine><TextLine ID="r1l32" BASELINE="1834" HEIGHT="62" WIDTH="1364" VPOS="1772" HPOS="63"><String ID="string_r1l32" HEIGHT="62" WIDTH="1364" VPOS="1772" HPOS="63" CONTENT="קדמה וירי לי משם מעט לחם... הגמיאיני נא מן האדום האדום הזה, כי עיף"/></TextLine><TextLine ID="r1l33" BASELINE="1887" HEIGHT="53" WIDTH="1358" VPOS="1834" HPOS="69"><String ID="string_r1l33" HEIGHT="53" WIDTH="1358" VPOS="1834" HPOS="69" CONTENT="אנכי.. .ואני אתן את שכרך. כמו פתן חרש יאטם אזנו, אטמה אזנה משמוע. ותרם"/></TextLine><TextLine ID="r1l34" BASELINE="2038" HEIGHT="65" WIDTH="1266" VPOS="1973" HPOS="60"><String ID="string_r1l34" HEIGHT="65" WIDTH="1266" VPOS="1973" HPOS="60" CONTENT="44) רבי אליהו הנ&#34;ל פרק י&#34;ז ובנדפס דף ט&#34;י, גם בכרוניקה יהודית ספרדית הנקראה"/></TextLine><TextLine ID="r1l35" BASELINE="2082" HEIGHT="56" WIDTH="1346" VPOS="2026" HPOS="69"><String ID="string_r1l35" HEIGHT="56" WIDTH="1346" VPOS="2026" HPOS="69" CONTENT="בשם: ספור מלכי העותמאנג&#34;יק, יסופר כדברים האלה: „בימים ההם בר מינן היתה מגפה אשר"/></TextLine><TextLine ID="r1l36" BASELINE="2131" HEIGHT="58" WIDTH="1347" VPOS="2073" HPOS="69"><String ID="string_r1l36" HEIGHT="58" WIDTH="1347" VPOS="2073" HPOS="69" CONTENT="לא היתה כמוה בעולם. ויתעצב המלך מראות כי כלתה ארצו. שלח לקרא חכמיו וישאל מאתם"/></TextLine><TextLine ID="r1l37" BASELINE="2178" HEIGHT="56" WIDTH="1355" VPOS="2122" HPOS="61"><String ID="string_r1l37" HEIGHT="56" WIDTH="1355" VPOS="2122" HPOS="61" CONTENT="באיזה חטא הביא עלינו האלהים הדבר הזה באף גדול? ולא ידעו להשיב דבר בעת ההיא."/></TextLine><TextLine ID="r1l38" BASELINE="2226" HEIGHT="56" WIDTH="1356" VPOS="2170" HPOS="65"><String ID="string_r1l38" HEIGHT="56" WIDTH="1356" VPOS="2170" HPOS="65" CONTENT="שלח לקרא לאדון הרב וישאל מאתו, ויענה הרב כפי דת משה רבנו עליו השלום: בעבור הזנות"/></TextLine><TextLine ID="r1l39" BASELINE="2278" HEIGHT="50" WIDTH="1355" VPOS="2228" HPOS="63"><String ID="string_r1l39" HEIGHT="50" WIDTH="1355" VPOS="2228" HPOS="63" CONTENT="באה המגפה הזאת. וייטב בעיני המלך תשובת הרב, ותכף עשה חקירה, ויבדוק הרבה וימצא"/></TextLine><TextLine ID="r1l40" BASELINE="2322" HEIGHT="51" WIDTH="1360" VPOS="2271" HPOS="63"><String ID="string_r1l40" HEIGHT="51" WIDTH="1360" VPOS="2271" HPOS="63" CONTENT="זנות הרבה, וימת מן הייניטשירים הרב רב, וגם הרב יסר ברשעי ישראל יסורים קשים, ובכן"/></TextLine><TextLine ID="r1l41" BASELINE="2362" HEIGHT="48" WIDTH="470" VPOS="2314" HPOS="949"><String ID="string_r1l41" HEIGHT="48" WIDTH="470" VPOS="2314" HPOS="949" CONTENT="חמל האלהים ויעצר המגפה&#34;."/></TextLine><TextLine ID="r1l42" BASELINE="2419" HEIGHT="59" WIDTH="1254" VPOS="2360" HPOS="59"><String ID="string_r1l42" HEIGHT="59" WIDTH="1254" VPOS="2360" HPOS="59" CONTENT="45) ספור מלכי העותמנג'יק הנ&#34;ל, הובא במכע״ת יוסף דעת ע&#34;י ר׳ אברהם דאנון דף קפ&#34;ו."/></TextLine><TextLine ID="r1l43" BASELINE="2467" HEIGHT="59" WIDTH="792" VPOS="2408" HPOS="529"><String ID="string_r1l43" HEIGHT="59" WIDTH="792" VPOS="2408" HPOS="529" CONTENT="46) רבי אליהו הנ&#34;ל פרק י&#34;ט ובנדפס דף מ&#34;ב-מ&#34;ד."/></TextLine></TextBlock></PrintSpace></Page></Layout></alto>