<?xml version="1.0" encoding="UTF-8"?><alto xmlns:xsi="http://www.w3.org/2001/XMLSchema-instance" xmlns="http://www.loc.gov/standards/alto/ns-v2#" xmlns:page="http://schema.primaresearch.org/PAGE/gts/pagecontent/2013-07-15" xsi:schemaLocation="http://schema.primaresearch.org/PAGE/gts/pagecontent/2013-07-15 http://schema.primaresearch.org/PAGE/gts/pagecontent/2013-07-15/pagecontent.xsd http://www.loc.gov/standards/alto/ns-v2# http://www.loc.gov/standards/alto/alto-v2.0.xsd"><Description><MeasurementUnit>pixel</MeasurementUnit></Description><Layout><Page ID="Page1" PHYSICAL_IMG_NR="1" HEIGHT="2607" WIDTH="1707"><TopMargin HEIGHT="0" WIDTH="1707" VPOS="0" HPOS="0"/><LeftMargin HEIGHT="2607" WIDTH="0" VPOS="0" HPOS="0"/><RightMargin HEIGHT="2607" WIDTH="0" VPOS="0" HPOS="1707"/><BottomMargin HEIGHT="0" WIDTH="1707" VPOS="2607" HPOS="0"/><PrintSpace HEIGHT="2607" WIDTH="1707" VPOS="0" HPOS="0"><TextBlock ID="r1" HEIGHT="2299" WIDTH="1382" VPOS="145" HPOS="182"><Shape><Polygon POINTS="182,145 182,2444 1564,2444 1564,145"/></Shape><TextLine ID="line_1553523763880_76" BASELINE="182" HEIGHT="42" WIDTH="82" VPOS="140" HPOS="1456"><String ID="string_line_1553523763880_76" HEIGHT="42" WIDTH="82" VPOS="140" HPOS="1456" CONTENT="18"/></TextLine><TextLine ID="r1l1" BASELINE="178" HEIGHT="44" WIDTH="406" VPOS="134" HPOS="646"><String ID="string_r1l1" HEIGHT="44" WIDTH="406" VPOS="134" HPOS="646" CONTENT="דברי ימי ישראל בתורגמה"/></TextLine><TextLine ID="line_1553523789134_90" BASELINE="293" HEIGHT="53" WIDTH="1336" VPOS="240" HPOS="198"><String ID="string_line_1553523789134_90" HEIGHT="53" WIDTH="1336" VPOS="240" HPOS="198" CONTENT="אשר נספחו לתוגרמה נשארו רובם בערי מולדתם, אך מקצתם נדדו לעיר הבירה"/></TextLine><TextLine ID="r1l7" BASELINE="352" HEIGHT="54" WIDTH="253" VPOS="298" HPOS="1279"><String ID="string_r1l7" HEIGHT="54" WIDTH="253" VPOS="298" HPOS="1279" CONTENT="ולשאלוניק 33)."/></TextLine><TextLine ID="r1l8" BASELINE="403" HEIGHT="53" WIDTH="1230" VPOS="350" HPOS="192"><String ID="string_r1l8" HEIGHT="53" WIDTH="1230" VPOS="350" HPOS="192" CONTENT="„ויהי מימים ביום החמישי לשבוע, עשרה ימים לחדש הנקרא אצלם מוחרם"/></TextLine><TextLine ID="r1l9" BASELINE="460" HEIGHT="55" WIDTH="1392" VPOS="405" HPOS="181"><String ID="string_r1l9" HEIGHT="55" WIDTH="1392" VPOS="405" HPOS="181" CONTENT="בראש שנת תתנ&#34;ה שנים למספרם, היא שנת ה' רי״א למספר בני ישראל, וימת המלך34)"/></TextLine><TextLine ID="r1l10" BASELINE="516" HEIGHT="57" WIDTH="1012" VPOS="459" HPOS="514"><String ID="string_r1l10" HEIGHT="57" WIDTH="1012" VPOS="459" HPOS="514" CONTENT="(שלטן מוראד ב'), בעובו הכתר לבנו יורש העצר שלטן מחמד&#34;."/></TextLine><TextLine ID="r1l11" BASELINE="2210" HEIGHT="56" WIDTH="1240" VPOS="2154" HPOS="174"><String ID="string_r1l11" HEIGHT="56" WIDTH="1240" VPOS="2154" HPOS="174" CONTENT="33) בפטרץ (פאטראם) ישבו היהודים עוד מן המאה התשיעית למספרם והיו עוסקים"/></TextLine><TextLine ID="r1l12" BASELINE="2256" HEIGHT="55" WIDTH="1329" VPOS="2201" HPOS="184"><String ID="string_r1l12" HEIGHT="55" WIDTH="1329" VPOS="2201" HPOS="184" CONTENT="בגדול תולעי משי. שם המדינה מוריאה (morea), הוא שמם של עצי תות לגדול תולעי"/></TextLine><TextLine ID="r1l13" BASELINE="2300" HEIGHT="45" WIDTH="1346" VPOS="2255" HPOS="175"><String ID="string_r1l13" HEIGHT="45" WIDTH="1346" VPOS="2255" HPOS="175" CONTENT="המשי. כן כתב הסופר היוני Niceros; הנשיא Rocer מאי ציציליא יסד שם מדינה חפשית"/></TextLine><TextLine ID="r1l14" BASELINE="2347" HEIGHT="52" WIDTH="1347" VPOS="2295" HPOS="176"><String ID="string_r1l14" HEIGHT="52" WIDTH="1347" VPOS="2295" HPOS="176" CONTENT="ובצלו חסו היהודים משנת 1147. הנוסע בנימין מטודילא מצא שם בשנת 1187 עדה יהודית."/></TextLine><TextLine ID="r1l15" BASELINE="2395" HEIGHT="52" WIDTH="1240" VPOS="2343" HPOS="172"><String ID="string_r1l15" HEIGHT="52" WIDTH="1240" VPOS="2343" HPOS="172" CONTENT="34) שו״ת מהרש״דם (חשן משפט שאלה שס&#34;ד הנ&#34;ל). כל המספרים הנזכרים בשאלה"/></TextLine><TextLine ID="r1l16" BASELINE="2448" HEIGHT="59" WIDTH="1248" VPOS="2389" HPOS="266"><String ID="string_r1l16" HEIGHT="59" WIDTH="1248" VPOS="2389" HPOS="266" CONTENT="הזאת הם בדיוק עצום ויתאימו עם דברי הימים למלכי העשמאנים והמקורים הלועזים."/></TextLine></TextBlock></PrintSpace></Page></Layout></alto>