<?xml version="1.0" encoding="UTF-8"?><alto xmlns:xsi="http://www.w3.org/2001/XMLSchema-instance" xmlns="http://www.loc.gov/standards/alto/ns-v2#" xmlns:page="http://schema.primaresearch.org/PAGE/gts/pagecontent/2013-07-15" xsi:schemaLocation="http://schema.primaresearch.org/PAGE/gts/pagecontent/2013-07-15 http://schema.primaresearch.org/PAGE/gts/pagecontent/2013-07-15/pagecontent.xsd http://www.loc.gov/standards/alto/ns-v2# http://www.loc.gov/standards/alto/alto-v2.0.xsd"><Description><MeasurementUnit>pixel</MeasurementUnit></Description><Layout><Page ID="Page1" PHYSICAL_IMG_NR="1" HEIGHT="2601" WIDTH="1698"><TopMargin HEIGHT="0" WIDTH="1698" VPOS="0" HPOS="0"/><LeftMargin HEIGHT="2601" WIDTH="0" VPOS="0" HPOS="0"/><RightMargin HEIGHT="2601" WIDTH="0" VPOS="0" HPOS="1698"/><BottomMargin HEIGHT="0" WIDTH="1698" VPOS="2601" HPOS="0"/><PrintSpace HEIGHT="2601" WIDTH="1698" VPOS="0" HPOS="0"><TextBlock ID="r1" HEIGHT="2324" WIDTH="1362" VPOS="149" HPOS="165"><Shape><Polygon POINTS="165,149 165,2473 1527,2473 1527,149"/></Shape><TextLine ID="r1l2" BASELINE="198" HEIGHT="43" WIDTH="65" VPOS="155" HPOS="1464"><String ID="string_r1l2" HEIGHT="43" WIDTH="65" VPOS="155" HPOS="1464" CONTENT="36"/></TextLine><TextLine ID="r1l1" BASELINE="187" HEIGHT="44" WIDTH="408" VPOS="143" HPOS="652"><String ID="string_r1l1" HEIGHT="44" WIDTH="408" VPOS="143" HPOS="652" CONTENT="דברי ימי ישראל בתורגמה"/></TextLine><TextLine ID="r1l4" BASELINE="309" HEIGHT="58" WIDTH="1255" VPOS="251" HPOS="184"><String ID="string_r1l4" HEIGHT="58" WIDTH="1255" VPOS="251" HPOS="184" CONTENT="השלטן מחמד אחרי שובו מהכות את איש חרמו אוזון חאסאן, אסף אנשי"/></TextLine><TextLine ID="r1l5" BASELINE="360" HEIGHT="58" WIDTH="1355" VPOS="302" HPOS="180"><String ID="string_r1l5" HEIGHT="58" WIDTH="1355" VPOS="302" HPOS="180" CONTENT="חיל במספר מאתים וחמשים אלף, ובראשם עבר את נהר דאנוב עד וידין ויעבר אל"/></TextLine><TextLine ID="r1l6" BASELINE="412" HEIGHT="57" WIDTH="1344" VPOS="355" HPOS="186"><String ID="string_r1l6" HEIGHT="57" WIDTH="1344" VPOS="355" HPOS="186" CONTENT="ולאכיה מנגד לעיר הזאת. ויהי כאשר נודע הדבר לולאד, אשר לא יכול להתנגד"/></TextLine><TextLine ID="r1l7" BASELINE="467" HEIGHT="58" WIDTH="1339" VPOS="409" HPOS="187"><String ID="string_r1l7" HEIGHT="58" WIDTH="1339" VPOS="409" HPOS="187" CONTENT="לחילות האלה. וימלט להונגריה בעזבו הארץ בידי התרכים, אשר באו אל עיר הבירה"/></TextLine><TextLine ID="r1l8" BASELINE="525" HEIGHT="57" WIDTH="1349" VPOS="468" HPOS="184"><String ID="string_r1l8" HEIGHT="57" WIDTH="1349" VPOS="468" HPOS="184" CONTENT="בוקארישט בתחילת שנת רכ״ג (ספטמבר 1462), ואחרי אשר שמו משטר וסדרים"/></TextLine><TextLine ID="r1l9" BASELINE="580" HEIGHT="60" WIDTH="1354" VPOS="520" HPOS="180"><String ID="string_r1l9" HEIGHT="60" WIDTH="1354" VPOS="520" HPOS="180" CONTENT="בארץ, ספחו את ולאכיה לממשלה כאחת המחוזות, ויפקידו את הנסיך רודולף ג׳"/></TextLine><TextLine ID="r1l10" BASELINE="634" HEIGHT="58" WIDTH="1347" VPOS="576" HPOS="183"><String ID="string_r1l10" HEIGHT="58" WIDTH="1347" VPOS="576" HPOS="183" CONTENT="למושל. הנסיך ולאד מצדו, אשר נמלט להונגריאה, נתפס חי ויאסר בעיר בודון בעוד"/></TextLine><TextLine ID="r1l11" BASELINE="688" HEIGHT="57" WIDTH="1357" VPOS="631" HPOS="177"><String ID="string_r1l11" HEIGHT="57" WIDTH="1357" VPOS="631" HPOS="177" CONTENT="ארבע עשרה שנה. ובכן מלא שלטן מחמד את אשר דבר אל יהודי קושטנדינא, והיהודים"/></TextLine><TextLine ID="r1l12" BASELINE="743" HEIGHT="47" WIDTH="425" VPOS="696" HPOS="1103"><String ID="string_r1l12" HEIGHT="47" WIDTH="425" VPOS="696" HPOS="1103" CONTENT="ראו נקם באויבם בנפש !"/></TextLine><TextLine ID="r1l13" BASELINE="802" HEIGHT="53" WIDTH="1255" VPOS="749" HPOS="169"><String ID="string_r1l13" HEIGHT="53" WIDTH="1255" VPOS="749" HPOS="169" CONTENT="בימים ההם היה עוד באשכנז ההגמון הפרנסיסקאני יוהן קאפיסטראנו"/></TextLine><TextLine ID="r1l14" BASELINE="859" HEIGHT="59" WIDTH="1352" VPOS="800" HPOS="165"><String ID="string_r1l14" HEIGHT="59" WIDTH="1352" VPOS="800" HPOS="165" CONTENT="שונא היהודים ורודפם. הוא החל מחדש להלהיב את המון העם בשליזיה נגד היהודים,"/></TextLine><TextLine ID="r1l15" BASELINE="912" HEIGHT="57" WIDTH="1356" VPOS="855" HPOS="166"><String ID="string_r1l15" HEIGHT="57" WIDTH="1356" VPOS="855" HPOS="166" CONTENT="ודבריו היו גם למלך לאדיסלאו מביהם לגרש היהודים מארצו. וכאשר לא"/></TextLine><TextLine ID="r1l16" BASELINE="969" HEIGHT="59" WIDTH="1351" VPOS="910" HPOS="170"><String ID="string_r1l16" HEIGHT="59" WIDTH="1351" VPOS="910" HPOS="170" CONTENT="יכל להוציא מגמתו מכח אל הפועל, כי המלך הזה לא נאות לעשות כחפצו, נסע עוכר"/></TextLine><TextLine ID="r1l17" BASELINE="1019" HEIGHT="54" WIDTH="1354" VPOS="965" HPOS="179"><String ID="string_r1l17" HEIGHT="54" WIDTH="1354" VPOS="965" HPOS="179" CONTENT="ישראל זה לבאואריה, ופה נסה לדבר על לב המלך לודויג העשירי, אשר"/></TextLine><TextLine ID="r1l18" BASELINE="1070" HEIGHT="56" WIDTH="1358" VPOS="1014" HPOS="169"><String ID="string_r1l18" HEIGHT="56" WIDTH="1358" VPOS="1014" HPOS="169" CONTENT="היה מטבעו שונא היהודים, ויגרשם כלה מארצו בשנת ר&#34;ל (1470). האמללים האלה"/></TextLine><TextLine ID="r1l19" BASELINE="1129" HEIGHT="57" WIDTH="1352" VPOS="1072" HPOS="180"><String ID="string_r1l19" HEIGHT="57" WIDTH="1352" VPOS="1072" HPOS="180" CONTENT="נדדו לארצות הדרום, לאיטליא, אף גם נתקבלו בארץ תוגרמה ע&#34;י מושלי מחוז נהר"/></TextLine><TextLine ID="r1l20" BASELINE="1184" HEIGHT="54" WIDTH="958" VPOS="1130" HPOS="564"><String ID="string_r1l20" HEIGHT="54" WIDTH="958" VPOS="1130" HPOS="564" CONTENT="דאנוב בצפון הממשלה ומושלי מחוזות הים בדרום הארץ 32)."/></TextLine><TextLine ID="r1l21" BASELINE="1236" HEIGHT="55" WIDTH="1243" VPOS="1181" HPOS="174"><String ID="string_r1l21" HEIGHT="55" WIDTH="1243" VPOS="1181" HPOS="174" CONTENT="האשכנזים יסדו עדות נפרדות מיתר אחיהם בני דתם בערי הממשלה, בניקופול,"/></TextLine><TextLine ID="r1l22" BASELINE="1297" HEIGHT="57" WIDTH="1357" VPOS="1240" HPOS="164"><String ID="string_r1l22" HEIGHT="57" WIDTH="1357" VPOS="1240" HPOS="164" CONTENT="פליונה, סופיא, וידין וכן בעיר הבירה קושטנדינא, שאלוניק, אנדרינופלא, וסידרוקאפאצי 33)."/></TextLine><TextLine ID="r1l23" BASELINE="1353" HEIGHT="58" WIDTH="1352" VPOS="1295" HPOS="166"><String ID="string_r1l23" HEIGHT="58" WIDTH="1352" VPOS="1295" HPOS="166" CONTENT="ובהיותם משונים במלבושיהם ומנהגיהם ודרכי חייהם מיתר אחיהם תושבי הארץ מקדם"/></TextLine><TextLine ID="r1l24" BASELINE="1407" HEIGHT="55" WIDTH="1342" VPOS="1352" HPOS="180"><String ID="string_r1l24" HEIGHT="55" WIDTH="1342" VPOS="1352" HPOS="180" CONTENT="ואשר מקרוב באו, על כן ידבר על אודותם סופר אחד אשר חי בימים ההם כדברים"/></TextLine><TextLine ID="r1l25" BASELINE="1460" HEIGHT="53" WIDTH="1354" VPOS="1407" HPOS="170"><String ID="string_r1l25" HEIGHT="53" WIDTH="1354" VPOS="1407" HPOS="170" CONTENT="האלה: „ומפני שיראת אנשים מלומדה התלמודיים הבאים מאשכנז, שאוכלים השלשא"/></TextLine><TextLine ID="r1l26" BASELINE="1518" HEIGHT="55" WIDTH="1342" VPOS="1463" HPOS="174"><String ID="string_r1l26" HEIGHT="55" WIDTH="1342" VPOS="1463" HPOS="174" CONTENT="עם השומים ועולה במוחם, ומרעישים הקהלות עם הצציות והתפילין והלבושים הארוכים"/></TextLine><TextLine ID="r1l27" BASELINE="1577" HEIGHT="60" WIDTH="1352" VPOS="1517" HPOS="170"><String ID="string_r1l27" HEIGHT="60" WIDTH="1352" VPOS="1517" HPOS="170" CONTENT="עד רגליהם, ומלבוש הראש המקושט שהוא הקאפוצי נתון על שכמם, וזה כדי להראות"/></TextLine><TextLine ID="r1l28" BASELINE="1631" HEIGHT="57" WIDTH="487" VPOS="1574" HPOS="1049"><String ID="string_r1l28" HEIGHT="57" WIDTH="487" VPOS="1574" HPOS="1049" CONTENT="ולהפחיד המון האנשים״ 34)."/></TextLine><TextLine ID="r1l29" BASELINE="1686" HEIGHT="55" WIDTH="1245" VPOS="1631" HPOS="165"><String ID="string_r1l29" HEIGHT="55" WIDTH="1245" VPOS="1631" HPOS="165" CONTENT="קרוב לימים האלה נדדו לתוגרמה גם מבני הקראים מחצי האי קרים, מרוסיה"/></TextLine><TextLine ID="r1l30" BASELINE="1740" HEIGHT="56" WIDTH="1354" VPOS="1684" HPOS="164"><String ID="string_r1l30" HEIGHT="56" WIDTH="1354" VPOS="1684" HPOS="164" CONTENT="ופולוניה, אשר שמעו על כל הטוב אשר ינחלו היהודים בארץ הזאת, וביניהם נודעו לנו"/></TextLine><TextLine ID="r1l31" BASELINE="1863" HEIGHT="49" WIDTH="1341" VPOS="1814" HPOS="166"><String ID="string_r1l31" HEIGHT="49" WIDTH="1341" VPOS="1814" HPOS="166" CONTENT="ושם נאמר, כי הנסיך ולאד היה אומר כי רדיפותיו נגד היהודים והתרכים הן בסכת האמונה"/></TextLine><TextLine ID="r1l32" BASELINE="1911" HEIGHT="55" WIDTH="956" VPOS="1856" HPOS="549"><String ID="string_r1l32" HEIGHT="55" WIDTH="956" VPOS="1856" HPOS="549" CONTENT="ואלה דבריו: Tantum Religio Putvit Suadere malorynm "/></TextLine><TextLine ID="r1l33" BASELINE="1961" HEIGHT="57" WIDTH="1258" VPOS="1904" HPOS="157"><String ID="string_r1l33" HEIGHT="57" WIDTH="1258" VPOS="1904" HPOS="157" CONTENT="32)... אבל במקומות אלו שאין השרים מקפידין ומניחן לכל הבא מקצה הארץ"/></TextLine><TextLine ID="r1l34" BASELINE="2007" HEIGHT="46" WIDTH="1356" VPOS="1961" HPOS="156"><String ID="string_r1l34" HEIGHT="46" WIDTH="1356" VPOS="1961" HPOS="156" CONTENT="שיסתחר וירויח, כי גם בני מקומו מרויחין עמו... (המבי״ט. ר' משה מטראני, שו״ת"/></TextLine><TextLine ID="r1l35" BASELINE="2054" HEIGHT="55" WIDTH="302" VPOS="1999" HPOS="1210"><String ID="string_r1l35" HEIGHT="55" WIDTH="302" VPOS="1999" HPOS="1210" CONTENT="חלק א׳ סימן מ״ז)"/></TextLine><TextLine ID="r1l36" BASELINE="2104" HEIGHT="60" WIDTH="1252" VPOS="2044" HPOS="159"><String ID="string_r1l36" HEIGHT="60" WIDTH="1252" VPOS="2044" HPOS="159" CONTENT="33) מבני באואריה, שנתישבו בתוגרמה, נודעה לנו בפליונה משפחת ורנק ע&#34;י"/></TextLine><TextLine ID="r1l37" BASELINE="2152" HEIGHT="61" WIDTH="1347" VPOS="2091" HPOS="157"><String ID="string_r1l37" HEIGHT="61" WIDTH="1347" VPOS="2091" HPOS="157" CONTENT="שאלה אשר שאל רב העדה האשכנזית לר' יוסף קארו בשבתו על כסא ההוראה בניקופול,"/></TextLine><TextLine ID="r1l38" BASELINE="2196" HEIGHT="54" WIDTH="1341" VPOS="2142" HPOS="161"><String ID="string_r1l38" HEIGHT="54" WIDTH="1341" VPOS="2142" HPOS="161" CONTENT="ושם חתם שמו. הצעיר הטרוד נס&#34;ב משה ורנק בכמוהר&#34;ר זכריהו איש ורנק המכונה מר&#34;ל"/></TextLine><TextLine ID="r1l39" BASELINE="2241" HEIGHT="57" WIDTH="1346" VPOS="2184" HPOS="162"><String ID="string_r1l39" HEIGHT="57" WIDTH="1346" VPOS="2184" HPOS="162" CONTENT="מנטבל ורנק אשכנזי (אבקת רוכל סי׳ ע&#34;א). וידוע לכל כי העיר Frank היתה עיר ואם"/></TextLine><TextLine ID="r1l40" BASELINE="2289" HEIGHT="63" WIDTH="1339" VPOS="2226" HPOS="169"><String ID="string_r1l40" HEIGHT="63" WIDTH="1339" VPOS="2226" HPOS="169" CONTENT="בישראל בבאואריה. בסופיא היה רחוב צר וקטן ארבעים שנה לפני זמננו, וטרם נבנתה"/></TextLine><TextLine ID="r1l41" BASELINE="2337" HEIGHT="57" WIDTH="1340" VPOS="2280" HPOS="167"><String ID="string_r1l41" HEIGHT="57" WIDTH="1340" VPOS="2280" HPOS="167" CONTENT="העיר החדשה והמתוקנה, הנודע בשם „בראבאריאה&#34;, שהיא שבוש השם באואריה. וכן בשלוניק"/></TextLine><TextLine ID="r1l42" BASELINE="2389" HEIGHT="66" WIDTH="1340" VPOS="2323" HPOS="164"><String ID="string_r1l42" HEIGHT="66" WIDTH="1340" VPOS="2323" HPOS="164" CONTENT="נודע לנו בדורות החולפים בית תפלה או למצער ישיבה הנקראה בשם: ורנק או ורנקבורט"/></TextLine><TextLine ID="r1l43" BASELINE="2427" HEIGHT="53" WIDTH="703" VPOS="2374" HPOS="805"><String ID="string_r1l43" HEIGHT="53" WIDTH="703" VPOS="2374" HPOS="805" CONTENT="לעדה אשכנזית (קורא הדורות דף ל&#34;ב ע׳ א׳)."/></TextLine><TextLine ID="r1l44" BASELINE="2472" HEIGHT="55" WIDTH="576" VPOS="2417" HPOS="823"><String ID="string_r1l44" HEIGHT="55" WIDTH="576" VPOS="2417" HPOS="823" CONTENT="34) אליהו בשייצי בספרו אדרת אליהו."/></TextLine></TextBlock></PrintSpace></Page></Layout></alto>