<?xml version="1.0" encoding="UTF-8"?><alto xmlns:xsi="http://www.w3.org/2001/XMLSchema-instance" xmlns="http://www.loc.gov/standards/alto/ns-v2#" xmlns:page="http://schema.primaresearch.org/PAGE/gts/pagecontent/2013-07-15" xsi:schemaLocation="http://schema.primaresearch.org/PAGE/gts/pagecontent/2013-07-15 http://schema.primaresearch.org/PAGE/gts/pagecontent/2013-07-15/pagecontent.xsd http://www.loc.gov/standards/alto/ns-v2# http://www.loc.gov/standards/alto/alto-v2.0.xsd"><Description><MeasurementUnit>pixel</MeasurementUnit></Description><Layout><Page ID="Page1" PHYSICAL_IMG_NR="1" HEIGHT="2612" WIDTH="1687"><TopMargin HEIGHT="0" WIDTH="1687" VPOS="0" HPOS="0"/><LeftMargin HEIGHT="2612" WIDTH="0" VPOS="0" HPOS="0"/><RightMargin HEIGHT="2612" WIDTH="0" VPOS="0" HPOS="1687"/><BottomMargin HEIGHT="0" WIDTH="1687" VPOS="2612" HPOS="0"/><PrintSpace HEIGHT="2612" WIDTH="1687" VPOS="0" HPOS="0"><TextBlock ID="r1" HEIGHT="2325" WIDTH="1361" VPOS="143" HPOS="67"><Shape><Polygon POINTS="67,143 67,2468 1428,2468 1428,143"/></Shape><TextLine ID="r1l1" BASELINE="185" HEIGHT="51" WIDTH="492" VPOS="134" HPOS="538"><String ID="string_r1l1" HEIGHT="51" WIDTH="492" VPOS="134" HPOS="538" CONTENT="היהודים תחת ממשלת מחמד ב׳"/></TextLine><TextLine ID="r1l2" BASELINE="190" HEIGHT="42" WIDTH="82" VPOS="148" HPOS="86"><String ID="string_r1l2" HEIGHT="42" WIDTH="82" VPOS="148" HPOS="86" CONTENT="25"/></TextLine><TextLine ID="r1l4" BASELINE="302" HEIGHT="57" WIDTH="1339" VPOS="245" HPOS="89"><String ID="string_r1l4" HEIGHT="57" WIDTH="1339" VPOS="245" HPOS="89" CONTENT="ולא יטה אחרי השוחד, אהבו וכבדו ויצו וירכיבהו על סוסו ושלח משריו ומפרתמיו"/></TextLine><TextLine ID="r1l5" BASELINE="362" HEIGHT="61" WIDTH="1350" VPOS="301" HPOS="83"><String ID="string_r1l5" HEIGHT="61" WIDTH="1350" VPOS="301" HPOS="83" CONTENT="היושבים בשער המלך ולווהו עד פתח ביתו, ולא האמין המלך לשמועות אשר שמע"/></TextLine><TextLine ID="r1l6" BASELINE="410" HEIGHT="55" WIDTH="1339" VPOS="355" HPOS="92"><String ID="string_r1l6" HEIGHT="55" WIDTH="1339" VPOS="355" HPOS="92" CONTENT="עליו ויבא לנסותו בחידות. ויהי בימים הרבים ההם ויתחפש המלך וילבש בגדים אחרים"/></TextLine><TextLine ID="r1l7" BASELINE="471" HEIGHT="55" WIDTH="1346" VPOS="416" HPOS="91"><String ID="string_r1l7" HEIGHT="55" WIDTH="1346" VPOS="416" HPOS="91" CONTENT="וילך הוא ושני אנשים עמו ויבאו אל בית הרב, וירא והנה עם רב מהיהודים נצבים"/></TextLine><TextLine ID="r1l8" BASELINE="522" HEIGHT="53" WIDTH="1343" VPOS="469" HPOS="93"><String ID="string_r1l8" HEIGHT="53" WIDTH="1343" VPOS="469" HPOS="93" CONTENT="עליו, וישב משה לשפוט את העם. ויעמד העם על משה מן הבקר עד הערב. ויקר"/></TextLine><TextLine ID="r1l9" BASELINE="580" HEIGHT="60" WIDTH="1346" VPOS="520" HPOS="81"><String ID="string_r1l9" HEIGHT="60" WIDTH="1346" VPOS="520" HPOS="81" CONTENT="מקרהו ויבא בתוך הבאים איש עשיר מבני השועים והנכבדים ויהי לו דין ודברים"/></TextLine><TextLine ID="r1l10" BASELINE="631" HEIGHT="57" WIDTH="1339" VPOS="574" HPOS="87"><String ID="string_r1l10" HEIGHT="57" WIDTH="1339" VPOS="574" HPOS="87" CONTENT="עם איש עני ורש, והוא לבוש בגרים צואים, וידברו שניהם את דבריהם לפני הרב"/></TextLine><TextLine ID="r1l11" BASELINE="689" HEIGHT="62" WIDTH="1356" VPOS="627" HPOS="75"><String ID="string_r1l11" HEIGHT="62" WIDTH="1356" VPOS="627" HPOS="75" CONTENT="למשפט. וירא הרב כי הדין עם היהודי העני, ויצו אל העשיר להשיב את הגזלה."/></TextLine><TextLine ID="r1l12" BASELINE="744" HEIGHT="61" WIDTH="1349" VPOS="683" HPOS="74"><String ID="string_r1l12" HEIGHT="61" WIDTH="1349" VPOS="683" HPOS="74" CONTENT="ויחר לעשיר, וידם בקולו ויקרא נגד העני, ועשיר יענה עזות. ויחר למשה מאד ויקלל"/></TextLine><TextLine ID="r1l13" BASELINE="799" HEIGHT="60" WIDTH="1341" VPOS="739" HPOS="86"><String ID="string_r1l13" HEIGHT="60" WIDTH="1341" VPOS="739" HPOS="86" CONTENT="את העשיר ויחרפהו וירב אתו בחזקה ויגרש אותו מפניו בפנים זועפות ולא הלך"/></TextLine><TextLine ID="r1l14" BASELINE="851" HEIGHT="57" WIDTH="1344" VPOS="794" HPOS="83"><String ID="string_r1l14" HEIGHT="57" WIDTH="1344" VPOS="794" HPOS="83" CONTENT="מפניו עד שהשיב את הגזלה, וירא המלך את הדבר הזה, וידע כי חכמת אלהים"/></TextLine><TextLine ID="r1l15" BASELINE="903" HEIGHT="55" WIDTH="1347" VPOS="848" HPOS="85"><String ID="string_r1l15" HEIGHT="55" WIDTH="1347" VPOS="848" HPOS="85" CONTENT="בקרבו לעשות משפט ולא הדר פני גדול, וישמח המלך מאד ויפן ויבא אל ביתו"/></TextLine><TextLine ID="r1l16" BASELINE="957" HEIGHT="55" WIDTH="1358" VPOS="902" HPOS="71"><String ID="string_r1l16" HEIGHT="55" WIDTH="1358" VPOS="902" HPOS="71" CONTENT="ואין רואה ואין יודע, זולתי יהודי אחד שהכיר את המלך ורעדה אחזתו שם חיל"/></TextLine><TextLine ID="r1l17" BASELINE="1011" HEIGHT="55" WIDTH="1349" VPOS="956" HPOS="82"><String ID="string_r1l17" HEIGHT="55" WIDTH="1349" VPOS="956" HPOS="82" CONTENT="כיולדה ולא דבר מאומה. ויהי אחרי נסע המלך ויבא היהודי וילחש באזני הרב הסוד"/></TextLine><TextLine ID="r1l18" BASELINE="1061" HEIGHT="49" WIDTH="1354" VPOS="1012" HPOS="80"><String ID="string_r1l18" HEIGHT="49" WIDTH="1354" VPOS="1012" HPOS="80" CONTENT="הנזכר לעיל, ויחדד הרב וילפת. ויהי היום ויבואו אל פתח הרב כעשרים אנשים"/></TextLine><TextLine ID="r1l19" BASELINE="1121" HEIGHT="54" WIDTH="1347" VPOS="1067" HPOS="81"><String ID="string_r1l19" HEIGHT="54" WIDTH="1347" VPOS="1067" HPOS="81" CONTENT="מגדולי המלך רוכבים בצבים ובפרדים, ויקחו את הרב וירכיבוהו על הסוס ויביאוהו"/></TextLine><TextLine ID="r1l20" BASELINE="1178" HEIGHT="58" WIDTH="1354" VPOS="1120" HPOS="74"><String ID="string_r1l20" HEIGHT="58" WIDTH="1354" VPOS="1120" HPOS="74" CONTENT="עד לפני שער המלך, ויקד וישתחו לאפיו, ויאמר: הגידה נא לי האמת, אל תכחד"/></TextLine><TextLine ID="r1l21" BASELINE="1232" HEIGHT="55" WIDTH="1344" VPOS="1177" HPOS="75"><String ID="string_r1l21" HEIGHT="55" WIDTH="1344" VPOS="1177" HPOS="75" CONTENT="דבר ממני: מה דעתכם בישמעאל בן אברהם? היה צדיק או לא ? וישם ה' דבר בפי"/></TextLine><TextLine ID="r1l22" BASELINE="1279" HEIGHT="48" WIDTH="1338" VPOS="1231" HPOS="79"><String ID="string_r1l22" HEIGHT="48" WIDTH="1338" VPOS="1231" HPOS="79" CONTENT="הרב וכה דבר: כי היה ירא אלהים וסר מרע, וישב לו הרב כחכמתו והביא אליו"/></TextLine><TextLine ID="r1l23" BASELINE="1342" HEIGHT="61" WIDTH="1348" VPOS="1281" HPOS="73"><String ID="string_r1l23" HEIGHT="61" WIDTH="1348" VPOS="1281" HPOS="73" CONTENT="ראיות מהתלמוד האמורות על ישמעאל וגדולתו, ויראם למלך, ועין בעין ראתה עינו"/></TextLine><TextLine ID="r1l24" BASELINE="1396" HEIGHT="61" WIDTH="1346" VPOS="1335" HPOS="74"><String ID="string_r1l24" HEIGHT="61" WIDTH="1346" VPOS="1335" HPOS="74" CONTENT="שמעה אזנו ותכן לה שבחי ישמעאל וטובתו, מי האמין לשמועתו! וישמח המלך מאד"/></TextLine><TextLine ID="r1l25" BASELINE="1449" HEIGHT="64" WIDTH="1348" VPOS="1385" HPOS="74"><String ID="string_r1l25" HEIGHT="64" WIDTH="1348" VPOS="1385" HPOS="74" CONTENT="מאד, ויאמר לו המלך: הסר הבגדים הצואים ואלבש אותך מחלצות. ויצו המלך ויביאו"/></TextLine><TextLine ID="r1l26" BASELINE="1497" HEIGHT="54" WIDTH="1344" VPOS="1443" HPOS="76"><String ID="string_r1l26" HEIGHT="54" WIDTH="1344" VPOS="1443" HPOS="76" CONTENT="לפניו בגדי זהב וכסף וילבש אותו מחלצות, ויאמר: לא אדוני, כי לא נסיתי ללכת"/></TextLine><TextLine ID="r1l27" BASELINE="1554" HEIGHT="59" WIDTH="1348" VPOS="1495" HPOS="72"><String ID="string_r1l27" HEIGHT="59" WIDTH="1348" VPOS="1495" HPOS="72" CONTENT="באלה מתמול שלשום. ויצו המלך לשריו הגדולים ולווהו עד פתח ביתו, ועוד שלח"/></TextLine><TextLine ID="r1l28" BASELINE="1610" HEIGHT="56" WIDTH="1340" VPOS="1554" HPOS="80"><String ID="string_r1l28" HEIGHT="56" WIDTH="1340" VPOS="1554" HPOS="80" CONTENT="המלך והביאו לפניו כמה פעמים, וינסהו המלך כלבבו וישא חן וחסד לפניו. וכמה"/></TextLine><TextLine ID="r1l29" BASELINE="1667" HEIGHT="58" WIDTH="1346" VPOS="1609" HPOS="74"><String ID="string_r1l29" HEIGHT="58" WIDTH="1346" VPOS="1609" HPOS="74" CONTENT="פעמים שלח המלך דיני היהודים לפניו לדונם על עסקי נפשות ועל עסקי ממון, די הוה"/></TextLine><TextLine ID="r1l30" BASELINE="1720" HEIGHT="52" WIDTH="677" VPOS="1668" HPOS="745"><String ID="string_r1l30" HEIGHT="52" WIDTH="677" VPOS="1668" HPOS="745" CONTENT="צבי הוה רמי, ודי הוה צבי הזה משפיל״."/></TextLine><TextLine ID="r1l31" BASELINE="1784" HEIGHT="57" WIDTH="1248" VPOS="1727" HPOS="66"><String ID="string_r1l31" HEIGHT="57" WIDTH="1248" VPOS="1727" HPOS="66" CONTENT="בימים ההם היו יושבים היהודים בקושטנדינא ברבע הנקרא איסטאמבול בקרבת"/></TextLine><TextLine ID="r1l32" BASELINE="1840" HEIGHT="57" WIDTH="1351" VPOS="1783" HPOS="66"><String ID="string_r1l32" HEIGHT="57" WIDTH="1351" VPOS="1783" HPOS="66" CONTENT="התוגרמים ולהם היו שלש ערות: היונים, ולהם בית התפלה הנקרא ק&#34;ק קושטנדינא,"/></TextLine><TextLine ID="r1l33" BASELINE="1896" HEIGHT="56" WIDTH="1348" VPOS="1840" HPOS="66"><String ID="string_r1l33" HEIGHT="56" WIDTH="1348" VPOS="1840" HPOS="66" CONTENT="האשכנזים, והאיטליאנים. מלבד אלה היתה שם עדה קראית עוד מימי קדם. אחרי רב"/></TextLine><TextLine ID="r1l34" BASELINE="1952" HEIGHT="56" WIDTH="1359" VPOS="1896" HPOS="59"><String ID="string_r1l34" HEIGHT="56" WIDTH="1359" VPOS="1896" HPOS="59" CONTENT="הרבנים ר' משה קפסאלי הצטינו עוד רבנים אחרים בעת ההיא: ר' אליה הזקן הלוי,"/></TextLine><TextLine ID="r1l35" BASELINE="2008" HEIGHT="57" WIDTH="1347" VPOS="1951" HPOS="69"><String ID="string_r1l35" HEIGHT="57" WIDTH="1347" VPOS="1951" HPOS="69" CONTENT="חכם ומשכיל שהעמיד תלמידים רבים וביניהם החכם ר' אליה מזרחי, ר' חנוך"/></TextLine><TextLine ID="r1l36" BASELINE="2065" HEIGHT="58" WIDTH="1358" VPOS="2007" HPOS="60"><String ID="string_r1l36" HEIGHT="58" WIDTH="1358" VPOS="2007" HPOS="60" CONTENT="צפורתא מקטלוניא אשר בא מאנדרינופלא, ר' אליעזר קפסאלי מאיי יון, ר' אהרן בר"/></TextLine><TextLine ID="r1l37" BASELINE="2121" HEIGHT="56" WIDTH="1349" VPOS="2065" HPOS="65"><String ID="string_r1l37" HEIGHT="56" WIDTH="1349" VPOS="2065" HPOS="65" CONTENT="אביי, ר' מרדכי כומטיאנו, ר' אליה פרנס, ר׳ יצחק אלתירנו ור' אשר הכהן אשכנזי."/></TextLine><TextLine ID="r1l38" BASELINE="2179" HEIGHT="54" WIDTH="1354" VPOS="2125" HPOS="65"><String ID="string_r1l38" HEIGHT="54" WIDTH="1354" VPOS="2125" HPOS="65" CONTENT="רוב הרבנים האלה בראותם חולשת כח התורה בין בני העדה הקראית מצאו השעה"/></TextLine><TextLine ID="r1l39" BASELINE="2237" HEIGHT="58" WIDTH="1352" VPOS="2179" HPOS="63"><String ID="string_r1l39" HEIGHT="58" WIDTH="1352" VPOS="2179" HPOS="63" CONTENT="המוכשרת לקרב הנדחים „והיו מלמדים את בני הקראים תורה שבעל פה, מפני שהיו"/></TextLine><TextLine ID="r1l40" BASELINE="2292" HEIGHT="56" WIDTH="1354" VPOS="2236" HPOS="62"><String ID="string_r1l40" HEIGHT="56" WIDTH="1354" VPOS="2236" HPOS="62" CONTENT="מקבלים עליהם שלא יחללו את מועדי ה' המקודשים, ושלא יזלזלו בכבוד החכמים"/></TextLine><TextLine ID="r1l41" BASELINE="2351" HEIGHT="63" WIDTH="1354" VPOS="2288" HPOS="59"><String ID="string_r1l41" HEIGHT="63" WIDTH="1354" VPOS="2288" HPOS="59" CONTENT="החיים והמתים ז&#34;ל״ 12). הקראים מצדם בהיותם נבערים ושוקקים ללמודים נאותו לכל"/></TextLine><TextLine ID="r1l42" BASELINE="2469" HEIGHT="61" WIDTH="659" VPOS="2408" HPOS="658"><String ID="string_r1l42" HEIGHT="61" WIDTH="659" VPOS="2408" HPOS="658" CONTENT="12) קורא הדורות הנ&#34;ל דף ל״א עמוד ב׳."/></TextLine></TextBlock></PrintSpace></Page></Layout></alto>