<?xml version="1.0" encoding="UTF-8"?><alto xmlns:xsi="http://www.w3.org/2001/XMLSchema-instance" xmlns="http://www.loc.gov/standards/alto/ns-v2#" xmlns:page="http://schema.primaresearch.org/PAGE/gts/pagecontent/2013-07-15" xsi:schemaLocation="http://schema.primaresearch.org/PAGE/gts/pagecontent/2013-07-15 http://schema.primaresearch.org/PAGE/gts/pagecontent/2013-07-15/pagecontent.xsd http://www.loc.gov/standards/alto/ns-v2# http://www.loc.gov/standards/alto/alto-v2.0.xsd"><Description><MeasurementUnit>pixel</MeasurementUnit></Description><Layout><Page ID="Page1" PHYSICAL_IMG_NR="1" HEIGHT="2605" WIDTH="1675"><TopMargin HEIGHT="0" WIDTH="1675" VPOS="0" HPOS="0"/><LeftMargin HEIGHT="2605" WIDTH="0" VPOS="0" HPOS="0"/><RightMargin HEIGHT="2605" WIDTH="0" VPOS="0" HPOS="1675"/><BottomMargin HEIGHT="0" WIDTH="1675" VPOS="2605" HPOS="0"/><PrintSpace HEIGHT="2605" WIDTH="1675" VPOS="0" HPOS="0"><TextBlock ID="r1" HEIGHT="1952" WIDTH="1357" VPOS="530" HPOS="147"><Shape><Polygon POINTS="147,530 147,2482 1504,2482 1504,530"/></Shape><TextLine ID="r1l1" BASELINE="571" HEIGHT="62" WIDTH="278" VPOS="509" HPOS="698"><String ID="string_r1l1" HEIGHT="62" WIDTH="278" VPOS="509" HPOS="698" CONTENT="פרק ב."/></TextLine><TextLine ID="r1l2" BASELINE="676" HEIGHT="68" WIDTH="1303" VPOS="608" HPOS="176"><String ID="string_r1l2" HEIGHT="68" WIDTH="1303" VPOS="608" HPOS="176" CONTENT="היהודים תחת ממשלת שלטן מחמד ב׳ רי״א — רמ״א (1481-1451)."/></TextLine><TextLine ID="r1l3" BASELINE="737" HEIGHT="56" WIDTH="1132" VPOS="681" HPOS="277"><String ID="string_r1l3" HEIGHT="56" WIDTH="1132" VPOS="681" HPOS="277" CONTENT="שלטן מחמד ב׳ ויהודי אנדרינופלא —– כתב דת הניתן לרופא יעקב —לכידת"/></TextLine><TextLine ID="r1l4" BASELINE="792" HEIGHT="53" WIDTH="1138" VPOS="739" HPOS="269"><String ID="string_r1l4" HEIGHT="53" WIDTH="1138" VPOS="739" HPOS="269" CONTENT="קושטנדינא — מסי היהודים — ר' משה קפסאלי רב הרבנים – רבע איוב—"/></TextLine><TextLine ID="r1l5" BASELINE="845" HEIGHT="51" WIDTH="1140" VPOS="794" HPOS="264"><String ID="string_r1l5" HEIGHT="51" WIDTH="1140" VPOS="794" HPOS="264" CONTENT="התראות השלטון ור' משה קפסאלי —– ר' חנוך צפורתא והקראים —"/></TextLine><TextLine ID="r1l6" BASELINE="898" HEIGHT="55" WIDTH="1143" VPOS="843" HPOS="265"><String ID="string_r1l6" HEIGHT="55" WIDTH="1143" VPOS="843" HPOS="265" CONTENT="ר' מרדכי כומטיאנו — ר' שבתי בן מלכיאל הכהן — ר' משה קפוצטו"/></TextLine><TextLine ID="r1l7" BASELINE="951" HEIGHT="54" WIDTH="1130" VPOS="897" HPOS="278"><String ID="string_r1l7" HEIGHT="54" WIDTH="1130" VPOS="897" HPOS="278" CONTENT="היוני — אוזון האסאן — היהודים נתיני תוגרמה בוולאכיא — יהודי באוואריה"/></TextLine><TextLine ID="r1l8" BASELINE="1009" HEIGHT="55" WIDTH="1132" VPOS="954" HPOS="270"><String ID="string_r1l8" HEIGHT="55" WIDTH="1132" VPOS="954" HPOS="270" CONTENT="מתקבלים בתרכיה – מלחמת רודוס והיהודים – יהודי ציר תוגרמה בחצר"/></TextLine><TextLine ID="r1l9" BASELINE="1063" HEIGHT="55" WIDTH="1140" VPOS="1008" HPOS="267"><String ID="string_r1l9" HEIGHT="55" WIDTH="1140" VPOS="1008" HPOS="267" CONTENT="ויניציא—הבשמים ושלטן מחמד — המגפה בקושטנדינא ור' משה קפסאלי —"/></TextLine><TextLine ID="r1l10" BASELINE="1118" HEIGHT="51" WIDTH="508" VPOS="1067" HPOS="582"><String ID="string_r1l10" HEIGHT="51" WIDTH="508" VPOS="1067" HPOS="582" CONTENT="שלטן מחמד והיהודית הפונדקית. "/></TextLine><TextLine ID="r1l11" BASELINE="1256" HEIGHT="65" WIDTH="1242" VPOS="1191" HPOS="155"><String ID="string_r1l11" HEIGHT="65" WIDTH="1242" VPOS="1191" HPOS="155" CONTENT="שלשה ימים אחרי מות שלטן מוראד ב׳ באנדרינופלא הגיעה השמועה לבנו"/></TextLine><TextLine ID="r1l12" BASELINE="1303" HEIGHT="75" WIDTH="1346" VPOS="1228" HPOS="162"><String ID="string_r1l12" HEIGHT="75" WIDTH="1346" VPOS="1228" HPOS="162" CONTENT="שלטן מחמד (י&#34;ג אדר רי&#34;א), אשר היה בעת ההיא מושל מאגניסיא. הוא רכב אז על סוס"/></TextLine><TextLine ID="r1l13" BASELINE="1354" HEIGHT="52" WIDTH="1336" VPOS="1302" HPOS="166"><String ID="string_r1l13" HEIGHT="52" WIDTH="1336" VPOS="1302" HPOS="166" CONTENT="קל ויקרא: מי שיאהבני יבא אחרי! ואחרי מהלך שני ימים הגיע לנאליפולי, וינח שני."/></TextLine><TextLine ID="r1l14" BASELINE="1406" HEIGHT="52" WIDTH="1352" VPOS="1354" HPOS="160"><String ID="string_r1l14" HEIGHT="52" WIDTH="1352" VPOS="1354" HPOS="160" CONTENT="ימים מתלאות הדרך. משם הודיע לבני עיר הבירה אנדרינופלא כי יבוא ביום הרביעי"/></TextLine><TextLine ID="r1l15" BASELINE="1462" HEIGHT="53" WIDTH="1343" VPOS="1409" HPOS="161"><String ID="string_r1l15" HEIGHT="53" WIDTH="1343" VPOS="1409" HPOS="161" CONTENT="לשבוע. וכן היה. כי רוב תושבי העיר ובראשם השייכים, הויזיר, הפחות, וראשי העדה "/></TextLine><TextLine ID="r1l16" BASELINE="1520" HEIGHT="58" WIDTH="848" VPOS="1462" HPOS="659"><String ID="string_r1l16" HEIGHT="58" WIDTH="848" VPOS="1462" HPOS="659" CONTENT="לבני ישראל יצאו לקראתו עד שני מילין חוץ לעיר."/></TextLine><TextLine ID="r1l17" BASELINE="1576" HEIGHT="56" WIDTH="1244" VPOS="1520" HPOS="153"><String ID="string_r1l17" HEIGHT="56" WIDTH="1244" VPOS="1520" HPOS="153" CONTENT="ביום החמישי, ט&#34;ז ימים לחדש אדר, הוא היום השני לבואו העירה, נכתר שלטן"/></TextLine><TextLine ID="r1l18" BASELINE="1630" HEIGHT="56" WIDTH="1346" VPOS="1574" HPOS="158"><String ID="string_r1l18" HEIGHT="56" WIDTH="1346" VPOS="1574" HPOS="158" CONTENT="מחמד בכתר המלכות ברוב הדר ויקר בפני העם ושרי הממשלה. האצטגנינים חשו"/></TextLine><TextLine ID="r1l19" BASELINE="1689" HEIGHT="58" WIDTH="1336" VPOS="1631" HPOS="158"><String ID="string_r1l19" HEIGHT="58" WIDTH="1336" VPOS="1631" HPOS="158" CONTENT="עתידות, כי יגדל עד מאד שמו וכבודו של השלטן החדש, על פי מקרא הקוראן „האלהים"/></TextLine><TextLine ID="r1l20" BASELINE="1747" HEIGHT="57" WIDTH="1348" VPOS="1690" HPOS="153"><String ID="string_r1l20" HEIGHT="57" WIDTH="1348" VPOS="1690" HPOS="153" CONTENT="ברך החמישי והשביעי״. ובהיות כי שלטן מחמד נכתר ביום החמישי לשבוע והיה המלך"/></TextLine><TextLine ID="r1l21" BASELINE="1803" HEIGHT="55" WIDTH="1346" VPOS="1748" HPOS="154"><String ID="string_r1l21" HEIGHT="55" WIDTH="1346" VPOS="1748" HPOS="154" CONTENT="השביעי למשפחת עשמאן, נתקיים בו מקרא כתוב בספר הקדש. גם היהודים מצדם ראו"/></TextLine><TextLine ID="r1l22" BASELINE="1858" HEIGHT="56" WIDTH="1356" VPOS="1802" HPOS="147"><String ID="string_r1l22" HEIGHT="56" WIDTH="1356" VPOS="1802" HPOS="147" CONTENT="כי המלך הזה נקרא לגדולות, ונתנו סימן לשנת מלכו הרי״א למספר בני ישראל „אריה"/></TextLine><TextLine ID="r1l23" BASELINE="1913" HEIGHT="53" WIDTH="168" VPOS="1860" HPOS="1331"><String ID="string_r1l23" HEIGHT="53" WIDTH="168" VPOS="1860" HPOS="1331" CONTENT="מלך״1)."/></TextLine><TextLine ID="r1l24" BASELINE="1969" HEIGHT="59" WIDTH="1254" VPOS="1910" HPOS="141"><String ID="string_r1l24" HEIGHT="59" WIDTH="1254" VPOS="1910" HPOS="141" CONTENT="„וישב על כסא אביו אשר באנדרני. בשנה השנית למלכו בנה עיר קטנה (לאמר."/></TextLine><TextLine ID="r1l25" BASELINE="2026" HEIGHT="55" WIDTH="1355" VPOS="1971" HPOS="138"><String ID="string_r1l25" HEIGHT="55" WIDTH="1355" VPOS="1971" HPOS="138" CONTENT="מגדל) במקום הנקרא היום אקינדי-בורון, ויקרא שמה בונאו-קיסין, ונקראת היום ייני-"/></TextLine><TextLine ID="r1l26" BASELINE="2082" HEIGHT="56" WIDTH="1355" VPOS="2026" HPOS="145"><String ID="string_r1l26" HEIGHT="56" WIDTH="1355" VPOS="2026" HPOS="145" CONTENT="היסאר (הארמון החדש) אשר מאחורי נאלאטה. ויבא המלך מאנדרני לראות את העיר"/></TextLine><TextLine ID="r1l27" BASELINE="2140" HEIGHT="57" WIDTH="1344" VPOS="2083" HPOS="149"><String ID="string_r1l27" HEIGHT="57" WIDTH="1344" VPOS="2083" HPOS="149" CONTENT="(המגדל) ואת הבנין אשר בנו עבדיו, ויבא אתו את הרופא (היהודי יעקב). בימים ההם"/></TextLine><TextLine ID="r1l28" BASELINE="2194" HEIGHT="56" WIDTH="1354" VPOS="2138" HPOS="140"><String ID="string_r1l28" HEIGHT="56" WIDTH="1354" VPOS="2138" HPOS="140" CONTENT="הואיל המלך לגדל ולרומם את הרופא הנזכר, כי נשא חן בעיניו ברוב חכמה ותבונה"/></TextLine><TextLine ID="r1l29" BASELINE="2253" HEIGHT="57" WIDTH="1345" VPOS="2196" HPOS="148"><String ID="string_r1l29" HEIGHT="57" WIDTH="1345" VPOS="2196" HPOS="148" CONTENT="אשר היה אתו, וייטב בעיני המלך לתת להרופא את בריתו שלום וברית עולם יהיה"/></TextLine><TextLine ID="r1l30" BASELINE="2303" HEIGHT="50" WIDTH="1351" VPOS="2253" HPOS="141"><String ID="string_r1l30" HEIGHT="50" WIDTH="1351" VPOS="2253" HPOS="141" CONTENT="אתו, ואותו ואת בנו יעשה חפצי (ר&#34;ל חפשי) בישראל, ויפטור לרופא ולזרעו אחדיו"/></TextLine><TextLine ID="r1l31" BASELINE="2365" HEIGHT="57" WIDTH="1351" VPOS="2308" HPOS="147"><String ID="string_r1l31" HEIGHT="57" WIDTH="1351" VPOS="2308" HPOS="147" CONTENT="מזכר עד נקבה גם בניהם עדי עד פטור עולם ומוחלט מכל מין מם ועול מלכות... וזה"/></TextLine><TextLine ID="r1l32" BASELINE="2477" HEIGHT="52" WIDTH="802" VPOS="2425" HPOS="597"><String ID="string_r1l32" HEIGHT="52" WIDTH="802" VPOS="2425" HPOS="597" CONTENT="1) מהרשד&#34;ם שו&#34;ת חשן המשפט שאלה שס&#34;ד חג&#34;ל."/></TextLine></TextBlock></PrintSpace></Page></Layout></alto>