<?xml version="1.0" encoding="UTF-8"?><alto xmlns:xsi="http://www.w3.org/2001/XMLSchema-instance" xmlns="http://www.loc.gov/standards/alto/ns-v2#" xmlns:page="http://schema.primaresearch.org/PAGE/gts/pagecontent/2013-07-15" xsi:schemaLocation="http://schema.primaresearch.org/PAGE/gts/pagecontent/2013-07-15 http://schema.primaresearch.org/PAGE/gts/pagecontent/2013-07-15/pagecontent.xsd http://www.loc.gov/standards/alto/ns-v2# http://www.loc.gov/standards/alto/alto-v2.0.xsd"><Description><MeasurementUnit>pixel</MeasurementUnit></Description><Layout><Page ID="Page1" PHYSICAL_IMG_NR="1" HEIGHT="2601" WIDTH="1698"><TopMargin HEIGHT="0" WIDTH="1698" VPOS="0" HPOS="0"/><LeftMargin HEIGHT="2601" WIDTH="0" VPOS="0" HPOS="0"/><RightMargin HEIGHT="2601" WIDTH="0" VPOS="0" HPOS="1698"/><BottomMargin HEIGHT="0" WIDTH="1698" VPOS="2601" HPOS="0"/><PrintSpace HEIGHT="2601" WIDTH="1698" VPOS="0" HPOS="0"><TextBlock ID="r1" HEIGHT="2333" WIDTH="1350" VPOS="146" HPOS="245"><Shape><Polygon POINTS="245,146 245,2479 1595,2479 1595,146"/></Shape><TextLine ID="r1l2" BASELINE="193" HEIGHT="40" WIDTH="88" VPOS="153" HPOS="1515"><String ID="string_r1l2" HEIGHT="40" WIDTH="88" VPOS="153" HPOS="1515" CONTENT="30"/></TextLine><TextLine ID="r1l1" BASELINE="190" HEIGHT="48" WIDTH="407" VPOS="142" HPOS="732"><String ID="string_r1l1" HEIGHT="48" WIDTH="407" VPOS="142" HPOS="732" CONTENT="דברי ימי ישראל בתוגרמה"/></TextLine><TextLine ID="r1l5" BASELINE="309" HEIGHT="62" WIDTH="1347" VPOS="247" HPOS="246"><String ID="string_r1l5" HEIGHT="62" WIDTH="1347" VPOS="247" HPOS="246" CONTENT="האמיתי בלקות הלבנה או בקדרות החמה, יכיל עיון קצר על"/></TextLine><TextLine ID="r1l6" BASELINE="364" HEIGHT="54" WIDTH="643" VPOS="310" HPOS="956"><String ID="string_r1l6" HEIGHT="54" WIDTH="643" VPOS="310" HPOS="956" CONTENT="לקות הלבנה והשמש על פי הטבע 24)."/></TextLine><TextLine ID="r1l7" BASELINE="411" HEIGHT="54" WIDTH="1238" VPOS="357" HPOS="262"><String ID="string_r1l7" HEIGHT="54" WIDTH="1238" VPOS="357" HPOS="262" CONTENT="יב) פירוש לוחות פרם, ובהקדמתו כתב הדברים האלה: „אמר מרדכי"/></TextLine><TextLine ID="r1l8" BASELINE="468" HEIGHT="56" WIDTH="1330" VPOS="412" HPOS="265"><String ID="string_r1l8" HEIGHT="56" WIDTH="1330" VPOS="412" HPOS="265" CONTENT="ראיתי להודיע לאנשים החושקים בחכמה הזאת, רוצה לומר בחכמת התכונה, ומבקשים"/></TextLine><TextLine ID="r1l9" BASELINE="522" HEIGHT="57" WIDTH="1341" VPOS="465" HPOS="257"><String ID="string_r1l9" HEIGHT="57" WIDTH="1341" VPOS="465" HPOS="257" CONTENT="לדעת חשבון מהלכות הככבים מספר חשבון המהלכות הנקרא ספר הלוחות. הלוחות"/></TextLine><TextLine ID="r1l10" BASELINE="575" HEIGHT="55" WIDTH="1346" VPOS="520" HPOS="250"><String ID="string_r1l10" HEIGHT="55" WIDTH="1346" VPOS="520" HPOS="250" CONTENT="האלה חברום חכמי הפרסים על השנים והחדשים שלהם ועל ארך המקום שלהם..."/></TextLine><TextLine ID="r1l11" BASELINE="632" HEIGHT="57" WIDTH="1349" VPOS="575" HPOS="250"><String ID="string_r1l11" HEIGHT="57" WIDTH="1349" VPOS="575" HPOS="250" CONTENT="ואומר שאלה הלוחות נתחברו בשנה הראשונה של ייורדו שר של משטירי מלך"/></TextLine><TextLine ID="r1l12" BASELINE="684" HEIGHT="56" WIDTH="1354" VPOS="628" HPOS="242"><String ID="string_r1l12" HEIGHT="56" WIDTH="1354" VPOS="628" HPOS="242" CONTENT="הפרסים, ומאז מתחילים שנות הלוחות האלה&#34;, הספר הזה הוא יקר מאד לפי שמודיע"/></TextLine><TextLine ID="r1l13" BASELINE="741" HEIGHT="56" WIDTH="1334" VPOS="685" HPOS="261"><String ID="string_r1l13" HEIGHT="56" WIDTH="1334" VPOS="685" HPOS="261" CONTENT="כל חשבון מהלך הכוכבים אשר יגעו הראשונים והקדמונים למצוא בכלים"/></TextLine><TextLine ID="r1l14" BASELINE="785" HEIGHT="45" WIDTH="307" VPOS="740" HPOS="1291"><String ID="string_r1l14" HEIGHT="45" WIDTH="307" VPOS="740" HPOS="1291" CONTENT="מכלים שונים 25)."/></TextLine><TextLine ID="r1l15" BASELINE="847" HEIGHT="52" WIDTH="621" VPOS="795" HPOS="868"><String ID="string_r1l15" HEIGHT="52" WIDTH="621" VPOS="795" HPOS="868" CONTENT="יג) ס׳ על התכונה (בשני כ&#34;י בפרים)."/></TextLine><TextLine ID="r1l16" BASELINE="909" HEIGHT="53" WIDTH="1231" VPOS="856" HPOS="258"><String ID="string_r1l16" HEIGHT="53" WIDTH="1231" VPOS="856" HPOS="258" CONTENT="יד) אגרת סנפיר וקשקשת, ולא נמצא כעת, הזכירו בפרושו על התורה"/></TextLine><TextLine ID="r1l17" BASELINE="960" HEIGHT="49" WIDTH="1337" VPOS="911" HPOS="253"><String ID="string_r1l17" HEIGHT="49" WIDTH="1337" VPOS="911" HPOS="253" CONTENT="ו„כתר תורה&#34; בפרשת שמיני: „שאלני חכם אחד מחכמי הדור בהיותי בעיר אדרינופלי זה"/></TextLine><TextLine ID="r1l18" BASELINE="1019" HEIGHT="56" WIDTH="1354" VPOS="963" HPOS="244"><String ID="string_r1l18" HEIGHT="56" WIDTH="1354" VPOS="963" HPOS="244" CONTENT="לי כעשר שנים (אם כן בשנת ר&#34;י, בהיות שפרושו כתב בשנת ר&#34;ך) שאם לא ימצא"/></TextLine><TextLine ID="r1l19" BASELINE="1071" HEIGHT="53" WIDTH="1344" VPOS="1018" HPOS="247"><String ID="string_r1l19" HEIGHT="53" WIDTH="1344" VPOS="1018" HPOS="247" CONTENT="הקשקשת מכללי הסנפיר כמו שנזכרה במשנה... וכבר כתבתי אגרת אחת תשובה על"/></TextLine><TextLine ID="r1l20" BASELINE="1126" HEIGHT="56" WIDTH="1188" VPOS="1070" HPOS="407"><String ID="string_r1l20" HEIGHT="56" WIDTH="1188" VPOS="1070" HPOS="407" CONTENT="שאלותיו, הרחבתי בזה קרוב לשני ניירים, קראתיו „אגרת סנפיר וקשקשת״."/></TextLine><TextLine ID="r1l21" BASELINE="1181" HEIGHT="50" WIDTH="1248" VPOS="1131" HPOS="256"><String ID="string_r1l21" HEIGHT="50" WIDTH="1248" VPOS="1131" HPOS="256" CONTENT="טו)  שירים, ונמצאו ממנו שני פיוטים בקבץ „שירים וזמירות״. (קושטנדינא"/></TextLine><TextLine ID="r1l22" BASELINE="1234" HEIGHT="54" WIDTH="1342" VPOS="1180" HPOS="252"><String ID="string_r1l22" HEIGHT="54" WIDTH="1342" VPOS="1180" HPOS="252" CONTENT="שם). ס׳ קב&#34;ז ור&#34;ך, וכן בסדור הקראים, ובהם אחד מפיוטיו (חלק ד' ס׳ ע&#34;ה)."/></TextLine><TextLine ID="r1l23" BASELINE="1291" HEIGHT="55" WIDTH="1245" VPOS="1236" HPOS="246"><String ID="string_r1l23" HEIGHT="55" WIDTH="1245" VPOS="1236" HPOS="246" CONTENT="קורות חייו וזמן מותו לא נתבררו כראוי, בן דורו ר' אפרים בן גרשון הרופא מעיר"/></TextLine><TextLine ID="r1l24" BASELINE="1340" HEIGHT="51" WIDTH="1344" VPOS="1289" HPOS="246"><String ID="string_r1l24" HEIGHT="51" WIDTH="1344" VPOS="1289" HPOS="246" CONTENT="וריאה, שהיה אח&#34;כ בעיר אגריפו (ניגרופונטי), בחבורו על דרשות, כתב על דרוש"/></TextLine><TextLine ID="r1l25" BASELINE="1404" HEIGHT="58" WIDTH="1344" VPOS="1346" HPOS="248"><String ID="string_r1l25" HEIGHT="58" WIDTH="1344" VPOS="1346" HPOS="248" CONTENT="אחד „ברשות כבוד כר' מרזיכי כומטינו, כי בהיותי במקומי, בהשתפך נפשי אל"/></TextLine><TextLine ID="r1l26" BASELINE="1459" HEIGHT="55" WIDTH="1352" VPOS="1404" HPOS="246"><String ID="string_r1l26" HEIGHT="55" WIDTH="1352" VPOS="1404" HPOS="246" CONTENT="חיק עמי... שמעתי שמועתו וחשקתי לראותו... וכשבאתי הנה לעיר קוצדינא (קושטנדינא)"/></TextLine><TextLine ID="r1l27" BASELINE="1508" HEIGHT="53" WIDTH="1334" VPOS="1455" HPOS="259"><String ID="string_r1l27" HEIGHT="53" WIDTH="1334" VPOS="1455" HPOS="259" CONTENT="שאלתי לבני אמי ואחי: האם עודנו חי, ושמחתי לראות כי בכוכבים חוזה... כי אמרו"/></TextLine><TextLine ID="r1l28" BASELINE="1568" HEIGHT="57" WIDTH="1357" VPOS="1511" HPOS="241"><String ID="string_r1l28" HEIGHT="57" WIDTH="1357" VPOS="1511" HPOS="241" CONTENT="לי אין בישראל כמותו, ותורתו אומנתו, וכל היום היא שיחתו, וקמתי והלכתי בביתו,"/></TextLine><TextLine ID="r1l29" BASELINE="1624" HEIGHT="60" WIDTH="1352" VPOS="1564" HPOS="240"><String ID="string_r1l29" HEIGHT="60" WIDTH="1352" VPOS="1564" HPOS="240" CONTENT="ועליתי בעליתו, וראיתי שם זקן בא בימים, ומהוד החכמה עליו אמים, והוא יושב על"/></TextLine><TextLine ID="r1l30" BASELINE="1674" HEIGHT="49" WIDTH="1352" VPOS="1625" HPOS="238"><String ID="string_r1l30" HEIGHT="49" WIDTH="1352" VPOS="1625" HPOS="238" CONTENT="הכסא, והנה מפיו יצא, ופניו מאירות כחמה... ומוציא לאור כל תעלומה׳. הדברים"/></TextLine><TextLine ID="r1l31" BASELINE="1733" HEIGHT="54" WIDTH="1342" VPOS="1679" HPOS="245"><String ID="string_r1l31" HEIGHT="54" WIDTH="1342" VPOS="1679" HPOS="245" CONTENT="האלה נכתבו בערך שנת רט&#34;ו ואז היה כבר בא בימים. נוסף לזה, הרב יש&#34;ר מקנדיא"/></TextLine><TextLine ID="r1l32" BASELINE="1787" HEIGHT="56" WIDTH="1337" VPOS="1731" HPOS="249"><String ID="string_r1l32" HEIGHT="56" WIDTH="1337" VPOS="1731" HPOS="249" CONTENT="כתב עליו: הרב הכולל מרדכי כומטינו יקר רוח, איש תבונה, ואיר תורתו היה"/></TextLine><TextLine ID="r1l33" BASELINE="1841" HEIGHT="52" WIDTH="1344" VPOS="1789" HPOS="247"><String ID="string_r1l33" HEIGHT="52" WIDTH="1344" VPOS="1789" HPOS="247" CONTENT="שורה בקושטנדינא רבתי בשנת הראם (אגרת האחוז הנדפס במלוא חפנים לגייגר)"/></TextLine><TextLine ID="r1l34" BASELINE="1901" HEIGHT="56" WIDTH="1341" VPOS="1845" HPOS="243"><String ID="string_r1l34" HEIGHT="56" WIDTH="1341" VPOS="1845" HPOS="243" CONTENT="וגם נדע שאת חבורו האחרון „ם׳ החשבון״ השלימו בשנת רמ״א, אם כן נדע שהפליג"/></TextLine><TextLine ID="r1l35" BASELINE="1953" HEIGHT="56" WIDTH="1344" VPOS="1897" HPOS="244"><String ID="string_r1l35" HEIGHT="56" WIDTH="1344" VPOS="1897" HPOS="244" CONTENT="בזקנה למצער עד קרוב לשנת רמ&#34;ו-רמ״ז, כי בשנה ההיא כתב תלמידו ר׳ כלב"/></TextLine><TextLine ID="r1l36" BASELINE="2011" HEIGHT="59" WIDTH="1069" VPOS="1952" HPOS="514"><String ID="string_r1l36" HEIGHT="59" WIDTH="1069" VPOS="1952" HPOS="514" CONTENT="אפונדופולו חבורו „תקון כלי רובע השעות״ ומזכירו בברכת המתים."/></TextLine><TextLine ID="r1l37" BASELINE="2068" HEIGHT="56" WIDTH="1237" VPOS="2012" HPOS="254"><String ID="string_r1l37" HEIGHT="56" WIDTH="1237" VPOS="2012" HPOS="254" CONTENT="מן החבורים יקרי ערך שכתב נוכל לדעת את ר' מרדכי כומטיאנו וחכמתו"/></TextLine><TextLine ID="r1l38" BASELINE="2128" HEIGHT="60" WIDTH="1342" VPOS="2068" HPOS="242"><String ID="string_r1l38" HEIGHT="60" WIDTH="1342" VPOS="2068" HPOS="242" CONTENT="הרמה. הוא היה בעל דעות יקרות אשר אסף תורה וחכמה גם יחד, אשר הצטין על"/></TextLine><TextLine ID="r1l39" BASELINE="2196" HEIGHT="51" WIDTH="780" VPOS="2145" HPOS="703"><String ID="string_r1l39" HEIGHT="51" WIDTH="780" VPOS="2145" HPOS="703" CONTENT="24) כ&#34;י בפטרסבורג תמונת עלה שלם בעל שני דפים"/></TextLine><TextLine ID="r1l40" BASELINE="2243" HEIGHT="54" WIDTH="1235" VPOS="2189" HPOS="247"><String ID="string_r1l40" HEIGHT="54" WIDTH="1235" VPOS="2189" HPOS="247" CONTENT="25) כ&#34;י בפטרסבורג תמונת עלה שלם בעל אחד ושלשים דפים. ימי חייו של המחבר לא"/></TextLine><TextLine ID="r1l41" BASELINE="2296" HEIGHT="59" WIDTH="1340" VPOS="2237" HPOS="244"><String ID="string_r1l41" HEIGHT="59" WIDTH="1340" VPOS="2237" HPOS="244" CONTENT="נודעו בברור אך זמן פעולתו נוכל לשער בין שנות ר׳ לשנת רמ&#34;ז. קצור ימי חייו ממה שנודע על"/></TextLine><TextLine ID="r1l42" BASELINE="2338" HEIGHT="57" WIDTH="1354" VPOS="2281" HPOS="237"><String ID="string_r1l42" HEIGHT="57" WIDTH="1354" VPOS="2281" HPOS="237" CONTENT="R0BHH uargpiaag Hun פי חיבוריו בהבבליותיקא כתב בלשון רוסית הח׳ גורלגד כס׳"/></TextLine><TextLine ID="r1l43" BASELINE="2382" HEIGHT="51" WIDTH="1350" VPOS="2331" HPOS="243"><String ID="string_r1l43" HEIGHT="51" WIDTH="1350" VPOS="2331" HPOS="243" CONTENT="Horopin E8rgHoRon uHrgParwpH zu. Crop. C.H.. 1866 ותמצית"/></TextLine><TextLine ID="r1l44" BASELINE="2439" HEIGHT="61" WIDTH="1355" VPOS="2378" HPOS="240"><String ID="string_r1l44" HEIGHT="61" WIDTH="1355" VPOS="2378" HPOS="240" CONTENT="ממנו במכע״ת המגיד בלוק שנת ט׳ י' י&#34;א׳, וקצור ימי חייו כתב הח' דוד פריסקו בעתו"/></TextLine><TextLine ID="r1l45" BASELINE="2487" HEIGHT="57" WIDTH="670" VPOS="2430" HPOS="926"><String ID="string_r1l45" HEIGHT="57" WIDTH="670" VPOS="2430" HPOS="926" CONTENT="איל אינסטרוקטור בקושטנדינא ע״פ גורלאנד."/></TextLine></TextBlock></PrintSpace></Page></Layout></alto>