<?xml version="1.0" encoding="UTF-8"?><alto xmlns:xsi="http://www.w3.org/2001/XMLSchema-instance" xmlns="http://www.loc.gov/standards/alto/ns-v2#" xmlns:page="http://schema.primaresearch.org/PAGE/gts/pagecontent/2013-07-15" xsi:schemaLocation="http://schema.primaresearch.org/PAGE/gts/pagecontent/2013-07-15 http://schema.primaresearch.org/PAGE/gts/pagecontent/2013-07-15/pagecontent.xsd http://www.loc.gov/standards/alto/ns-v2# http://www.loc.gov/standards/alto/alto-v2.0.xsd"><Description><MeasurementUnit>pixel</MeasurementUnit></Description><Layout><Page ID="Page1" PHYSICAL_IMG_NR="1" HEIGHT="2601" WIDTH="1698"><TopMargin HEIGHT="0" WIDTH="1698" VPOS="0" HPOS="0"/><LeftMargin HEIGHT="2601" WIDTH="0" VPOS="0" HPOS="0"/><RightMargin HEIGHT="2601" WIDTH="0" VPOS="0" HPOS="1698"/><BottomMargin HEIGHT="0" WIDTH="1698" VPOS="2601" HPOS="0"/><PrintSpace HEIGHT="2601" WIDTH="1698" VPOS="0" HPOS="0"><TextBlock ID="r1" HEIGHT="2442" WIDTH="1349" VPOS="158" HPOS="273"><Shape><Polygon POINTS="273,158 273,2600 1622,2600 1622,158"/></Shape><TextLine ID="r1l1" BASELINE="194" HEIGHT="46" WIDTH="80" VPOS="148" HPOS="1538"><String ID="string_r1l1" HEIGHT="46" WIDTH="80" VPOS="148" HPOS="1538" CONTENT="14"/></TextLine><TextLine ID="r1l2" BASELINE="197" HEIGHT="46" WIDTH="389" VPOS="151" HPOS="764"><String ID="string_r1l2" HEIGHT="46" WIDTH="389" VPOS="151" HPOS="764" CONTENT="דברי ימי ישראל בתוגרמה"/></TextLine><TextLine ID="r1l3" BASELINE="319" HEIGHT="58" WIDTH="1330" VPOS="261" HPOS="289"><String ID="string_r1l3" HEIGHT="58" WIDTH="1330" VPOS="261" HPOS="289" CONTENT="ר&#34;ד (1444). בין אנשי חיל התרכים אשר הראו גבורתם במלחמה ההיא, הצטין יהודי"/></TextLine><TextLine ID="r1l4" BASELINE="370" HEIGHT="55" WIDTH="1332" VPOS="315" HPOS="294"><String ID="string_r1l4" HEIGHT="55" WIDTH="1332" VPOS="315" HPOS="294" CONTENT="אחד מחיל הגוריבה, אשר ננף את חיל ההונגארים ובראשם את הנזיר הקנאי שונא ורודף"/></TextLine><TextLine ID="r1l5" BASELINE="426" HEIGHT="57" WIDTH="1340" VPOS="369" HPOS="288"><String ID="string_r1l5" HEIGHT="57" WIDTH="1340" VPOS="369" HPOS="288" CONTENT="היהודים יוהן קאפיסטראנו אצל העיר פירט הסמוכה לעיר מואטש 25) (ר' משה שונצינו)."/></TextLine><TextLine ID="r1l6" BASELINE="482" HEIGHT="59" WIDTH="1238" VPOS="423" HPOS="281"><String ID="string_r1l6" HEIGHT="59" WIDTH="1238" VPOS="423" HPOS="281" CONTENT="שלטן מוראד, אשר נלאה מרוב המלחמות ונעצב על מות בנו האהוב אלאהידין"/></TextLine><TextLine ID="r1l7" BASELINE="535" HEIGHT="56" WIDTH="1353" VPOS="479" HPOS="277"><String ID="string_r1l7" HEIGHT="56" WIDTH="1353" VPOS="479" HPOS="277" CONTENT="באביב שנותיו, עזב רסן הממשלה בידי בנו מחמד שהיה בעת ההיא בן ארבע"/></TextLine><TextLine ID="r1l8" BASELINE="591" HEIGHT="57" WIDTH="1339" VPOS="534" HPOS="286"><String ID="string_r1l8" HEIGHT="57" WIDTH="1339" VPOS="534" HPOS="286" CONTENT="עשרה שנה, בהפקיד אצלו מועצת מבחר שרי המדינה, וילך לעיר מגניסיה לחיות"/></TextLine><TextLine ID="r1l9" BASELINE="643" HEIGHT="57" WIDTH="1341" VPOS="586" HPOS="281"><String ID="string_r1l9" HEIGHT="57" WIDTH="1341" VPOS="586" HPOS="281" CONTENT="שארית ימיו במנוחה. אך כמעט נודע זאת לאויביו, הפר הגבור הוניאד את ברית השלום."/></TextLine><TextLine ID="r1l10" BASELINE="701" HEIGHT="59" WIDTH="1349" VPOS="642" HPOS="276"><String ID="string_r1l10" HEIGHT="59" WIDTH="1349" VPOS="642" HPOS="276" CONTENT="ואחרי אספו מסע צלב מכל עמי הנוצרים, התנפל על התרכים ויכבוש עיר ניקופול"/></TextLine><TextLine ID="r1l11" BASELINE="756" HEIGHT="58" WIDTH="1334" VPOS="698" HPOS="290"><String ID="string_r1l11" HEIGHT="58" WIDTH="1334" VPOS="698" HPOS="290" CONTENT="ויתר ערי הבולגריא עד הים השחור ועיר וארנא בכלל. בכל המקומות אשר עברו"/></TextLine><TextLine ID="r1l12" BASELINE="811" HEIGHT="58" WIDTH="1339" VPOS="753" HPOS="287"><String ID="string_r1l12" HEIGHT="58" WIDTH="1339" VPOS="753" HPOS="287" CONTENT="אנשי החיל האלה לא מנעו את עצמם מלבזות האקליסיות (בתי תפלה) אשר"/></TextLine><TextLine ID="r1l13" BASELINE="865" HEIGHT="57" WIDTH="1342" VPOS="808" HPOS="285"><String ID="string_r1l13" HEIGHT="57" WIDTH="1342" VPOS="808" HPOS="285" CONTENT="לבולגרים וליונים 26). ונקל לשער גורל היהודים האמללים תושבי המדינה הזאת,"/></TextLine><TextLine ID="r1l14" BASELINE="918" HEIGHT="52" WIDTH="1341" VPOS="866" HPOS="287"><String ID="string_r1l14" HEIGHT="52" WIDTH="1341" VPOS="866" HPOS="287" CONTENT="בעת אשר בתי התפלה לנוצרים לא היו למעצור לפני החילות האלה אשר נלחמו"/></TextLine><TextLine ID="line_1553460255254_384" BASELINE="982" HEIGHT="83" WIDTH="1330" VPOS="899" HPOS="293"><String ID="string_line_1553460255254_384" HEIGHT="83" WIDTH="1330" VPOS="899" HPOS="293" CONTENT="בשם הצלב והאמונה הנוצרית עד אשר הכרח שלטן מוראד לקחת מחדש רסן"/></TextLine><TextLine ID="line_1553460290928_416" BASELINE="1050" HEIGHT="99" WIDTH="1315" VPOS="951" HPOS="301"><String ID="string_line_1553460290928_416" HEIGHT="99" WIDTH="1315" VPOS="951" HPOS="301" CONTENT="הממשלה בידו ולעלות בראש צבאתיו נגד ההומארים אשר נסו לנפשם. המלך ההונארי."/></TextLine><TextLine ID="r1l23" BASELINE="1086" HEIGHT="83" WIDTH="1130" VPOS="1003" HPOS="501"><String ID="string_r1l23" HEIGHT="83" WIDTH="1130" VPOS="1003" HPOS="501" CONTENT="לאדיסלאס בעצמו נהרגו במלחמה, ומן העת ההיא שקטה הארץ."/></TextLine><TextLine ID="r1l24" BASELINE="1148" HEIGHT="82" WIDTH="1256" VPOS="1066" HPOS="279"><String ID="string_r1l24" HEIGHT="82" WIDTH="1256" VPOS="1066" HPOS="279" CONTENT="בימי שלטן מוראד ב׳ החלו היהודים בתוגרמה להרגיש תנועות חיים, ובאמת"/></TextLine><TextLine ID="r1l25" BASELINE="1196" HEIGHT="58" WIDTH="1339" VPOS="1138" HPOS="281"><String ID="string_r1l25" HEIGHT="58" WIDTH="1339" VPOS="1138" HPOS="281" CONTENT="נוכל לקרוא את המועד הזה ימי בכורי הספרות העברית. בצפון הממשלה בעיר וידין"/></TextLine><TextLine ID="r1l26" BASELINE="1248" HEIGHT="52" WIDTH="1349" VPOS="1196" HPOS="280"><String ID="string_r1l26" HEIGHT="52" WIDTH="1349" VPOS="1196" HPOS="280" CONTENT="עמדו רבנים רבים וביניהם ר' שלום אשכנזי מנוושטט (Neustadt), אשר יסד בית"/></TextLine><TextLine ID="r1l27" BASELINE="1306" HEIGHT="58" WIDTH="1356" VPOS="1248" HPOS="273"><String ID="string_r1l27" HEIGHT="58" WIDTH="1356" VPOS="1248" HPOS="273" CONTENT="מדרש בעיר הזאת, ור' דוסא בן ר' משה היוני או ביזאנטי אשר היה מגדולי תלמידיו."/></TextLine><TextLine ID="r1l28" BASELINE="1362" HEIGHT="50" WIDTH="1345" VPOS="1312" HPOS="279"><String ID="string_r1l28" HEIGHT="50" WIDTH="1345" VPOS="1312" HPOS="279" CONTENT="הוא חבר בשנת ק&#34;צ (1430) הספר היותר קדמון הנודע בתוגרמה בשם פירוש ותוספות"/></TextLine><TextLine ID="r1l29" BASELINE="1411" HEIGHT="50" WIDTH="965" VPOS="1361" HPOS="658"><String ID="string_r1l29" HEIGHT="50" WIDTH="965" VPOS="1361" HPOS="658" CONTENT="על פירוש רש&#34;י על התורה 27) שלא נדפס ונשאר בכתובים. "/></TextLine><TextLine ID="r1l30" BASELINE="1471" HEIGHT="51" WIDTH="1256" VPOS="1420" HPOS="266"><String ID="string_r1l30" HEIGHT="51" WIDTH="1256" VPOS="1420" HPOS="266" CONTENT="בעיר הבירה אנדרינופלא, מלבד שלשת העדות אשר הזכרנו, הרומאנית, האשכנזית"/></TextLine><TextLine ID="r1l31" BASELINE="1530" HEIGHT="57" WIDTH="1344" VPOS="1473" HPOS="275"><String ID="string_r1l31" HEIGHT="57" WIDTH="1344" VPOS="1473" HPOS="275" CONTENT="והאיטלקית ובראשם ר׳ יצחק צרפתי אשר בא מאשכנז ור' חנוך צפורתא מקאטאלוניא,"/></TextLine><TextLine ID="r1l32" BASELINE="1586" HEIGHT="49" WIDTH="1350" VPOS="1537" HPOS="270"><String ID="string_r1l32" HEIGHT="49" WIDTH="1350" VPOS="1537" HPOS="270" CONTENT="נוסדה גם כן עדה קראית מבני הקראים אשר באו מקושטנדינא וחצי האי קרים."/></TextLine><TextLine ID="r1l33" BASELINE="1639" HEIGHT="53" WIDTH="1347" VPOS="1586" HPOS="273"><String ID="string_r1l33" HEIGHT="53" WIDTH="1347" VPOS="1586" HPOS="273" CONTENT="ובראשם החכמים מנחם בשיצי ובנו משה בשיצי (בישיאטשו), מנחם מנדילי, מיכאל"/></TextLine><TextLine ID="r1l34" BASELINE="1697" HEIGHT="52" WIDTH="1342" VPOS="1645" HPOS="275"><String ID="string_r1l34" HEIGHT="52" WIDTH="1342" VPOS="1645" HPOS="275" CONTENT="הזקן ובנו יוסף. והם עשו חדשה בתורתם אשר לא נשמעה כמוה למיום הוסד הכתה"/></TextLine><TextLine ID="r1l35" BASELINE="1754" HEIGHT="57" WIDTH="1347" VPOS="1697" HPOS="276"><String ID="string_r1l35" HEIGHT="57" WIDTH="1347" VPOS="1697" HPOS="276" CONTENT="הזאת, כי התירו הדלקת הנר מערב שבת שהיה הולך ודולק בליל השבת, למען לא"/></TextLine><TextLine ID="r1l36" BASELINE="1810" HEIGHT="60" WIDTH="1364" VPOS="1750" HPOS="265"><String ID="string_r1l36" HEIGHT="60" WIDTH="1364" VPOS="1750" HPOS="265" CONTENT="ישבו בליל שבת קדש במחשכים כיתר הקראים. ואלה המתקנים הביאו ראיות"/></TextLine><TextLine ID="r1l37" BASELINE="1862" HEIGHT="57" WIDTH="1349" VPOS="1805" HPOS="269"><String ID="string_r1l37" HEIGHT="57" WIDTH="1349" VPOS="1805" HPOS="269" CONTENT="לדבריהם מפשט המקרא עצמו, הנוטה יותר לדבריהם מלדברי האוסרים עד העת"/></TextLine><TextLine ID="r1l38" BASELINE="1921" HEIGHT="56" WIDTH="1351" VPOS="1865" HPOS="271"><String ID="string_r1l38" HEIGHT="56" WIDTH="1351" VPOS="1865" HPOS="271" CONTENT="ההיא. המנהג הזה נשאר בתקף עזר בין הקראים בתוגרמה עד היום הזה, למרות"/></TextLine><TextLine ID="r1l39" BASELINE="1969" HEIGHT="49" WIDTH="619" VPOS="1920" HPOS="1004"><String ID="string_r1l39" HEIGHT="49" WIDTH="619" VPOS="1920" HPOS="1004" CONTENT="המתנגדים והמעירים לבטלו בכל עת."/></TextLine><TextLine ID="r1l40" BASELINE="2033" HEIGHT="58" WIDTH="1249" VPOS="1975" HPOS="273"><String ID="string_r1l40" HEIGHT="58" WIDTH="1249" VPOS="1975" HPOS="273" CONTENT="הרבנים בעת ההיא בתוגרמה עשו כל מה שהיה ביכלתם לקרב את הקראים,"/></TextLine><TextLine ID="r1l41" BASELINE="2089" HEIGHT="58" WIDTH="1341" VPOS="2031" HPOS="281"><String ID="string_r1l41" HEIGHT="58" WIDTH="1341" VPOS="2031" HPOS="281" CONTENT="ובראשם היה החכם הגדול ר' חנוך צפורתא, אשר בהיותו בקי מאד בכל התלמוד"/></TextLine><TextLine ID="r1l42" BASELINE="2204" HEIGHT="57" WIDTH="1243" VPOS="2147" HPOS="271"><String ID="string_r1l42" HEIGHT="57" WIDTH="1243" VPOS="2147" HPOS="271" CONTENT="25) המדפיס המהולל בקושנטדינה ר׳ גרשום שונצינו כתב בשער ספר מכלול לרדיק"/></TextLine><TextLine ID="r1l43" BASELINE="2246" HEIGHT="50" WIDTH="1354" VPOS="2196" HPOS="269"><String ID="string_r1l43" HEIGHT="50" WIDTH="1354" VPOS="2196" HPOS="269" CONTENT="שהדפיס בעיר ההיא בשנת רצ&#34;ב, את הדברים האלה: „אמר גרשום איש שונצין בן הח&#34;ר"/></TextLine><TextLine ID="r1l44" BASELINE="2297" HEIGHT="56" WIDTH="1354" VPOS="2241" HPOS="265"><String ID="string_r1l44" HEIGHT="56" WIDTH="1354" VPOS="2241" HPOS="265" CONTENT="משה והוא נלחם בעיר פירט נגד הרשע פרא יואן די קפישטראנו ויגרש אותו עם כל חילו"/></TextLine><TextLine ID="r1l45" BASELINE="2342" HEIGHT="49" WIDTH="1145" VPOS="2293" HPOS="476"><String ID="string_r1l45" HEIGHT="49" WIDTH="1145" VPOS="2293" HPOS="476" CONTENT="משם״, העיר פירט הנזכרה פה היא Firet בקרבת העיר מואטש על יד הדנוב."/></TextLine><TextLine ID="r1l46" BASELINE="2388" HEIGHT="52" WIDTH="450" VPOS="2336" HPOS="1070"><String ID="string_r1l46" HEIGHT="52" WIDTH="450" VPOS="2336" HPOS="1070" CONTENT="Turquie (26 הנ&#34;ל דף ס&#34;ד."/></TextLine><TextLine ID="r1l47" BASELINE="2440" HEIGHT="60" WIDTH="1247" VPOS="2380" HPOS="269"><String ID="string_r1l47" HEIGHT="60" WIDTH="1247" VPOS="2380" HPOS="269" CONTENT="27) פירוש ותוספות — אוצר הספרים לר' יעקב ן׳ יעקב וילנא 1880—  1887 חלק ג׳ מ׳"/></TextLine><TextLine ID="r1l48" BASELINE="2489" HEIGHT="58" WIDTH="641" VPOS="2431" HPOS="974"><String ID="string_r1l48" HEIGHT="58" WIDTH="641" VPOS="2431" HPOS="974" CONTENT="705 על פי רשימת ר׳ חיים מיכל סי׳ תר&#34;ל."/></TextLine></TextBlock></PrintSpace></Page></Layout></alto>