<?xml version="1.0" encoding="UTF-8" standalone="yes"?>
<PcGts xmlns="http://schema.primaresearch.org/PAGE/gts/pagecontent/2013-07-15" xmlns:xsi="http://www.w3.org/2001/XMLSchema-instance" xsi:schemaLocation="http://schema.primaresearch.org/PAGE/gts/pagecontent/2013-07-15 http://schema.primaresearch.org/PAGE/gts/pagecontent/2013-07-15/pagecontent.xsd">
    <Metadata>
        <Creator>prov=University of Rostock/Institute of Mathematics/CITlab/Tobias Gruening/tobias.gruening@uni-rostock.de:name=/mnt/transkribus/LA/DEA/URO/ara_news_aru_mix_90_ema.pb:de.uros.citlab.segmentation.CITlab_LA_ML:v=?0.1
TRP</Creator>
        <Created>2018-12-07T09:24:32.791+02:00</Created>
        <LastChange>2019-03-13T14:14:02.614+01:00</LastChange>
        <TranskribusMetadata docId="106778" pageId="3985635" pageNr="6" tsid="8447497" status="IN_PROGRESS" userId="24462" imgUrl="https://dbis-thure.uibk.ac.at/f/Get?id=SAYWGZADCXPGMJUXYOXGEMYS&amp;fileType=view" xmlUrl="https://dbis-thure.uibk.ac.at/f/Get?id=VFQMSPFMEYQWJDJKIZJJINQX" imageId="2221029"/>
    </Metadata>
    <Page imageFilename="Hebrewbooks_org_36655 (1)-6.png" imageWidth="1668" imageHeight="2600">
        <ReadingOrder>
            <OrderedGroup id="ro_1556361598898" caption="Regions reading order">
                <RegionRefIndexed index="0" regionRef="region_1552482568040_764"/>
                <RegionRefIndexed index="1" regionRef="region_1552482565129_756"/>
                <RegionRefIndexed index="2" regionRef="region_1552482586125_774"/>
                <RegionRefIndexed index="3" regionRef="region_1552482589983_782"/>
            </OrderedGroup>
        </ReadingOrder>
        <TextRegion id="region_1552482568040_764" custom="readingOrder {index:0;}">
            <Coords points="885,1161 885,1212 1394,1212 1394,1161"/>
            <TextLine id="line_1552482568095_767" custom="readingOrder {index:0;}">
                <Coords points="885,1162 1394,1161 1394,1211 885,1212"/>
                <Baseline points="885,1207 1394,1206"/>
                <TextEquiv>
                    <Unicode>אשה יהודית מאנדרינופלא</Unicode>
                </TextEquiv>
            </TextLine>
            <TextEquiv>
                <Unicode>אשה יהודית מאנדרינופלא</Unicode>
            </TextEquiv>
        </TextRegion>
        <TextRegion id="region_1552482565129_756" custom="readingOrder {index:1;}">
            <Coords points="328,1149 328,1202 638,1202 638,1149"/>
            <TextLine id="line_1552482565181_759" custom="readingOrder {index:0;}">
                <Coords points="328,1152 638,1149 638,1199 328,1202"/>
                <Baseline points="328,1197 638,1194"/>
                <TextEquiv>
                    <Unicode>רופא יהודי</Unicode>
                </TextEquiv>
            </TextLine>
            <TextEquiv>
                <Unicode>רופא יהודי</Unicode>
            </TextEquiv>
        </TextRegion>
        <TextRegion id="region_1552482586125_774" custom="readingOrder {index:2;}">
            <Coords points="505,2376 505,2434 1054,2434 1054,2376"/>
            <TextLine id="line_1552482586177_777" custom="readingOrder {index:0;}">
                <Coords points="506,2376 1054,2384 1053,2434 505,2426"/>
                <Baseline points="505,2421 1053,2429"/>
                <TextEquiv>
                    <Unicode>נערה יהודית מאנדרינופלא</Unicode>
                </TextEquiv>
            </TextLine>
            <TextEquiv>
                <Unicode>נערה יהודית מאנדרינופלא</Unicode>
            </TextEquiv>
        </TextRegion>
        <TextRegion id="region_1552482589983_782" custom="readingOrder {index:3;}">
            <Coords points="471,2449 471,2500 1093,2500 1093,2449"/>
            <TextLine id="line_1552482590030_785" custom="readingOrder {index:0;}">
                <Coords points="471,2449 1093,2450 1093,2500 471,2499"/>
                <Baseline points="471,2494 1093,2495"/>
                <TextEquiv>
                    <Unicode>לפי מה שצייר אותם הנוסע הצרפתי ניקולאי די</Unicode>
                </TextEquiv>
            </TextLine>
            <TextLine id="line_1552482593138_790" custom="readingOrder {index:1;}">
                <Coords points="518,2496 1073,2502 1073,2552 518,2546"/>
                <Baseline points="518,2541 1073,2547"/>
                <TextEquiv>
                    <Unicode>ניקולאי Les Navigations (Anvers 1576) </Unicode>
                </TextEquiv>
            </TextLine>
            <TextEquiv>
                <Unicode>לפי מה שצייר אותם הנוסע הצרפתי ניקולאי די
ניקולאי Les Navigations (Anvers 1576) </Unicode>
            </TextEquiv>
        </TextRegion>
    </Page>
</PcGts>
