<?xml version="1.0" encoding="UTF-8" standalone="yes"?>
<PcGts xmlns="http://schema.primaresearch.org/PAGE/gts/pagecontent/2013-07-15" xmlns:xsi="http://www.w3.org/2001/XMLSchema-instance" xsi:schemaLocation="http://schema.primaresearch.org/PAGE/gts/pagecontent/2013-07-15 http://schema.primaresearch.org/PAGE/gts/pagecontent/2013-07-15/pagecontent.xsd">
    <Metadata>
        <Creator>prov=University of Rostock/Institute of Mathematics/CITlab/Tobias Gruening/tobias.gruening@uni-rostock.de:name=/mnt/transkribus/LA/DEA/URO/ara_news_aru_mix_90_ema.pb:de.uros.citlab.segmentation.CITlab_LA_ML:v=?0.1
TRP</Creator>
        <Created>2018-12-07T09:24:32.713+02:00</Created>
        <LastChange>2019-03-13T14:08:37.612+01:00</LastChange>
        <TranskribusMetadata docId="106778" pageId="3985634" pageNr="5" tsid="8447399" status="IN_PROGRESS" userId="24462" imgUrl="https://dbis-thure.uibk.ac.at/f/Get?id=ZIIFWAREHMJBLLKYMPIVJHTY&amp;fileType=view" xmlUrl="https://dbis-thure.uibk.ac.at/f/Get?id=WHBYOCIPIUQXWTBUUJXPZMBJ" imageId="2221028"/>
    </Metadata>
    <Page imageFilename="Hebrewbooks_org_36655 (1)-5.png" imageWidth="1668" imageHeight="2600">
        <ReadingOrder>
            <OrderedGroup id="ro_1556361598548" caption="Regions reading order">
                <RegionRefIndexed index="0" regionRef="region_1552482456477_717"/>
                <RegionRefIndexed index="1" regionRef="region_1552482459190_725"/>
            </OrderedGroup>
        </ReadingOrder>
        <TextRegion id="region_1552482456477_717" custom="readingOrder {index:0;}">
            <Coords points="169,1000 173,1122 1432,1122 1428,1000"/>
            <TextLine id="line_1552482456492_720" custom="readingOrder {index:0;}">
                <Coords points="173,1068 1432,1072 1432,1122 173,1118"/>
                <Baseline points="173,1113 1432,1117"/>
                <TextEquiv>
                    <Unicode>דברי ימי ישראל בתוגרמה</Unicode>
                </TextEquiv>
            </TextLine>
            <TextEquiv>
                <Unicode>דברי ימי ישראל בתוגרמה</Unicode>
            </TextEquiv>
        </TextRegion>
        <TextRegion id="region_1552482459190_725" custom="readingOrder {index:1;}">
            <Coords points="625,1254 625,1313 998,1313 998,1254"/>
            <TextLine id="line_1552482459205_728" custom="readingOrder {index:0;}">
                <Coords points="626,1198 998,1207 997,1313 625,1304"/>
                <Baseline points="625,1299 997,1308"/>
                <TextEquiv>
                    <Unicode>חלק ראשון</Unicode>
                </TextEquiv>
            </TextLine>
            <TextEquiv>
                <Unicode>חלק ראשון</Unicode>
            </TextEquiv>
        </TextRegion>
    </Page>
</PcGts>
