<?xml version="1.0" encoding="UTF-8" standalone="yes"?>
<trpDocMetadata>
    <docId>106778</docId>
    <title>דברי ימי ישראל בתוגרמה</title>
    <author>שלמה רוזאניס</author>
    <uploadTimestamp>1544168226262</uploadTimestamp>
    <scriptType>GOTHIC</scriptType>
    <uploader>sinai.rusinek@mail.huji.ac.il</uploader>
    <uploaderId>2180</uploaderId>
    <nrOfPages>329</nrOfPages>
    <pageId>3985630</pageId>
    <url>https://dbis-thure.uibk.ac.at/f/Get?id=NHOGSGVCMAOCZLWHBSTAJYON&amp;fileType=view</url>
    <thumbUrl>https://dbis-thure.uibk.ac.at/f/Get?id=NHOGSGVCMAOCZLWHBSTAJYON&amp;fileType=thumb</thumbUrl>
    <externalId>NA</externalId>
    <authority>NA</authority>
    <language>Hebrew</language>
    <status>0</status>
    <fimgStoreColl>TrpDoc_DEA_106778</fimgStoreColl>
    <origDocId>0</origDocId>
    <collectionList>
        <colList>
            <colId>10155</colId>
            <colName>ladino</colName>
            <description>created by sinai.rusinek@mail.huji.ac.il</description>
            <crowdsourcing>false</crowdsourcing>
            <elearning>false</elearning>
            <nrOfDocuments>0</nrOfDocuments>
        </colList>
    </collectionList>
</trpDocMetadata>
