<?xml version="1.0" encoding="UTF-8" standalone="yes"?>
<ns3:mets xmlns:ns2="http://www.w3.org/1999/xlink" xmlns:ns3="http://www.loc.gov/METS/" xmlns:xsi="http://www.w3.org/2001/XMLSchema-instance" OBJID="106778" LABEL="דברי ימי ישראל בתוגרמה" PROFILE="TRP_V1" xsi:schemaLocation="http://www.loc.gov/METS/ http://www.loc.gov/standards/mets/mets.xsd">
    <ns3:metsHdr CREATEDATE="2019-04-27T12:40:40.363+02:00" LASTMODDATE="2019-04-27T12:40:40.363+02:00" RECORDSTATUS="SUBMITTED">
        <ns3:agent ROLE="CREATOR" TYPE="ORGANIZATION">
            <ns3:name>UIBK</ns3:name>
            <ns3:note>This METS file was generated by Transkribus</ns3:note>
        </ns3:agent>
    </ns3:metsHdr>
    <ns3:amdSec ID="SOURCE">
        <ns3:sourceMD ID="MD_ORIG">
            <ns3:mdWrap ID="TRP_DOC_MD" MDTYPE="OTHER">
                <ns3:xmlData>
                    <trpDocMetadata>
                        <docId>106778</docId>
                        <title>דברי ימי ישראל בתוגרמה</title>
                        <author>שלמה רוזאניס</author>
                        <uploadTimestamp>1544168226262</uploadTimestamp>
                        <scriptType>GOTHIC</scriptType>
                        <uploader>sinai.rusinek@mail.huji.ac.il</uploader>
                        <uploaderId>2180</uploaderId>
                        <nrOfPages>329</nrOfPages>
                        <pageId>3985630</pageId>
                        <url>https://dbis-thure.uibk.ac.at/f/Get?id=NHOGSGVCMAOCZLWHBSTAJYON&amp;fileType=view</url>
                        <thumbUrl>https://dbis-thure.uibk.ac.at/f/Get?id=NHOGSGVCMAOCZLWHBSTAJYON&amp;fileType=thumb</thumbUrl>
                        <externalId>NA</externalId>
                        <authority>NA</authority>
                        <language>Hebrew</language>
                        <status>0</status>
                        <fimgStoreColl>TrpDoc_DEA_106778</fimgStoreColl>
                        <localFolder>/mnt/transkribus/export/TRP_EXPORT_2744645267861579611/106778/דברי_ימי_ישראל_בתוגרמה</localFolder>
                        <origDocId>0</origDocId>
                        <collectionList>
                            <colList>
<colId>10155</colId>
<colName>ladino</colName>
<description>created by sinai.rusinek@mail.huji.ac.il</description>
<crowdsourcing>false</crowdsourcing>
<elearning>false</elearning>
<nrOfDocuments>0</nrOfDocuments>
                            </colList>
                        </collectionList>
                    </trpDocMetadata>
                </ns3:xmlData>
            </ns3:mdWrap>
        </ns3:sourceMD>
    </ns3:amdSec>
    <ns3:fileSec>
        <ns3:fileGrp ID="MASTER">
            <ns3:fileGrp ID="IMG">
                <ns3:file ID="IMG_1" SEQ="1" MIMETYPE="application/octet-stream" CREATED="2019-04-27T12:40:39.000+02:00">
                    <ns3:FLocat LOCTYPE="OTHER" OTHERLOCTYPE="FILE" ns2:type="simple" ns2:href="דברי_ימי_ישראל_בתוגרמה"/>
                </ns3:file>
                <ns3:file ID="IMG_2" SEQ="2" MIMETYPE="application/octet-stream" CREATED="2019-04-27T12:40:39.000+02:00">
                    <ns3:FLocat LOCTYPE="OTHER" OTHERLOCTYPE="FILE" ns2:type="simple" ns2:href="דברי_ימי_ישראל_בתוגרמה"/>
                </ns3:file>
                <ns3:file ID="IMG_3" SEQ="3" MIMETYPE="application/octet-stream" CREATED="2019-04-27T12:40:39.000+02:00">
                    <ns3:FLocat LOCTYPE="OTHER" OTHERLOCTYPE="FILE" ns2:type="simple" ns2:href="דברי_ימי_ישראל_בתוגרמה"/>
                </ns3:file>
                <ns3:file ID="IMG_4" SEQ="4" MIMETYPE="application/octet-stream" CREATED="2019-04-27T12:40:39.000+02:00">
                    <ns3:FLocat LOCTYPE="OTHER" OTHERLOCTYPE="FILE" ns2:type="simple" ns2:href="דברי_ימי_ישראל_בתוגרמה"/>
                </ns3:file>
                <ns3:file ID="IMG_5" SEQ="5" MIMETYPE="application/octet-stream" CREATED="2019-04-27T12:40:39.000+02:00">
                    <ns3:FLocat LOCTYPE="OTHER" OTHERLOCTYPE="FILE" ns2:type="simple" ns2:href="דברי_ימי_ישראל_בתוגרמה"/>
                </ns3:file>
                <ns3:file ID="IMG_6" SEQ="6" MIMETYPE="application/octet-stream" CREATED="2019-04-27T12:40:39.000+02:00">
                    <ns3:FLocat LOCTYPE="OTHER" OTHERLOCTYPE="FILE" ns2:type="simple" ns2:href="דברי_ימי_ישראל_בתוגרמה"/>
                </ns3:file>
                <ns3:file ID="IMG_7" SEQ="7" MIMETYPE="application/octet-stream" CREATED="2019-04-27T12:40:39.000+02:00">
                    <ns3:FLocat LOCTYPE="OTHER" OTHERLOCTYPE="FILE" ns2:type="simple" ns2:href="דברי_ימי_ישראל_בתוגרמה"/>
                </ns3:file>
                <ns3:file ID="IMG_8" SEQ="8" MIMETYPE="application/octet-stream" CREATED="2019-04-27T12:40:39.000+02:00">
                    <ns3:FLocat LOCTYPE="OTHER" OTHERLOCTYPE="FILE" ns2:type="simple" ns2:href="דברי_ימי_ישראל_בתוגרמה"/>
                </ns3:file>
                <ns3:file ID="IMG_9" SEQ="9" MIMETYPE="application/octet-stream" CREATED="2019-04-27T12:40:39.000+02:00">
                    <ns3:FLocat LOCTYPE="OTHER" OTHERLOCTYPE="FILE" ns2:type="simple" ns2:href="דברי_ימי_ישראל_בתוגרמה"/>
                </ns3:file>
                <ns3:file ID="IMG_10" SEQ="10" MIMETYPE="application/octet-stream" CREATED="2019-04-27T12:40:39.000+02:00">
                    <ns3:FLocat LOCTYPE="OTHER" OTHERLOCTYPE="FILE" ns2:type="simple" ns2:href="דברי_ימי_ישראל_בתוגרמה"/>
                </ns3:file>
                <ns3:file ID="IMG_11" SEQ="11" MIMETYPE="application/octet-stream" CREATED="2019-04-27T12:40:39.000+02:00">
                    <ns3:FLocat LOCTYPE="OTHER" OTHERLOCTYPE="FILE" ns2:type="simple" ns2:href="דברי_ימי_ישראל_בתוגרמה"/>
                </ns3:file>
                <ns3:file ID="IMG_12" SEQ="12" MIMETYPE="application/octet-stream" CREATED="2019-04-27T12:40:39.000+02:00">
                    <ns3:FLocat LOCTYPE="OTHER" OTHERLOCTYPE="FILE" ns2:type="simple" ns2:href="דברי_ימי_ישראל_בתוגרמה"/>
                </ns3:file>
                <ns3:file ID="IMG_13" SEQ="13" MIMETYPE="application/octet-stream" CREATED="2019-04-27T12:40:39.000+02:00">
                    <ns3:FLocat LOCTYPE="OTHER" OTHERLOCTYPE="FILE" ns2:type="simple" ns2:href="דברי_ימי_ישראל_בתוגרמה"/>
                </ns3:file>
                <ns3:file ID="IMG_14" SEQ="14" MIMETYPE="application/octet-stream" CREATED="2019-04-27T12:40:39.000+02:00">
                    <ns3:FLocat LOCTYPE="OTHER" OTHERLOCTYPE="FILE" ns2:type="simple" ns2:href="דברי_ימי_ישראל_בתוגרמה"/>
                </ns3:file>
                <ns3:file ID="IMG_15" SEQ="15" MIMETYPE="application/octet-stream" CREATED="2019-04-27T12:40:39.000+02:00">
                    <ns3:FLocat LOCTYPE="OTHER" OTHERLOCTYPE="FILE" ns2:type="simple" ns2:href="דברי_ימי_ישראל_בתוגרמה"/>
                </ns3:file>
                <ns3:file ID="IMG_16" SEQ="16" MIMETYPE="application/octet-stream" CREATED="2019-04-27T12:40:39.000+02:00">
                    <ns3:FLocat LOCTYPE="OTHER" OTHERLOCTYPE="FILE" ns2:type="simple" ns2:href="דברי_ימי_ישראל_בתוגרמה"/>
                </ns3:file>
                <ns3:file ID="IMG_17" SEQ="17" MIMETYPE="application/octet-stream" CREATED="2019-04-27T12:40:39.000+02:00">
                    <ns3:FLocat LOCTYPE="OTHER" OTHERLOCTYPE="FILE" ns2:type="simple" ns2:href="דברי_ימי_ישראל_בתוגרמה"/>
                </ns3:file>
                <ns3:file ID="IMG_18" SEQ="18" MIMETYPE="application/octet-stream" CREATED="2019-04-27T12:40:39.000+02:00">
                    <ns3:FLocat LOCTYPE="OTHER" OTHERLOCTYPE="FILE" ns2:type="simple" ns2:href="דברי_ימי_ישראל_בתוגרמה"/>
                </ns3:file>
                <ns3:file ID="IMG_19" SEQ="19" MIMETYPE="application/octet-stream" CREATED="2019-04-27T12:40:39.000+02:00">
                    <ns3:FLocat LOCTYPE="OTHER" OTHERLOCTYPE="FILE" ns2:type="simple" ns2:href="דברי_ימי_ישראל_בתוגרמה"/>
                </ns3:file>
                <ns3:file ID="IMG_20" SEQ="20" MIMETYPE="application/octet-stream" CREATED="2019-04-27T12:40:39.000+02:00">
                    <ns3:FLocat LOCTYPE="OTHER" OTHERLOCTYPE="FILE" ns2:type="simple" ns2:href="דברי_ימי_ישראל_בתוגרמה"/>
                </ns3:file>
                <ns3:file ID="IMG_21" SEQ="21" MIMETYPE="application/octet-stream" CREATED="2019-04-27T12:40:39.000+02:00">
                    <ns3:FLocat LOCTYPE="OTHER" OTHERLOCTYPE="FILE" ns2:type="simple" ns2:href="דברי_ימי_ישראל_בתוגרמה"/>
                </ns3:file>
                <ns3:file ID="IMG_22" SEQ="22" MIMETYPE="application/octet-stream" CREATED="2019-04-27T12:40:39.000+02:00">
                    <ns3:FLocat LOCTYPE="OTHER" OTHERLOCTYPE="FILE" ns2:type="simple" ns2:href="דברי_ימי_ישראל_בתוגרמה"/>
                </ns3:file>
                <ns3:file ID="IMG_23" SEQ="23" MIMETYPE="application/octet-stream" CREATED="2019-04-27T12:40:39.000+02:00">
                    <ns3:FLocat LOCTYPE="OTHER" OTHERLOCTYPE="FILE" ns2:type="simple" ns2:href="דברי_ימי_ישראל_בתוגרמה"/>
                </ns3:file>
                <ns3:file ID="IMG_24" SEQ="24" MIMETYPE="application/octet-stream" CREATED="2019-04-27T12:40:39.000+02:00">
                    <ns3:FLocat LOCTYPE="OTHER" OTHERLOCTYPE="FILE" ns2:type="simple" ns2:href="דברי_ימי_ישראל_בתוגרמה"/>
                </ns3:file>
                <ns3:file ID="IMG_25" SEQ="25" MIMETYPE="application/octet-stream" CREATED="2019-04-27T12:40:39.000+02:00">
                    <ns3:FLocat LOCTYPE="OTHER" OTHERLOCTYPE="FILE" ns2:type="simple" ns2:href="דברי_ימי_ישראל_בתוגרמה"/>
                </ns3:file>
                <ns3:file ID="IMG_26" SEQ="26" MIMETYPE="application/octet-stream" CREATED="2019-04-27T12:40:39.000+02:00">
                    <ns3:FLocat LOCTYPE="OTHER" OTHERLOCTYPE="FILE" ns2:type="simple" ns2:href="דברי_ימי_ישראל_בתוגרמה"/>
                </ns3:file>
                <ns3:file ID="IMG_27" SEQ="27" MIMETYPE="application/octet-stream" CREATED="2019-04-27T12:40:39.000+02:00">
                    <ns3:FLocat LOCTYPE="OTHER" OTHERLOCTYPE="FILE" ns2:type="simple" ns2:href="דברי_ימי_ישראל_בתוגרמה"/>
                </ns3:file>
                <ns3:file ID="IMG_28" SEQ="28" MIMETYPE="application/octet-stream" CREATED="2019-04-27T12:40:39.000+02:00">
                    <ns3:FLocat LOCTYPE="OTHER" OTHERLOCTYPE="FILE" ns2:type="simple" ns2:href="דברי_ימי_ישראל_בתוגרמה"/>
                </ns3:file>
                <ns3:file ID="IMG_29" SEQ="29" MIMETYPE="application/octet-stream" CREATED="2019-04-27T12:40:39.000+02:00">
                    <ns3:FLocat LOCTYPE="OTHER" OTHERLOCTYPE="FILE" ns2:type="simple" ns2:href="דברי_ימי_ישראל_בתוגרמה"/>
                </ns3:file>
                <ns3:file ID="IMG_30" SEQ="30" MIMETYPE="application/octet-stream" CREATED="2019-04-27T12:40:39.000+02:00">
                    <ns3:FLocat LOCTYPE="OTHER" OTHERLOCTYPE="FILE" ns2:type="simple" ns2:href="דברי_ימי_ישראל_בתוגרמה"/>
                </ns3:file>
                <ns3:file ID="IMG_31" SEQ="31" MIMETYPE="application/octet-stream" CREATED="2019-04-27T12:40:39.000+02:00">
                    <ns3:FLocat LOCTYPE="OTHER" OTHERLOCTYPE="FILE" ns2:type="simple" ns2:href="דברי_ימי_ישראל_בתוגרמה"/>
                </ns3:file>
                <ns3:file ID="IMG_32" SEQ="32" MIMETYPE="application/octet-stream" CREATED="2019-04-27T12:40:39.000+02:00">
                    <ns3:FLocat LOCTYPE="OTHER" OTHERLOCTYPE="FILE" ns2:type="simple" ns2:href="דברי_ימי_ישראל_בתוגרמה"/>
                </ns3:file>
                <ns3:file ID="IMG_33" SEQ="33" MIMETYPE="application/octet-stream" CREATED="2019-04-27T12:40:39.000+02:00">
                    <ns3:FLocat LOCTYPE="OTHER" OTHERLOCTYPE="FILE" ns2:type="simple" ns2:href="דברי_ימי_ישראל_בתוגרמה"/>
                </ns3:file>
                <ns3:file ID="IMG_34" SEQ="34" MIMETYPE="application/octet-stream" CREATED="2019-04-27T12:40:39.000+02:00">
                    <ns3:FLocat LOCTYPE="OTHER" OTHERLOCTYPE="FILE" ns2:type="simple" ns2:href="דברי_ימי_ישראל_בתוגרמה"/>
                </ns3:file>
                <ns3:file ID="IMG_35" SEQ="35" MIMETYPE="application/octet-stream" CREATED="2019-04-27T12:40:39.000+02:00">
                    <ns3:FLocat LOCTYPE="OTHER" OTHERLOCTYPE="FILE" ns2:type="simple" ns2:href="דברי_ימי_ישראל_בתוגרמה"/>
                </ns3:file>
                <ns3:file ID="IMG_36" SEQ="36" MIMETYPE="application/octet-stream" CREATED="2019-04-27T12:40:39.000+02:00">
                    <ns3:FLocat LOCTYPE="OTHER" OTHERLOCTYPE="FILE" ns2:type="simple" ns2:href="דברי_ימי_ישראל_בתוגרמה"/>
                </ns3:file>
                <ns3:file ID="IMG_37" SEQ="37" MIMETYPE="application/octet-stream" CREATED="2019-04-27T12:40:39.000+02:00">
                    <ns3:FLocat LOCTYPE="OTHER" OTHERLOCTYPE="FILE" ns2:type="simple" ns2:href="דברי_ימי_ישראל_בתוגרמה"/>
                </ns3:file>
                <ns3:file ID="IMG_38" SEQ="38" MIMETYPE="application/octet-stream" CREATED="2019-04-27T12:40:39.000+02:00">
                    <ns3:FLocat LOCTYPE="OTHER" OTHERLOCTYPE="FILE" ns2:type="simple" ns2:href="דברי_ימי_ישראל_בתוגרמה"/>
                </ns3:file>
                <ns3:file ID="IMG_39" SEQ="39" MIMETYPE="application/octet-stream" CREATED="2019-04-27T12:40:39.000+02:00">
                    <ns3:FLocat LOCTYPE="OTHER" OTHERLOCTYPE="FILE" ns2:type="simple" ns2:href="דברי_ימי_ישראל_בתוגרמה"/>
                </ns3:file>
                <ns3:file ID="IMG_40" SEQ="40" MIMETYPE="application/octet-stream" CREATED="2019-04-27T12:40:39.000+02:00">
                    <ns3:FLocat LOCTYPE="OTHER" OTHERLOCTYPE="FILE" ns2:type="simple" ns2:href="דברי_ימי_ישראל_בתוגרמה"/>
                </ns3:file>
                <ns3:file ID="IMG_41" SEQ="41" MIMETYPE="application/octet-stream" CREATED="2019-04-27T12:40:39.000+02:00">
                    <ns3:FLocat LOCTYPE="OTHER" OTHERLOCTYPE="FILE" ns2:type="simple" ns2:href="דברי_ימי_ישראל_בתוגרמה"/>
                </ns3:file>
                <ns3:file ID="IMG_42" SEQ="42" MIMETYPE="application/octet-stream" CREATED="2019-04-27T12:40:39.000+02:00">
                    <ns3:FLocat LOCTYPE="OTHER" OTHERLOCTYPE="FILE" ns2:type="simple" ns2:href="דברי_ימי_ישראל_בתוגרמה"/>
                </ns3:file>
                <ns3:file ID="IMG_43" SEQ="43" MIMETYPE="application/octet-stream" CREATED="2019-04-27T12:40:39.000+02:00">
                    <ns3:FLocat LOCTYPE="OTHER" OTHERLOCTYPE="FILE" ns2:type="simple" ns2:href="דברי_ימי_ישראל_בתוגרמה"/>
                </ns3:file>
                <ns3:file ID="IMG_44" SEQ="44" MIMETYPE="application/octet-stream" CREATED="2019-04-27T12:40:39.000+02:00">
                    <ns3:FLocat LOCTYPE="OTHER" OTHERLOCTYPE="FILE" ns2:type="simple" ns2:href="דברי_ימי_ישראל_בתוגרמה"/>
                </ns3:file>
                <ns3:file ID="IMG_45" SEQ="45" MIMETYPE="application/octet-stream" CREATED="2019-04-27T12:40:39.000+02:00">
                    <ns3:FLocat LOCTYPE="OTHER" OTHERLOCTYPE="FILE" ns2:type="simple" ns2:href="דברי_ימי_ישראל_בתוגרמה"/>
                </ns3:file>
                <ns3:file ID="IMG_46" SEQ="46" MIMETYPE="application/octet-stream" CREATED="2019-04-27T12:40:39.000+02:00">
                    <ns3:FLocat LOCTYPE="OTHER" OTHERLOCTYPE="FILE" ns2:type="simple" ns2:href="דברי_ימי_ישראל_בתוגרמה"/>
                </ns3:file>
                <ns3:file ID="IMG_47" SEQ="47" MIMETYPE="application/octet-stream" CREATED="2019-04-27T12:40:39.000+02:00">
                    <ns3:FLocat LOCTYPE="OTHER" OTHERLOCTYPE="FILE" ns2:type="simple" ns2:href="דברי_ימי_ישראל_בתוגרמה"/>
                </ns3:file>
                <ns3:file ID="IMG_48" SEQ="48" MIMETYPE="application/octet-stream" CREATED="2019-04-27T12:40:39.000+02:00">
                    <ns3:FLocat LOCTYPE="OTHER" OTHERLOCTYPE="FILE" ns2:type="simple" ns2:href="דברי_ימי_ישראל_בתוגרמה"/>
                </ns3:file>
                <ns3:file ID="IMG_49" SEQ="49" MIMETYPE="application/octet-stream" CREATED="2019-04-27T12:40:39.000+02:00">
                    <ns3:FLocat LOCTYPE="OTHER" OTHERLOCTYPE="FILE" ns2:type="simple" ns2:href="דברי_ימי_ישראל_בתוגרמה"/>
                </ns3:file>
                <ns3:file ID="IMG_50" SEQ="50" MIMETYPE="application/octet-stream" CREATED="2019-04-27T12:40:39.000+02:00">
                    <ns3:FLocat LOCTYPE="OTHER" OTHERLOCTYPE="FILE" ns2:type="simple" ns2:href="דברי_ימי_ישראל_בתוגרמה"/>
                </ns3:file>
            </ns3:fileGrp>
            <ns3:fileGrp ID="PAGEXML">
                <ns3:file ID="PAGEXML_1" SEQ="1" MIMETYPE="application/xml" CREATED="2019-04-27T12:39:54.000+02:00" CHECKSUM="" CHECKSUMTYPE="MD5">
                    <ns3:FLocat LOCTYPE="OTHER" OTHERLOCTYPE="FILE" ns2:type="simple" ns2:href="page/Hebrewbooks_org_36655 (1)-1.xml"/>
                </ns3:file>
                <ns3:file ID="PAGEXML_2" SEQ="2" MIMETYPE="application/xml" CREATED="2019-04-27T12:39:56.000+02:00" CHECKSUM="" CHECKSUMTYPE="MD5">
                    <ns3:FLocat LOCTYPE="OTHER" OTHERLOCTYPE="FILE" ns2:type="simple" ns2:href="page/Hebrewbooks_org_36655 (1)-2.xml"/>
                </ns3:file>
                <ns3:file ID="PAGEXML_3" SEQ="3" MIMETYPE="application/xml" CREATED="2019-04-27T12:39:57.000+02:00" CHECKSUM="" CHECKSUMTYPE="MD5">
                    <ns3:FLocat LOCTYPE="OTHER" OTHERLOCTYPE="FILE" ns2:type="simple" ns2:href="page/Hebrewbooks_org_36655 (1)-3.xml"/>
                </ns3:file>
                <ns3:file ID="PAGEXML_4" SEQ="4" MIMETYPE="application/xml" CREATED="2019-04-27T12:39:58.000+02:00" CHECKSUM="" CHECKSUMTYPE="MD5">
                    <ns3:FLocat LOCTYPE="OTHER" OTHERLOCTYPE="FILE" ns2:type="simple" ns2:href="page/Hebrewbooks_org_36655 (1)-4.xml"/>
                </ns3:file>
                <ns3:file ID="PAGEXML_5" SEQ="5" MIMETYPE="application/xml" CREATED="2019-04-27T12:39:58.000+02:00" CHECKSUM="" CHECKSUMTYPE="MD5">
                    <ns3:FLocat LOCTYPE="OTHER" OTHERLOCTYPE="FILE" ns2:type="simple" ns2:href="page/Hebrewbooks_org_36655 (1)-5.xml"/>
                </ns3:file>
                <ns3:file ID="PAGEXML_6" SEQ="6" MIMETYPE="application/xml" CREATED="2019-04-27T12:39:58.000+02:00" CHECKSUM="" CHECKSUMTYPE="MD5">
                    <ns3:FLocat LOCTYPE="OTHER" OTHERLOCTYPE="FILE" ns2:type="simple" ns2:href="page/Hebrewbooks_org_36655 (1)-6.xml"/>
                </ns3:file>
                <ns3:file ID="PAGEXML_7" SEQ="7" MIMETYPE="application/xml" CREATED="2019-04-27T12:39:59.000+02:00" CHECKSUM="" CHECKSUMTYPE="MD5">
                    <ns3:FLocat LOCTYPE="OTHER" OTHERLOCTYPE="FILE" ns2:type="simple" ns2:href="page/Hebrewbooks_org_36655 (1)-7.xml"/>
                </ns3:file>
                <ns3:file ID="PAGEXML_8" SEQ="8" MIMETYPE="application/xml" CREATED="2019-04-27T12:40:00.000+02:00" CHECKSUM="" CHECKSUMTYPE="MD5">
                    <ns3:FLocat LOCTYPE="OTHER" OTHERLOCTYPE="FILE" ns2:type="simple" ns2:href="page/Hebrewbooks_org_36655 (1)-8.xml"/>
                </ns3:file>
                <ns3:file ID="PAGEXML_9" SEQ="9" MIMETYPE="application/xml" CREATED="2019-04-27T12:40:01.000+02:00" CHECKSUM="" CHECKSUMTYPE="MD5">
                    <ns3:FLocat LOCTYPE="OTHER" OTHERLOCTYPE="FILE" ns2:type="simple" ns2:href="page/Hebrewbooks_org_36655 (1)-9.xml"/>
                </ns3:file>
                <ns3:file ID="PAGEXML_10" SEQ="10" MIMETYPE="application/xml" CREATED="2019-04-27T12:40:02.000+02:00" CHECKSUM="" CHECKSUMTYPE="MD5">
                    <ns3:FLocat LOCTYPE="OTHER" OTHERLOCTYPE="FILE" ns2:type="simple" ns2:href="page/Hebrewbooks_org_36655 (1)-10.xml"/>
                </ns3:file>
                <ns3:file ID="PAGEXML_11" SEQ="11" MIMETYPE="application/xml" CREATED="2019-04-27T12:40:03.000+02:00" CHECKSUM="" CHECKSUMTYPE="MD5">
                    <ns3:FLocat LOCTYPE="OTHER" OTHERLOCTYPE="FILE" ns2:type="simple" ns2:href="page/Hebrewbooks_org_36655 (1)-11.xml"/>
                </ns3:file>
                <ns3:file ID="PAGEXML_12" SEQ="12" MIMETYPE="application/xml" CREATED="2019-04-27T12:40:04.000+02:00" CHECKSUM="" CHECKSUMTYPE="MD5">
                    <ns3:FLocat LOCTYPE="OTHER" OTHERLOCTYPE="FILE" ns2:type="simple" ns2:href="page/Hebrewbooks_org_36655 (1)-12.xml"/>
                </ns3:file>
                <ns3:file ID="PAGEXML_13" SEQ="13" MIMETYPE="application/xml" CREATED="2019-04-27T12:40:05.000+02:00" CHECKSUM="" CHECKSUMTYPE="MD5">
                    <ns3:FLocat LOCTYPE="OTHER" OTHERLOCTYPE="FILE" ns2:type="simple" ns2:href="page/Hebrewbooks_org_36655 (1)-13.xml"/>
                </ns3:file>
                <ns3:file ID="PAGEXML_14" SEQ="14" MIMETYPE="application/xml" CREATED="2019-04-27T12:40:06.000+02:00" CHECKSUM="" CHECKSUMTYPE="MD5">
                    <ns3:FLocat LOCTYPE="OTHER" OTHERLOCTYPE="FILE" ns2:type="simple" ns2:href="page/Hebrewbooks_org_36655 (1)-14.xml"/>
                </ns3:file>
                <ns3:file ID="PAGEXML_15" SEQ="15" MIMETYPE="application/xml" CREATED="2019-04-27T12:40:06.000+02:00" CHECKSUM="" CHECKSUMTYPE="MD5">
                    <ns3:FLocat LOCTYPE="OTHER" OTHERLOCTYPE="FILE" ns2:type="simple" ns2:href="page/Hebrewbooks_org_36655 (1)-15.xml"/>
                </ns3:file>
                <ns3:file ID="PAGEXML_16" SEQ="16" MIMETYPE="application/xml" CREATED="2019-04-27T12:40:08.000+02:00" CHECKSUM="" CHECKSUMTYPE="MD5">
                    <ns3:FLocat LOCTYPE="OTHER" OTHERLOCTYPE="FILE" ns2:type="simple" ns2:href="page/Hebrewbooks_org_36655 (1)-16.xml"/>
                </ns3:file>
                <ns3:file ID="PAGEXML_17" SEQ="17" MIMETYPE="application/xml" CREATED="2019-04-27T12:40:09.000+02:00" CHECKSUM="" CHECKSUMTYPE="MD5">
                    <ns3:FLocat LOCTYPE="OTHER" OTHERLOCTYPE="FILE" ns2:type="simple" ns2:href="page/Hebrewbooks_org_36655 (1)-17.xml"/>
                </ns3:file>
                <ns3:file ID="PAGEXML_18" SEQ="18" MIMETYPE="application/xml" CREATED="2019-04-27T12:40:10.000+02:00" CHECKSUM="" CHECKSUMTYPE="MD5">
                    <ns3:FLocat LOCTYPE="OTHER" OTHERLOCTYPE="FILE" ns2:type="simple" ns2:href="page/Hebrewbooks_org_36655 (1)-18.xml"/>
                </ns3:file>
                <ns3:file ID="PAGEXML_19" SEQ="19" MIMETYPE="application/xml" CREATED="2019-04-27T12:40:11.000+02:00" CHECKSUM="" CHECKSUMTYPE="MD5">
                    <ns3:FLocat LOCTYPE="OTHER" OTHERLOCTYPE="FILE" ns2:type="simple" ns2:href="page/Hebrewbooks_org_36655 (1)-19.xml"/>
                </ns3:file>
                <ns3:file ID="PAGEXML_20" SEQ="20" MIMETYPE="application/xml" CREATED="2019-04-27T12:40:12.000+02:00" CHECKSUM="" CHECKSUMTYPE="MD5">
                    <ns3:FLocat LOCTYPE="OTHER" OTHERLOCTYPE="FILE" ns2:type="simple" ns2:href="page/Hebrewbooks_org_36655 (1)-20.xml"/>
                </ns3:file>
                <ns3:file ID="PAGEXML_21" SEQ="21" MIMETYPE="application/xml" CREATED="2019-04-27T12:40:13.000+02:00" CHECKSUM="" CHECKSUMTYPE="MD5">
                    <ns3:FLocat LOCTYPE="OTHER" OTHERLOCTYPE="FILE" ns2:type="simple" ns2:href="page/Hebrewbooks_org_36655 (1)-21.xml"/>
                </ns3:file>
                <ns3:file ID="PAGEXML_22" SEQ="22" MIMETYPE="application/xml" CREATED="2019-04-27T12:40:14.000+02:00" CHECKSUM="" CHECKSUMTYPE="MD5">
                    <ns3:FLocat LOCTYPE="OTHER" OTHERLOCTYPE="FILE" ns2:type="simple" ns2:href="page/Hebrewbooks_org_36655 (1)-22.xml"/>
                </ns3:file>
                <ns3:file ID="PAGEXML_23" SEQ="23" MIMETYPE="application/xml" CREATED="2019-04-27T12:40:15.000+02:00" CHECKSUM="" CHECKSUMTYPE="MD5">
                    <ns3:FLocat LOCTYPE="OTHER" OTHERLOCTYPE="FILE" ns2:type="simple" ns2:href="page/Hebrewbooks_org_36655 (1)-23.xml"/>
                </ns3:file>
                <ns3:file ID="PAGEXML_24" SEQ="24" MIMETYPE="application/xml" CREATED="2019-04-27T12:40:16.000+02:00" CHECKSUM="" CHECKSUMTYPE="MD5">
                    <ns3:FLocat LOCTYPE="OTHER" OTHERLOCTYPE="FILE" ns2:type="simple" ns2:href="page/Hebrewbooks_org_36655 (1)-24.xml"/>
                </ns3:file>
                <ns3:file ID="PAGEXML_25" SEQ="25" MIMETYPE="application/xml" CREATED="2019-04-27T12:40:16.000+02:00" CHECKSUM="" CHECKSUMTYPE="MD5">
                    <ns3:FLocat LOCTYPE="OTHER" OTHERLOCTYPE="FILE" ns2:type="simple" ns2:href="page/Hebrewbooks_org_36655 (1)-25.xml"/>
                </ns3:file>
                <ns3:file ID="PAGEXML_26" SEQ="26" MIMETYPE="application/xml" CREATED="2019-04-27T12:40:17.000+02:00" CHECKSUM="" CHECKSUMTYPE="MD5">
                    <ns3:FLocat LOCTYPE="OTHER" OTHERLOCTYPE="FILE" ns2:type="simple" ns2:href="page/Hebrewbooks_org_36655 (1)-26.xml"/>
                </ns3:file>
                <ns3:file ID="PAGEXML_27" SEQ="27" MIMETYPE="application/xml" CREATED="2019-04-27T12:40:18.000+02:00" CHECKSUM="" CHECKSUMTYPE="MD5">
                    <ns3:FLocat LOCTYPE="OTHER" OTHERLOCTYPE="FILE" ns2:type="simple" ns2:href="page/Hebrewbooks_org_36655 (1)-27.xml"/>
                </ns3:file>
                <ns3:file ID="PAGEXML_28" SEQ="28" MIMETYPE="application/xml" CREATED="2019-04-27T12:40:19.000+02:00" CHECKSUM="" CHECKSUMTYPE="MD5">
                    <ns3:FLocat LOCTYPE="OTHER" OTHERLOCTYPE="FILE" ns2:type="simple" ns2:href="page/Hebrewbooks_org_36655 (1)-28.xml"/>
                </ns3:file>
                <ns3:file ID="PAGEXML_29" SEQ="29" MIMETYPE="application/xml" CREATED="2019-04-27T12:40:20.000+02:00" CHECKSUM="" CHECKSUMTYPE="MD5">
                    <ns3:FLocat LOCTYPE="OTHER" OTHERLOCTYPE="FILE" ns2:type="simple" ns2:href="page/Hebrewbooks_org_36655 (1)-29.xml"/>
                </ns3:file>
                <ns3:file ID="PAGEXML_30" SEQ="30" MIMETYPE="application/xml" CREATED="2019-04-27T12:40:21.000+02:00" CHECKSUM="" CHECKSUMTYPE="MD5">
                    <ns3:FLocat LOCTYPE="OTHER" OTHERLOCTYPE="FILE" ns2:type="simple" ns2:href="page/Hebrewbooks_org_36655 (1)-30.xml"/>
                </ns3:file>
                <ns3:file ID="PAGEXML_31" SEQ="31" MIMETYPE="application/xml" CREATED="2019-04-27T12:40:22.000+02:00" CHECKSUM="" CHECKSUMTYPE="MD5">
                    <ns3:FLocat LOCTYPE="OTHER" OTHERLOCTYPE="FILE" ns2:type="simple" ns2:href="page/Hebrewbooks_org_36655 (1)-31.xml"/>
                </ns3:file>
                <ns3:file ID="PAGEXML_32" SEQ="32" MIMETYPE="application/xml" CREATED="2019-04-27T12:40:23.000+02:00" CHECKSUM="" CHECKSUMTYPE="MD5">
                    <ns3:FLocat LOCTYPE="OTHER" OTHERLOCTYPE="FILE" ns2:type="simple" ns2:href="page/Hebrewbooks_org_36655 (1)-32.xml"/>
                </ns3:file>
                <ns3:file ID="PAGEXML_33" SEQ="33" MIMETYPE="application/xml" CREATED="2019-04-27T12:40:23.000+02:00" CHECKSUM="" CHECKSUMTYPE="MD5">
                    <ns3:FLocat LOCTYPE="OTHER" OTHERLOCTYPE="FILE" ns2:type="simple" ns2:href="page/Hebrewbooks_org_36655 (1)-33.xml"/>
                </ns3:file>
                <ns3:file ID="PAGEXML_34" SEQ="34" MIMETYPE="application/xml" CREATED="2019-04-27T12:40:24.000+02:00" CHECKSUM="" CHECKSUMTYPE="MD5">
                    <ns3:FLocat LOCTYPE="OTHER" OTHERLOCTYPE="FILE" ns2:type="simple" ns2:href="page/Hebrewbooks_org_36655 (1)-34.xml"/>
                </ns3:file>
                <ns3:file ID="PAGEXML_35" SEQ="35" MIMETYPE="application/xml" CREATED="2019-04-27T12:40:25.000+02:00" CHECKSUM="" CHECKSUMTYPE="MD5">
                    <ns3:FLocat LOCTYPE="OTHER" OTHERLOCTYPE="FILE" ns2:type="simple" ns2:href="page/Hebrewbooks_org_36655 (1)-35.xml"/>
                </ns3:file>
                <ns3:file ID="PAGEXML_36" SEQ="36" MIMETYPE="application/xml" CREATED="2019-04-27T12:40:26.000+02:00" CHECKSUM="" CHECKSUMTYPE="MD5">
                    <ns3:FLocat LOCTYPE="OTHER" OTHERLOCTYPE="FILE" ns2:type="simple" ns2:href="page/Hebrewbooks_org_36655 (1)-36.xml"/>
                </ns3:file>
                <ns3:file ID="PAGEXML_37" SEQ="37" MIMETYPE="application/xml" CREATED="2019-04-27T12:40:27.000+02:00" CHECKSUM="" CHECKSUMTYPE="MD5">
                    <ns3:FLocat LOCTYPE="OTHER" OTHERLOCTYPE="FILE" ns2:type="simple" ns2:href="page/Hebrewbooks_org_36655 (1)-37.xml"/>
                </ns3:file>
                <ns3:file ID="PAGEXML_38" SEQ="38" MIMETYPE="application/xml" CREATED="2019-04-27T12:40:28.000+02:00" CHECKSUM="" CHECKSUMTYPE="MD5">
                    <ns3:FLocat LOCTYPE="OTHER" OTHERLOCTYPE="FILE" ns2:type="simple" ns2:href="page/Hebrewbooks_org_36655 (1)-38.xml"/>
                </ns3:file>
                <ns3:file ID="PAGEXML_39" SEQ="39" MIMETYPE="application/xml" CREATED="2019-04-27T12:40:29.000+02:00" CHECKSUM="" CHECKSUMTYPE="MD5">
                    <ns3:FLocat LOCTYPE="OTHER" OTHERLOCTYPE="FILE" ns2:type="simple" ns2:href="page/Hebrewbooks_org_36655 (1)-39.xml"/>
                </ns3:file>
                <ns3:file ID="PAGEXML_40" SEQ="40" MIMETYPE="application/xml" CREATED="2019-04-27T12:40:30.000+02:00" CHECKSUM="" CHECKSUMTYPE="MD5">
                    <ns3:FLocat LOCTYPE="OTHER" OTHERLOCTYPE="FILE" ns2:type="simple" ns2:href="page/Hebrewbooks_org_36655 (1)-40.xml"/>
                </ns3:file>
                <ns3:file ID="PAGEXML_41" SEQ="41" MIMETYPE="application/xml" CREATED="2019-04-27T12:40:30.000+02:00" CHECKSUM="" CHECKSUMTYPE="MD5">
                    <ns3:FLocat LOCTYPE="OTHER" OTHERLOCTYPE="FILE" ns2:type="simple" ns2:href="page/Hebrewbooks_org_36655 (1)-41.xml"/>
                </ns3:file>
                <ns3:file ID="PAGEXML_42" SEQ="42" MIMETYPE="application/xml" CREATED="2019-04-27T12:40:31.000+02:00" CHECKSUM="" CHECKSUMTYPE="MD5">
                    <ns3:FLocat LOCTYPE="OTHER" OTHERLOCTYPE="FILE" ns2:type="simple" ns2:href="page/Hebrewbooks_org_36655 (1)-42.xml"/>
                </ns3:file>
                <ns3:file ID="PAGEXML_43" SEQ="43" MIMETYPE="application/xml" CREATED="2019-04-27T12:40:33.000+02:00" CHECKSUM="" CHECKSUMTYPE="MD5">
                    <ns3:FLocat LOCTYPE="OTHER" OTHERLOCTYPE="FILE" ns2:type="simple" ns2:href="page/Hebrewbooks_org_36655 (1)-43.xml"/>
                </ns3:file>
                <ns3:file ID="PAGEXML_44" SEQ="44" MIMETYPE="application/xml" CREATED="2019-04-27T12:40:34.000+02:00" CHECKSUM="" CHECKSUMTYPE="MD5">
                    <ns3:FLocat LOCTYPE="OTHER" OTHERLOCTYPE="FILE" ns2:type="simple" ns2:href="page/Hebrewbooks_org_36655 (1)-44.xml"/>
                </ns3:file>
                <ns3:file ID="PAGEXML_45" SEQ="45" MIMETYPE="application/xml" CREATED="2019-04-27T12:40:35.000+02:00" CHECKSUM="" CHECKSUMTYPE="MD5">
                    <ns3:FLocat LOCTYPE="OTHER" OTHERLOCTYPE="FILE" ns2:type="simple" ns2:href="page/Hebrewbooks_org_36655 (1)-45.xml"/>
                </ns3:file>
                <ns3:file ID="PAGEXML_46" SEQ="46" MIMETYPE="application/xml" CREATED="2019-04-27T12:40:35.000+02:00" CHECKSUM="" CHECKSUMTYPE="MD5">
                    <ns3:FLocat LOCTYPE="OTHER" OTHERLOCTYPE="FILE" ns2:type="simple" ns2:href="page/Hebrewbooks_org_36655 (1)-46.xml"/>
                </ns3:file>
                <ns3:file ID="PAGEXML_47" SEQ="47" MIMETYPE="application/xml" CREATED="2019-04-27T12:40:36.000+02:00" CHECKSUM="" CHECKSUMTYPE="MD5">
                    <ns3:FLocat LOCTYPE="OTHER" OTHERLOCTYPE="FILE" ns2:type="simple" ns2:href="page/Hebrewbooks_org_36655 (1)-47.xml"/>
                </ns3:file>
                <ns3:file ID="PAGEXML_48" SEQ="48" MIMETYPE="application/xml" CREATED="2019-04-27T12:40:37.000+02:00" CHECKSUM="" CHECKSUMTYPE="MD5">
                    <ns3:FLocat LOCTYPE="OTHER" OTHERLOCTYPE="FILE" ns2:type="simple" ns2:href="page/Hebrewbooks_org_36655 (1)-48.xml"/>
                </ns3:file>
                <ns3:file ID="PAGEXML_49" SEQ="49" MIMETYPE="application/xml" CREATED="2019-04-27T12:40:38.000+02:00" CHECKSUM="" CHECKSUMTYPE="MD5">
                    <ns3:FLocat LOCTYPE="OTHER" OTHERLOCTYPE="FILE" ns2:type="simple" ns2:href="page/Hebrewbooks_org_36655 (1)-49.xml"/>
                </ns3:file>
                <ns3:file ID="PAGEXML_50" SEQ="50" MIMETYPE="application/xml" CREATED="2019-04-27T12:40:39.000+02:00" CHECKSUM="" CHECKSUMTYPE="MD5">
                    <ns3:FLocat LOCTYPE="OTHER" OTHERLOCTYPE="FILE" ns2:type="simple" ns2:href="page/Hebrewbooks_org_36655 (1)-50.xml"/>
                </ns3:file>
            </ns3:fileGrp>
            <ns3:fileGrp ID="ALTO">
                <ns3:file ID="ALTO_1" SEQ="1" MIMETYPE="application/xml" CREATED="2019-04-27T12:40:39.000+02:00" CHECKSUM="" CHECKSUMTYPE="MD5">
                    <ns3:FLocat LOCTYPE="OTHER" OTHERLOCTYPE="FILE" ns2:type="simple" ns2:href="alto/Hebrewbooks_org_36655 (1)-1.xml"/>
                </ns3:file>
                <ns3:file ID="ALTO_2" SEQ="2" MIMETYPE="application/xml" CREATED="2019-04-27T12:40:39.000+02:00" CHECKSUM="" CHECKSUMTYPE="MD5">
                    <ns3:FLocat LOCTYPE="OTHER" OTHERLOCTYPE="FILE" ns2:type="simple" ns2:href="alto/Hebrewbooks_org_36655 (1)-2.xml"/>
                </ns3:file>
                <ns3:file ID="ALTO_3" SEQ="3" MIMETYPE="application/xml" CREATED="2019-04-27T12:40:39.000+02:00" CHECKSUM="" CHECKSUMTYPE="MD5">
                    <ns3:FLocat LOCTYPE="OTHER" OTHERLOCTYPE="FILE" ns2:type="simple" ns2:href="alto/Hebrewbooks_org_36655 (1)-3.xml"/>
                </ns3:file>
                <ns3:file ID="ALTO_4" SEQ="4" MIMETYPE="application/xml" CREATED="2019-04-27T12:40:39.000+02:00" CHECKSUM="" CHECKSUMTYPE="MD5">
                    <ns3:FLocat LOCTYPE="OTHER" OTHERLOCTYPE="FILE" ns2:type="simple" ns2:href="alto/Hebrewbooks_org_36655 (1)-4.xml"/>
                </ns3:file>
                <ns3:file ID="ALTO_5" SEQ="5" MIMETYPE="application/xml" CREATED="2019-04-27T12:40:39.000+02:00" CHECKSUM="" CHECKSUMTYPE="MD5">
                    <ns3:FLocat LOCTYPE="OTHER" OTHERLOCTYPE="FILE" ns2:type="simple" ns2:href="alto/Hebrewbooks_org_36655 (1)-5.xml"/>
                </ns3:file>
                <ns3:file ID="ALTO_6" SEQ="6" MIMETYPE="application/xml" CREATED="2019-04-27T12:40:39.000+02:00" CHECKSUM="" CHECKSUMTYPE="MD5">
                    <ns3:FLocat LOCTYPE="OTHER" OTHERLOCTYPE="FILE" ns2:type="simple" ns2:href="alto/Hebrewbooks_org_36655 (1)-6.xml"/>
                </ns3:file>
                <ns3:file ID="ALTO_7" SEQ="7" MIMETYPE="application/xml" CREATED="2019-04-27T12:40:39.000+02:00" CHECKSUM="" CHECKSUMTYPE="MD5">
                    <ns3:FLocat LOCTYPE="OTHER" OTHERLOCTYPE="FILE" ns2:type="simple" ns2:href="alto/Hebrewbooks_org_36655 (1)-7.xml"/>
                </ns3:file>
                <ns3:file ID="ALTO_8" SEQ="8" MIMETYPE="application/xml" CREATED="2019-04-27T12:40:39.000+02:00" CHECKSUM="" CHECKSUMTYPE="MD5">
                    <ns3:FLocat LOCTYPE="OTHER" OTHERLOCTYPE="FILE" ns2:type="simple" ns2:href="alto/Hebrewbooks_org_36655 (1)-8.xml"/>
                </ns3:file>
                <ns3:file ID="ALTO_9" SEQ="9" MIMETYPE="application/xml" CREATED="2019-04-27T12:40:39.000+02:00" CHECKSUM="" CHECKSUMTYPE="MD5">
                    <ns3:FLocat LOCTYPE="OTHER" OTHERLOCTYPE="FILE" ns2:type="simple" ns2:href="alto/Hebrewbooks_org_36655 (1)-9.xml"/>
                </ns3:file>
                <ns3:file ID="ALTO_10" SEQ="10" MIMETYPE="application/xml" CREATED="2019-04-27T12:40:39.000+02:00" CHECKSUM="" CHECKSUMTYPE="MD5">
                    <ns3:FLocat LOCTYPE="OTHER" OTHERLOCTYPE="FILE" ns2:type="simple" ns2:href="alto/Hebrewbooks_org_36655 (1)-10.xml"/>
                </ns3:file>
                <ns3:file ID="ALTO_11" SEQ="11" MIMETYPE="application/xml" CREATED="2019-04-27T12:40:39.000+02:00" CHECKSUM="" CHECKSUMTYPE="MD5">
                    <ns3:FLocat LOCTYPE="OTHER" OTHERLOCTYPE="FILE" ns2:type="simple" ns2:href="alto/Hebrewbooks_org_36655 (1)-11.xml"/>
                </ns3:file>
                <ns3:file ID="ALTO_12" SEQ="12" MIMETYPE="application/xml" CREATED="2019-04-27T12:40:39.000+02:00" CHECKSUM="" CHECKSUMTYPE="MD5">
                    <ns3:FLocat LOCTYPE="OTHER" OTHERLOCTYPE="FILE" ns2:type="simple" ns2:href="alto/Hebrewbooks_org_36655 (1)-12.xml"/>
                </ns3:file>
                <ns3:file ID="ALTO_13" SEQ="13" MIMETYPE="application/xml" CREATED="2019-04-27T12:40:39.000+02:00" CHECKSUM="" CHECKSUMTYPE="MD5">
                    <ns3:FLocat LOCTYPE="OTHER" OTHERLOCTYPE="FILE" ns2:type="simple" ns2:href="alto/Hebrewbooks_org_36655 (1)-13.xml"/>
                </ns3:file>
                <ns3:file ID="ALTO_14" SEQ="14" MIMETYPE="application/xml" CREATED="2019-04-27T12:40:39.000+02:00" CHECKSUM="" CHECKSUMTYPE="MD5">
                    <ns3:FLocat LOCTYPE="OTHER" OTHERLOCTYPE="FILE" ns2:type="simple" ns2:href="alto/Hebrewbooks_org_36655 (1)-14.xml"/>
                </ns3:file>
                <ns3:file ID="ALTO_15" SEQ="15" MIMETYPE="application/xml" CREATED="2019-04-27T12:40:39.000+02:00" CHECKSUM="" CHECKSUMTYPE="MD5">
                    <ns3:FLocat LOCTYPE="OTHER" OTHERLOCTYPE="FILE" ns2:type="simple" ns2:href="alto/Hebrewbooks_org_36655 (1)-15.xml"/>
                </ns3:file>
                <ns3:file ID="ALTO_16" SEQ="16" MIMETYPE="application/xml" CREATED="2019-04-27T12:40:39.000+02:00" CHECKSUM="" CHECKSUMTYPE="MD5">
                    <ns3:FLocat LOCTYPE="OTHER" OTHERLOCTYPE="FILE" ns2:type="simple" ns2:href="alto/Hebrewbooks_org_36655 (1)-16.xml"/>
                </ns3:file>
                <ns3:file ID="ALTO_17" SEQ="17" MIMETYPE="application/xml" CREATED="2019-04-27T12:40:39.000+02:00" CHECKSUM="" CHECKSUMTYPE="MD5">
                    <ns3:FLocat LOCTYPE="OTHER" OTHERLOCTYPE="FILE" ns2:type="simple" ns2:href="alto/Hebrewbooks_org_36655 (1)-17.xml"/>
                </ns3:file>
                <ns3:file ID="ALTO_18" SEQ="18" MIMETYPE="application/xml" CREATED="2019-04-27T12:40:39.000+02:00" CHECKSUM="" CHECKSUMTYPE="MD5">
                    <ns3:FLocat LOCTYPE="OTHER" OTHERLOCTYPE="FILE" ns2:type="simple" ns2:href="alto/Hebrewbooks_org_36655 (1)-18.xml"/>
                </ns3:file>
                <ns3:file ID="ALTO_19" SEQ="19" MIMETYPE="application/xml" CREATED="2019-04-27T12:40:39.000+02:00" CHECKSUM="" CHECKSUMTYPE="MD5">
                    <ns3:FLocat LOCTYPE="OTHER" OTHERLOCTYPE="FILE" ns2:type="simple" ns2:href="alto/Hebrewbooks_org_36655 (1)-19.xml"/>
                </ns3:file>
                <ns3:file ID="ALTO_20" SEQ="20" MIMETYPE="application/xml" CREATED="2019-04-27T12:40:39.000+02:00" CHECKSUM="" CHECKSUMTYPE="MD5">
                    <ns3:FLocat LOCTYPE="OTHER" OTHERLOCTYPE="FILE" ns2:type="simple" ns2:href="alto/Hebrewbooks_org_36655 (1)-20.xml"/>
                </ns3:file>
                <ns3:file ID="ALTO_21" SEQ="21" MIMETYPE="application/xml" CREATED="2019-04-27T12:40:39.000+02:00" CHECKSUM="" CHECKSUMTYPE="MD5">
                    <ns3:FLocat LOCTYPE="OTHER" OTHERLOCTYPE="FILE" ns2:type="simple" ns2:href="alto/Hebrewbooks_org_36655 (1)-21.xml"/>
                </ns3:file>
                <ns3:file ID="ALTO_22" SEQ="22" MIMETYPE="application/xml" CREATED="2019-04-27T12:40:39.000+02:00" CHECKSUM="" CHECKSUMTYPE="MD5">
                    <ns3:FLocat LOCTYPE="OTHER" OTHERLOCTYPE="FILE" ns2:type="simple" ns2:href="alto/Hebrewbooks_org_36655 (1)-22.xml"/>
                </ns3:file>
                <ns3:file ID="ALTO_23" SEQ="23" MIMETYPE="application/xml" CREATED="2019-04-27T12:40:39.000+02:00" CHECKSUM="" CHECKSUMTYPE="MD5">
                    <ns3:FLocat LOCTYPE="OTHER" OTHERLOCTYPE="FILE" ns2:type="simple" ns2:href="alto/Hebrewbooks_org_36655 (1)-23.xml"/>
                </ns3:file>
                <ns3:file ID="ALTO_24" SEQ="24" MIMETYPE="application/xml" CREATED="2019-04-27T12:40:39.000+02:00" CHECKSUM="" CHECKSUMTYPE="MD5">
                    <ns3:FLocat LOCTYPE="OTHER" OTHERLOCTYPE="FILE" ns2:type="simple" ns2:href="alto/Hebrewbooks_org_36655 (1)-24.xml"/>
                </ns3:file>
                <ns3:file ID="ALTO_25" SEQ="25" MIMETYPE="application/xml" CREATED="2019-04-27T12:40:39.000+02:00" CHECKSUM="" CHECKSUMTYPE="MD5">
                    <ns3:FLocat LOCTYPE="OTHER" OTHERLOCTYPE="FILE" ns2:type="simple" ns2:href="alto/Hebrewbooks_org_36655 (1)-25.xml"/>
                </ns3:file>
                <ns3:file ID="ALTO_26" SEQ="26" MIMETYPE="application/xml" CREATED="2019-04-27T12:40:39.000+02:00" CHECKSUM="" CHECKSUMTYPE="MD5">
                    <ns3:FLocat LOCTYPE="OTHER" OTHERLOCTYPE="FILE" ns2:type="simple" ns2:href="alto/Hebrewbooks_org_36655 (1)-26.xml"/>
                </ns3:file>
                <ns3:file ID="ALTO_27" SEQ="27" MIMETYPE="application/xml" CREATED="2019-04-27T12:40:39.000+02:00" CHECKSUM="" CHECKSUMTYPE="MD5">
                    <ns3:FLocat LOCTYPE="OTHER" OTHERLOCTYPE="FILE" ns2:type="simple" ns2:href="alto/Hebrewbooks_org_36655 (1)-27.xml"/>
                </ns3:file>
                <ns3:file ID="ALTO_28" SEQ="28" MIMETYPE="application/xml" CREATED="2019-04-27T12:40:39.000+02:00" CHECKSUM="" CHECKSUMTYPE="MD5">
                    <ns3:FLocat LOCTYPE="OTHER" OTHERLOCTYPE="FILE" ns2:type="simple" ns2:href="alto/Hebrewbooks_org_36655 (1)-28.xml"/>
                </ns3:file>
                <ns3:file ID="ALTO_29" SEQ="29" MIMETYPE="application/xml" CREATED="2019-04-27T12:40:39.000+02:00" CHECKSUM="" CHECKSUMTYPE="MD5">
                    <ns3:FLocat LOCTYPE="OTHER" OTHERLOCTYPE="FILE" ns2:type="simple" ns2:href="alto/Hebrewbooks_org_36655 (1)-29.xml"/>
                </ns3:file>
                <ns3:file ID="ALTO_30" SEQ="30" MIMETYPE="application/xml" CREATED="2019-04-27T12:40:39.000+02:00" CHECKSUM="" CHECKSUMTYPE="MD5">
                    <ns3:FLocat LOCTYPE="OTHER" OTHERLOCTYPE="FILE" ns2:type="simple" ns2:href="alto/Hebrewbooks_org_36655 (1)-30.xml"/>
                </ns3:file>
                <ns3:file ID="ALTO_31" SEQ="31" MIMETYPE="application/xml" CREATED="2019-04-27T12:40:39.000+02:00" CHECKSUM="" CHECKSUMTYPE="MD5">
                    <ns3:FLocat LOCTYPE="OTHER" OTHERLOCTYPE="FILE" ns2:type="simple" ns2:href="alto/Hebrewbooks_org_36655 (1)-31.xml"/>
                </ns3:file>
                <ns3:file ID="ALTO_32" SEQ="32" MIMETYPE="application/xml" CREATED="2019-04-27T12:40:39.000+02:00" CHECKSUM="" CHECKSUMTYPE="MD5">
                    <ns3:FLocat LOCTYPE="OTHER" OTHERLOCTYPE="FILE" ns2:type="simple" ns2:href="alto/Hebrewbooks_org_36655 (1)-32.xml"/>
                </ns3:file>
                <ns3:file ID="ALTO_33" SEQ="33" MIMETYPE="application/xml" CREATED="2019-04-27T12:40:39.000+02:00" CHECKSUM="" CHECKSUMTYPE="MD5">
                    <ns3:FLocat LOCTYPE="OTHER" OTHERLOCTYPE="FILE" ns2:type="simple" ns2:href="alto/Hebrewbooks_org_36655 (1)-33.xml"/>
                </ns3:file>
                <ns3:file ID="ALTO_34" SEQ="34" MIMETYPE="application/xml" CREATED="2019-04-27T12:40:39.000+02:00" CHECKSUM="" CHECKSUMTYPE="MD5">
                    <ns3:FLocat LOCTYPE="OTHER" OTHERLOCTYPE="FILE" ns2:type="simple" ns2:href="alto/Hebrewbooks_org_36655 (1)-34.xml"/>
                </ns3:file>
                <ns3:file ID="ALTO_35" SEQ="35" MIMETYPE="application/xml" CREATED="2019-04-27T12:40:39.000+02:00" CHECKSUM="" CHECKSUMTYPE="MD5">
                    <ns3:FLocat LOCTYPE="OTHER" OTHERLOCTYPE="FILE" ns2:type="simple" ns2:href="alto/Hebrewbooks_org_36655 (1)-35.xml"/>
                </ns3:file>
                <ns3:file ID="ALTO_36" SEQ="36" MIMETYPE="application/xml" CREATED="2019-04-27T12:40:39.000+02:00" CHECKSUM="" CHECKSUMTYPE="MD5">
                    <ns3:FLocat LOCTYPE="OTHER" OTHERLOCTYPE="FILE" ns2:type="simple" ns2:href="alto/Hebrewbooks_org_36655 (1)-36.xml"/>
                </ns3:file>
                <ns3:file ID="ALTO_37" SEQ="37" MIMETYPE="application/xml" CREATED="2019-04-27T12:40:39.000+02:00" CHECKSUM="" CHECKSUMTYPE="MD5">
                    <ns3:FLocat LOCTYPE="OTHER" OTHERLOCTYPE="FILE" ns2:type="simple" ns2:href="alto/Hebrewbooks_org_36655 (1)-37.xml"/>
                </ns3:file>
                <ns3:file ID="ALTO_38" SEQ="38" MIMETYPE="application/xml" CREATED="2019-04-27T12:40:39.000+02:00" CHECKSUM="" CHECKSUMTYPE="MD5">
                    <ns3:FLocat LOCTYPE="OTHER" OTHERLOCTYPE="FILE" ns2:type="simple" ns2:href="alto/Hebrewbooks_org_36655 (1)-38.xml"/>
                </ns3:file>
                <ns3:file ID="ALTO_39" SEQ="39" MIMETYPE="application/xml" CREATED="2019-04-27T12:40:39.000+02:00" CHECKSUM="" CHECKSUMTYPE="MD5">
                    <ns3:FLocat LOCTYPE="OTHER" OTHERLOCTYPE="FILE" ns2:type="simple" ns2:href="alto/Hebrewbooks_org_36655 (1)-39.xml"/>
                </ns3:file>
                <ns3:file ID="ALTO_40" SEQ="40" MIMETYPE="application/xml" CREATED="2019-04-27T12:40:39.000+02:00" CHECKSUM="" CHECKSUMTYPE="MD5">
                    <ns3:FLocat LOCTYPE="OTHER" OTHERLOCTYPE="FILE" ns2:type="simple" ns2:href="alto/Hebrewbooks_org_36655 (1)-40.xml"/>
                </ns3:file>
                <ns3:file ID="ALTO_41" SEQ="41" MIMETYPE="application/xml" CREATED="2019-04-27T12:40:39.000+02:00" CHECKSUM="" CHECKSUMTYPE="MD5">
                    <ns3:FLocat LOCTYPE="OTHER" OTHERLOCTYPE="FILE" ns2:type="simple" ns2:href="alto/Hebrewbooks_org_36655 (1)-41.xml"/>
                </ns3:file>
                <ns3:file ID="ALTO_42" SEQ="42" MIMETYPE="application/xml" CREATED="2019-04-27T12:40:39.000+02:00" CHECKSUM="" CHECKSUMTYPE="MD5">
                    <ns3:FLocat LOCTYPE="OTHER" OTHERLOCTYPE="FILE" ns2:type="simple" ns2:href="alto/Hebrewbooks_org_36655 (1)-42.xml"/>
                </ns3:file>
                <ns3:file ID="ALTO_43" SEQ="43" MIMETYPE="application/xml" CREATED="2019-04-27T12:40:39.000+02:00" CHECKSUM="" CHECKSUMTYPE="MD5">
                    <ns3:FLocat LOCTYPE="OTHER" OTHERLOCTYPE="FILE" ns2:type="simple" ns2:href="alto/Hebrewbooks_org_36655 (1)-43.xml"/>
                </ns3:file>
                <ns3:file ID="ALTO_44" SEQ="44" MIMETYPE="application/xml" CREATED="2019-04-27T12:40:39.000+02:00" CHECKSUM="" CHECKSUMTYPE="MD5">
                    <ns3:FLocat LOCTYPE="OTHER" OTHERLOCTYPE="FILE" ns2:type="simple" ns2:href="alto/Hebrewbooks_org_36655 (1)-44.xml"/>
                </ns3:file>
                <ns3:file ID="ALTO_45" SEQ="45" MIMETYPE="application/xml" CREATED="2019-04-27T12:40:39.000+02:00" CHECKSUM="" CHECKSUMTYPE="MD5">
                    <ns3:FLocat LOCTYPE="OTHER" OTHERLOCTYPE="FILE" ns2:type="simple" ns2:href="alto/Hebrewbooks_org_36655 (1)-45.xml"/>
                </ns3:file>
                <ns3:file ID="ALTO_46" SEQ="46" MIMETYPE="application/xml" CREATED="2019-04-27T12:40:39.000+02:00" CHECKSUM="" CHECKSUMTYPE="MD5">
                    <ns3:FLocat LOCTYPE="OTHER" OTHERLOCTYPE="FILE" ns2:type="simple" ns2:href="alto/Hebrewbooks_org_36655 (1)-46.xml"/>
                </ns3:file>
                <ns3:file ID="ALTO_47" SEQ="47" MIMETYPE="application/xml" CREATED="2019-04-27T12:40:39.000+02:00" CHECKSUM="" CHECKSUMTYPE="MD5">
                    <ns3:FLocat LOCTYPE="OTHER" OTHERLOCTYPE="FILE" ns2:type="simple" ns2:href="alto/Hebrewbooks_org_36655 (1)-47.xml"/>
                </ns3:file>
                <ns3:file ID="ALTO_48" SEQ="48" MIMETYPE="application/xml" CREATED="2019-04-27T12:40:39.000+02:00" CHECKSUM="" CHECKSUMTYPE="MD5">
                    <ns3:FLocat LOCTYPE="OTHER" OTHERLOCTYPE="FILE" ns2:type="simple" ns2:href="alto/Hebrewbooks_org_36655 (1)-48.xml"/>
                </ns3:file>
                <ns3:file ID="ALTO_49" SEQ="49" MIMETYPE="application/xml" CREATED="2019-04-27T12:40:39.000+02:00" CHECKSUM="" CHECKSUMTYPE="MD5">
                    <ns3:FLocat LOCTYPE="OTHER" OTHERLOCTYPE="FILE" ns2:type="simple" ns2:href="alto/Hebrewbooks_org_36655 (1)-49.xml"/>
                </ns3:file>
                <ns3:file ID="ALTO_50" SEQ="50" MIMETYPE="application/xml" CREATED="2019-04-27T12:40:39.000+02:00" CHECKSUM="" CHECKSUMTYPE="MD5">
                    <ns3:FLocat LOCTYPE="OTHER" OTHERLOCTYPE="FILE" ns2:type="simple" ns2:href="alto/Hebrewbooks_org_36655 (1)-50.xml"/>
                </ns3:file>
            </ns3:fileGrp>
        </ns3:fileGrp>
    </ns3:fileSec>
    <ns3:structMap ID="TRP_STRUCTMAP" TYPE="MANUSCRIPT">
        <ns3:div ID="TRP_DOC_DIV" ADMID="MD_ORIG">
            <ns3:div ID="PAGE_1" ORDER="1" TYPE="SINGLE_PAGE">
                <ns3:fptr>
                    <ns3:area FILEID="IMG_1"/>
                </ns3:fptr>
                <ns3:fptr>
                    <ns3:area FILEID="PAGEXML_1"/>
                </ns3:fptr>
                <ns3:fptr>
                    <ns3:area FILEID="ALTO_1"/>
                </ns3:fptr>
            </ns3:div>
            <ns3:div ID="PAGE_2" ORDER="2" TYPE="SINGLE_PAGE">
                <ns3:fptr>
                    <ns3:area FILEID="IMG_2"/>
                </ns3:fptr>
                <ns3:fptr>
                    <ns3:area FILEID="PAGEXML_2"/>
                </ns3:fptr>
                <ns3:fptr>
                    <ns3:area FILEID="ALTO_2"/>
                </ns3:fptr>
            </ns3:div>
            <ns3:div ID="PAGE_3" ORDER="3" TYPE="SINGLE_PAGE">
                <ns3:fptr>
                    <ns3:area FILEID="IMG_3"/>
                </ns3:fptr>
                <ns3:fptr>
                    <ns3:area FILEID="PAGEXML_3"/>
                </ns3:fptr>
                <ns3:fptr>
                    <ns3:area FILEID="ALTO_3"/>
                </ns3:fptr>
            </ns3:div>
            <ns3:div ID="PAGE_4" ORDER="4" TYPE="SINGLE_PAGE">
                <ns3:fptr>
                    <ns3:area FILEID="IMG_4"/>
                </ns3:fptr>
                <ns3:fptr>
                    <ns3:area FILEID="PAGEXML_4"/>
                </ns3:fptr>
                <ns3:fptr>
                    <ns3:area FILEID="ALTO_4"/>
                </ns3:fptr>
            </ns3:div>
            <ns3:div ID="PAGE_5" ORDER="5" TYPE="SINGLE_PAGE">
                <ns3:fptr>
                    <ns3:area FILEID="IMG_5"/>
                </ns3:fptr>
                <ns3:fptr>
                    <ns3:area FILEID="PAGEXML_5"/>
                </ns3:fptr>
                <ns3:fptr>
                    <ns3:area FILEID="ALTO_5"/>
                </ns3:fptr>
            </ns3:div>
            <ns3:div ID="PAGE_6" ORDER="6" TYPE="SINGLE_PAGE">
                <ns3:fptr>
                    <ns3:area FILEID="IMG_6"/>
                </ns3:fptr>
                <ns3:fptr>
                    <ns3:area FILEID="PAGEXML_6"/>
                </ns3:fptr>
                <ns3:fptr>
                    <ns3:area FILEID="ALTO_6"/>
                </ns3:fptr>
            </ns3:div>
            <ns3:div ID="PAGE_7" ORDER="7" TYPE="SINGLE_PAGE">
                <ns3:fptr>
                    <ns3:area FILEID="IMG_7"/>
                </ns3:fptr>
                <ns3:fptr>
                    <ns3:area FILEID="PAGEXML_7"/>
                </ns3:fptr>
                <ns3:fptr>
                    <ns3:area FILEID="ALTO_7"/>
                </ns3:fptr>
            </ns3:div>
            <ns3:div ID="PAGE_8" ORDER="8" TYPE="SINGLE_PAGE">
                <ns3:fptr>
                    <ns3:area FILEID="IMG_8"/>
                </ns3:fptr>
                <ns3:fptr>
                    <ns3:area FILEID="PAGEXML_8"/>
                </ns3:fptr>
                <ns3:fptr>
                    <ns3:area FILEID="ALTO_8"/>
                </ns3:fptr>
            </ns3:div>
            <ns3:div ID="PAGE_9" ORDER="9" TYPE="SINGLE_PAGE">
                <ns3:fptr>
                    <ns3:area FILEID="IMG_9"/>
                </ns3:fptr>
                <ns3:fptr>
                    <ns3:area FILEID="PAGEXML_9"/>
                </ns3:fptr>
                <ns3:fptr>
                    <ns3:area FILEID="ALTO_9"/>
                </ns3:fptr>
            </ns3:div>
            <ns3:div ID="PAGE_10" ORDER="10" TYPE="SINGLE_PAGE">
                <ns3:fptr>
                    <ns3:area FILEID="IMG_10"/>
                </ns3:fptr>
                <ns3:fptr>
                    <ns3:area FILEID="PAGEXML_10"/>
                </ns3:fptr>
                <ns3:fptr>
                    <ns3:area FILEID="ALTO_10"/>
                </ns3:fptr>
            </ns3:div>
            <ns3:div ID="PAGE_11" ORDER="11" TYPE="SINGLE_PAGE">
                <ns3:fptr>
                    <ns3:area FILEID="IMG_11"/>
                </ns3:fptr>
                <ns3:fptr>
                    <ns3:area FILEID="PAGEXML_11"/>
                </ns3:fptr>
                <ns3:fptr>
                    <ns3:area FILEID="ALTO_11"/>
                </ns3:fptr>
            </ns3:div>
            <ns3:div ID="PAGE_12" ORDER="12" TYPE="SINGLE_PAGE">
                <ns3:fptr>
                    <ns3:area FILEID="IMG_12"/>
                </ns3:fptr>
                <ns3:fptr>
                    <ns3:area FILEID="PAGEXML_12"/>
                </ns3:fptr>
                <ns3:fptr>
                    <ns3:area FILEID="ALTO_12"/>
                </ns3:fptr>
            </ns3:div>
            <ns3:div ID="PAGE_13" ORDER="13" TYPE="SINGLE_PAGE">
                <ns3:fptr>
                    <ns3:area FILEID="IMG_13"/>
                </ns3:fptr>
                <ns3:fptr>
                    <ns3:area FILEID="PAGEXML_13"/>
                </ns3:fptr>
                <ns3:fptr>
                    <ns3:area FILEID="ALTO_13"/>
                </ns3:fptr>
            </ns3:div>
            <ns3:div ID="PAGE_14" ORDER="14" TYPE="SINGLE_PAGE">
                <ns3:fptr>
                    <ns3:area FILEID="IMG_14"/>
                </ns3:fptr>
                <ns3:fptr>
                    <ns3:area FILEID="PAGEXML_14"/>
                </ns3:fptr>
                <ns3:fptr>
                    <ns3:area FILEID="ALTO_14"/>
                </ns3:fptr>
            </ns3:div>
            <ns3:div ID="PAGE_15" ORDER="15" TYPE="SINGLE_PAGE">
                <ns3:fptr>
                    <ns3:area FILEID="IMG_15"/>
                </ns3:fptr>
                <ns3:fptr>
                    <ns3:area FILEID="PAGEXML_15"/>
                </ns3:fptr>
                <ns3:fptr>
                    <ns3:area FILEID="ALTO_15"/>
                </ns3:fptr>
            </ns3:div>
            <ns3:div ID="PAGE_16" ORDER="16" TYPE="SINGLE_PAGE">
                <ns3:fptr>
                    <ns3:area FILEID="IMG_16"/>
                </ns3:fptr>
                <ns3:fptr>
                    <ns3:area FILEID="PAGEXML_16"/>
                </ns3:fptr>
                <ns3:fptr>
                    <ns3:area FILEID="ALTO_16"/>
                </ns3:fptr>
            </ns3:div>
            <ns3:div ID="PAGE_17" ORDER="17" TYPE="SINGLE_PAGE">
                <ns3:fptr>
                    <ns3:area FILEID="IMG_17"/>
                </ns3:fptr>
                <ns3:fptr>
                    <ns3:area FILEID="PAGEXML_17"/>
                </ns3:fptr>
                <ns3:fptr>
                    <ns3:area FILEID="ALTO_17"/>
                </ns3:fptr>
            </ns3:div>
            <ns3:div ID="PAGE_18" ORDER="18" TYPE="SINGLE_PAGE">
                <ns3:fptr>
                    <ns3:area FILEID="IMG_18"/>
                </ns3:fptr>
                <ns3:fptr>
                    <ns3:area FILEID="PAGEXML_18"/>
                </ns3:fptr>
                <ns3:fptr>
                    <ns3:area FILEID="ALTO_18"/>
                </ns3:fptr>
            </ns3:div>
            <ns3:div ID="PAGE_19" ORDER="19" TYPE="SINGLE_PAGE">
                <ns3:fptr>
                    <ns3:area FILEID="IMG_19"/>
                </ns3:fptr>
                <ns3:fptr>
                    <ns3:area FILEID="PAGEXML_19"/>
                </ns3:fptr>
                <ns3:fptr>
                    <ns3:area FILEID="ALTO_19"/>
                </ns3:fptr>
            </ns3:div>
            <ns3:div ID="PAGE_20" ORDER="20" TYPE="SINGLE_PAGE">
                <ns3:fptr>
                    <ns3:area FILEID="IMG_20"/>
                </ns3:fptr>
                <ns3:fptr>
                    <ns3:area FILEID="PAGEXML_20"/>
                </ns3:fptr>
                <ns3:fptr>
                    <ns3:area FILEID="ALTO_20"/>
                </ns3:fptr>
            </ns3:div>
            <ns3:div ID="PAGE_21" ORDER="21" TYPE="SINGLE_PAGE">
                <ns3:fptr>
                    <ns3:area FILEID="IMG_21"/>
                </ns3:fptr>
                <ns3:fptr>
                    <ns3:area FILEID="PAGEXML_21"/>
                </ns3:fptr>
                <ns3:fptr>
                    <ns3:area FILEID="ALTO_21"/>
                </ns3:fptr>
            </ns3:div>
            <ns3:div ID="PAGE_22" ORDER="22" TYPE="SINGLE_PAGE">
                <ns3:fptr>
                    <ns3:area FILEID="IMG_22"/>
                </ns3:fptr>
                <ns3:fptr>
                    <ns3:area FILEID="PAGEXML_22"/>
                </ns3:fptr>
                <ns3:fptr>
                    <ns3:area FILEID="ALTO_22"/>
                </ns3:fptr>
            </ns3:div>
            <ns3:div ID="PAGE_23" ORDER="23" TYPE="SINGLE_PAGE">
                <ns3:fptr>
                    <ns3:area FILEID="IMG_23"/>
                </ns3:fptr>
                <ns3:fptr>
                    <ns3:area FILEID="PAGEXML_23"/>
                </ns3:fptr>
                <ns3:fptr>
                    <ns3:area FILEID="ALTO_23"/>
                </ns3:fptr>
            </ns3:div>
            <ns3:div ID="PAGE_24" ORDER="24" TYPE="SINGLE_PAGE">
                <ns3:fptr>
                    <ns3:area FILEID="IMG_24"/>
                </ns3:fptr>
                <ns3:fptr>
                    <ns3:area FILEID="PAGEXML_24"/>
                </ns3:fptr>
                <ns3:fptr>
                    <ns3:area FILEID="ALTO_24"/>
                </ns3:fptr>
            </ns3:div>
            <ns3:div ID="PAGE_25" ORDER="25" TYPE="SINGLE_PAGE">
                <ns3:fptr>
                    <ns3:area FILEID="IMG_25"/>
                </ns3:fptr>
                <ns3:fptr>
                    <ns3:area FILEID="PAGEXML_25"/>
                </ns3:fptr>
                <ns3:fptr>
                    <ns3:area FILEID="ALTO_25"/>
                </ns3:fptr>
            </ns3:div>
            <ns3:div ID="PAGE_26" ORDER="26" TYPE="SINGLE_PAGE">
                <ns3:fptr>
                    <ns3:area FILEID="IMG_26"/>
                </ns3:fptr>
                <ns3:fptr>
                    <ns3:area FILEID="PAGEXML_26"/>
                </ns3:fptr>
                <ns3:fptr>
                    <ns3:area FILEID="ALTO_26"/>
                </ns3:fptr>
            </ns3:div>
            <ns3:div ID="PAGE_27" ORDER="27" TYPE="SINGLE_PAGE">
                <ns3:fptr>
                    <ns3:area FILEID="IMG_27"/>
                </ns3:fptr>
                <ns3:fptr>
                    <ns3:area FILEID="PAGEXML_27"/>
                </ns3:fptr>
                <ns3:fptr>
                    <ns3:area FILEID="ALTO_27"/>
                </ns3:fptr>
            </ns3:div>
            <ns3:div ID="PAGE_28" ORDER="28" TYPE="SINGLE_PAGE">
                <ns3:fptr>
                    <ns3:area FILEID="IMG_28"/>
                </ns3:fptr>
                <ns3:fptr>
                    <ns3:area FILEID="PAGEXML_28"/>
                </ns3:fptr>
                <ns3:fptr>
                    <ns3:area FILEID="ALTO_28"/>
                </ns3:fptr>
            </ns3:div>
            <ns3:div ID="PAGE_29" ORDER="29" TYPE="SINGLE_PAGE">
                <ns3:fptr>
                    <ns3:area FILEID="IMG_29"/>
                </ns3:fptr>
                <ns3:fptr>
                    <ns3:area FILEID="PAGEXML_29"/>
                </ns3:fptr>
                <ns3:fptr>
                    <ns3:area FILEID="ALTO_29"/>
                </ns3:fptr>
            </ns3:div>
            <ns3:div ID="PAGE_30" ORDER="30" TYPE="SINGLE_PAGE">
                <ns3:fptr>
                    <ns3:area FILEID="IMG_30"/>
                </ns3:fptr>
                <ns3:fptr>
                    <ns3:area FILEID="PAGEXML_30"/>
                </ns3:fptr>
                <ns3:fptr>
                    <ns3:area FILEID="ALTO_30"/>
                </ns3:fptr>
            </ns3:div>
            <ns3:div ID="PAGE_31" ORDER="31" TYPE="SINGLE_PAGE">
                <ns3:fptr>
                    <ns3:area FILEID="IMG_31"/>
                </ns3:fptr>
                <ns3:fptr>
                    <ns3:area FILEID="PAGEXML_31"/>
                </ns3:fptr>
                <ns3:fptr>
                    <ns3:area FILEID="ALTO_31"/>
                </ns3:fptr>
            </ns3:div>
            <ns3:div ID="PAGE_32" ORDER="32" TYPE="SINGLE_PAGE">
                <ns3:fptr>
                    <ns3:area FILEID="IMG_32"/>
                </ns3:fptr>
                <ns3:fptr>
                    <ns3:area FILEID="PAGEXML_32"/>
                </ns3:fptr>
                <ns3:fptr>
                    <ns3:area FILEID="ALTO_32"/>
                </ns3:fptr>
            </ns3:div>
            <ns3:div ID="PAGE_33" ORDER="33" TYPE="SINGLE_PAGE">
                <ns3:fptr>
                    <ns3:area FILEID="IMG_33"/>
                </ns3:fptr>
                <ns3:fptr>
                    <ns3:area FILEID="PAGEXML_33"/>
                </ns3:fptr>
                <ns3:fptr>
                    <ns3:area FILEID="ALTO_33"/>
                </ns3:fptr>
            </ns3:div>
            <ns3:div ID="PAGE_34" ORDER="34" TYPE="SINGLE_PAGE">
                <ns3:fptr>
                    <ns3:area FILEID="IMG_34"/>
                </ns3:fptr>
                <ns3:fptr>
                    <ns3:area FILEID="PAGEXML_34"/>
                </ns3:fptr>
                <ns3:fptr>
                    <ns3:area FILEID="ALTO_34"/>
                </ns3:fptr>
            </ns3:div>
            <ns3:div ID="PAGE_35" ORDER="35" TYPE="SINGLE_PAGE">
                <ns3:fptr>
                    <ns3:area FILEID="IMG_35"/>
                </ns3:fptr>
                <ns3:fptr>
                    <ns3:area FILEID="PAGEXML_35"/>
                </ns3:fptr>
                <ns3:fptr>
                    <ns3:area FILEID="ALTO_35"/>
                </ns3:fptr>
            </ns3:div>
            <ns3:div ID="PAGE_36" ORDER="36" TYPE="SINGLE_PAGE">
                <ns3:fptr>
                    <ns3:area FILEID="IMG_36"/>
                </ns3:fptr>
                <ns3:fptr>
                    <ns3:area FILEID="PAGEXML_36"/>
                </ns3:fptr>
                <ns3:fptr>
                    <ns3:area FILEID="ALTO_36"/>
                </ns3:fptr>
            </ns3:div>
            <ns3:div ID="PAGE_37" ORDER="37" TYPE="SINGLE_PAGE">
                <ns3:fptr>
                    <ns3:area FILEID="IMG_37"/>
                </ns3:fptr>
                <ns3:fptr>
                    <ns3:area FILEID="PAGEXML_37"/>
                </ns3:fptr>
                <ns3:fptr>
                    <ns3:area FILEID="ALTO_37"/>
                </ns3:fptr>
            </ns3:div>
            <ns3:div ID="PAGE_38" ORDER="38" TYPE="SINGLE_PAGE">
                <ns3:fptr>
                    <ns3:area FILEID="IMG_38"/>
                </ns3:fptr>
                <ns3:fptr>
                    <ns3:area FILEID="PAGEXML_38"/>
                </ns3:fptr>
                <ns3:fptr>
                    <ns3:area FILEID="ALTO_38"/>
                </ns3:fptr>
            </ns3:div>
            <ns3:div ID="PAGE_39" ORDER="39" TYPE="SINGLE_PAGE">
                <ns3:fptr>
                    <ns3:area FILEID="IMG_39"/>
                </ns3:fptr>
                <ns3:fptr>
                    <ns3:area FILEID="PAGEXML_39"/>
                </ns3:fptr>
                <ns3:fptr>
                    <ns3:area FILEID="ALTO_39"/>
                </ns3:fptr>
            </ns3:div>
            <ns3:div ID="PAGE_40" ORDER="40" TYPE="SINGLE_PAGE">
                <ns3:fptr>
                    <ns3:area FILEID="IMG_40"/>
                </ns3:fptr>
                <ns3:fptr>
                    <ns3:area FILEID="PAGEXML_40"/>
                </ns3:fptr>
                <ns3:fptr>
                    <ns3:area FILEID="ALTO_40"/>
                </ns3:fptr>
            </ns3:div>
            <ns3:div ID="PAGE_41" ORDER="41" TYPE="SINGLE_PAGE">
                <ns3:fptr>
                    <ns3:area FILEID="IMG_41"/>
                </ns3:fptr>
                <ns3:fptr>
                    <ns3:area FILEID="PAGEXML_41"/>
                </ns3:fptr>
                <ns3:fptr>
                    <ns3:area FILEID="ALTO_41"/>
                </ns3:fptr>
            </ns3:div>
            <ns3:div ID="PAGE_42" ORDER="42" TYPE="SINGLE_PAGE">
                <ns3:fptr>
                    <ns3:area FILEID="IMG_42"/>
                </ns3:fptr>
                <ns3:fptr>
                    <ns3:area FILEID="PAGEXML_42"/>
                </ns3:fptr>
                <ns3:fptr>
                    <ns3:area FILEID="ALTO_42"/>
                </ns3:fptr>
            </ns3:div>
            <ns3:div ID="PAGE_43" ORDER="43" TYPE="SINGLE_PAGE">
                <ns3:fptr>
                    <ns3:area FILEID="IMG_43"/>
                </ns3:fptr>
                <ns3:fptr>
                    <ns3:area FILEID="PAGEXML_43"/>
                </ns3:fptr>
                <ns3:fptr>
                    <ns3:area FILEID="ALTO_43"/>
                </ns3:fptr>
            </ns3:div>
            <ns3:div ID="PAGE_44" ORDER="44" TYPE="SINGLE_PAGE">
                <ns3:fptr>
                    <ns3:area FILEID="IMG_44"/>
                </ns3:fptr>
                <ns3:fptr>
                    <ns3:area FILEID="PAGEXML_44"/>
                </ns3:fptr>
                <ns3:fptr>
                    <ns3:area FILEID="ALTO_44"/>
                </ns3:fptr>
            </ns3:div>
            <ns3:div ID="PAGE_45" ORDER="45" TYPE="SINGLE_PAGE">
                <ns3:fptr>
                    <ns3:area FILEID="IMG_45"/>
                </ns3:fptr>
                <ns3:fptr>
                    <ns3:area FILEID="PAGEXML_45"/>
                </ns3:fptr>
                <ns3:fptr>
                    <ns3:area FILEID="ALTO_45"/>
                </ns3:fptr>
            </ns3:div>
            <ns3:div ID="PAGE_46" ORDER="46" TYPE="SINGLE_PAGE">
                <ns3:fptr>
                    <ns3:area FILEID="IMG_46"/>
                </ns3:fptr>
                <ns3:fptr>
                    <ns3:area FILEID="PAGEXML_46"/>
                </ns3:fptr>
                <ns3:fptr>
                    <ns3:area FILEID="ALTO_46"/>
                </ns3:fptr>
            </ns3:div>
            <ns3:div ID="PAGE_47" ORDER="47" TYPE="SINGLE_PAGE">
                <ns3:fptr>
                    <ns3:area FILEID="IMG_47"/>
                </ns3:fptr>
                <ns3:fptr>
                    <ns3:area FILEID="PAGEXML_47"/>
                </ns3:fptr>
                <ns3:fptr>
                    <ns3:area FILEID="ALTO_47"/>
                </ns3:fptr>
            </ns3:div>
            <ns3:div ID="PAGE_48" ORDER="48" TYPE="SINGLE_PAGE">
                <ns3:fptr>
                    <ns3:area FILEID="IMG_48"/>
                </ns3:fptr>
                <ns3:fptr>
                    <ns3:area FILEID="PAGEXML_48"/>
                </ns3:fptr>
                <ns3:fptr>
                    <ns3:area FILEID="ALTO_48"/>
                </ns3:fptr>
            </ns3:div>
            <ns3:div ID="PAGE_49" ORDER="49" TYPE="SINGLE_PAGE">
                <ns3:fptr>
                    <ns3:area FILEID="IMG_49"/>
                </ns3:fptr>
                <ns3:fptr>
                    <ns3:area FILEID="PAGEXML_49"/>
                </ns3:fptr>
                <ns3:fptr>
                    <ns3:area FILEID="ALTO_49"/>
                </ns3:fptr>
            </ns3:div>
            <ns3:div ID="PAGE_50" ORDER="50" TYPE="SINGLE_PAGE">
                <ns3:fptr>
                    <ns3:area FILEID="IMG_50"/>
                </ns3:fptr>
                <ns3:fptr>
                    <ns3:area FILEID="PAGEXML_50"/>
                </ns3:fptr>
                <ns3:fptr>
                    <ns3:area FILEID="ALTO_50"/>
                </ns3:fptr>
            </ns3:div>
        </ns3:div>
    </ns3:structMap>
</ns3:mets>
